accession	organism_name	release_date	biosample	submitter	biosample_owner	bioproject_accessions	centers	resolved_countries	failure_stage
GCA_964197645.1	Abax parallelepipedus	2024-07-03	SAMEA112221950	WELLCOME SANGER INSTITUTE	EBI	PRJEB40665;PRJEB43510;PRJEB43745;PRJEB64082;PRJEB77062;PRJNA533106			no_sra_center
GCA_971864595.1	Abia aenea	2025-09-14	SAMEA111458738	WELLCOME SANGER INSTITUTE	EBI	PRJEB40665;PRJEB43510;PRJEB43745;PRJEB83533;PRJEB96146;PRJNA533106			no_sra_center
GCA_964212075.1	Abia candens	2024-08-03	SAMEA112964485	WELLCOME SANGER INSTITUTE	EBI	PRJEB40665;PRJEB43510;PRJEB43745;PRJEB66085;PRJEB78602;PRJNA533106			no_sra_center
GCA_963993115.1	Abramis brama	2024-03-16	SAMEA11296536	WELLCOME SANGER INSTITUTE	EBI	PRJEB107229;PRJEB40665;PRJEB43510;PRJEB43745;PRJEB71619;PRJEB73975;PRJNA489243;PRJNA533106			no_sra_center
GCA_976010855.1	Abraxas grossulariata	2025-10-26	SAMEA116348439	WELLCOME SANGER INSTITUTE	EBI	PRJEB40665;PRJEB43510;PRJEB43745;PRJEB71705;PRJEB92316;PRJEB96912;PRJNA533106			no_sra_center
GCA_964187985.1	Abraxas sylvata	2024-06-21	SAMEA112198460	WELLCOME SANGER INSTITUTE	EBI	PRJEB40665;PRJEB43510;PRJEB43745;PRJEB71224;PRJEB71705;PRJEB76706;PRJNA533106			no_sra_center
GCA_905340225.1	Abrostola tripartita	2021-03-25	SAMEA7520667	WELLCOME SANGER INSTITUTE	EBI	PRJEB40665;PRJEB43510;PRJEB43728;PRJEB43740;PRJEB43745;PRJEB71705;PRJNA533106			no_sra_center
GCA_946251915.1	Abrostola triplasia	2022-09-12	SAMEA10979163	WELLCOME SANGER INSTITUTE	EBI	PRJEB40665;PRJEB43510;PRJEB43745;PRJEB55021;PRJEB55438;PRJEB71705;PRJNA533106			no_sra_center
GCA_988323965.1	Acaena novae-zelandiae	2026-10-03	SAMEA116348540	WELLCOME SANGER INSTITUTE	EBI	PRJEB124337;PRJEB126504;PRJEB40665;PRJEB43510;PRJEB43745;PRJNA533106			no_sra_center
GCA_964197845.1	Acaena ovalifolia	2024-07-08	SAMEA114389510	WELLCOME SANGER INSTITUTE	EBI	PRJEB40665;PRJEB43510;PRJEB43745;PRJEB76845;PRJEB77270;PRJNA533106			no_sra_center
GCA_964197805.1	Acaena ovalifolia	2024-07-08	SAMEA114389510	WELLCOME SANGER INSTITUTE	EBI	PRJEB40665;PRJEB43510;PRJEB43745;PRJEB76845;PRJEB77271;PRJNA533106			no_sra_center
GCA_984573925.1	Acalles misellus	2026-06-15	SAMEA10978901	WELLCOME SANGER INSTITUTE	EBI	PRJEB113496;PRJEB40665;PRJEB43510;PRJEB43745;PRJEB83752;PRJNA533106			no_sra_center
GCA_988280675.1	Acanthis cabaret	2026-09-17	SAMEA117632798	WELLCOME SANGER INSTITUTE	EBI	PRJEB126633;PRJEB40665;PRJEB43510;PRJEB43745;PRJEB98762;PRJNA489243;PRJNA533106			no_sra_center
GCA_987194025.1	Acanthis flammea	2026-09-02	SAMEA120961001	WELLCOME SANGER INSTITUTE	EBI	PRJEB120905;PRJEB122681;PRJEB125134;PRJEB40665;PRJEB43510;PRJEB43745;PRJEB80366;PRJNA489243;PRJNA533106			no_sra_center
GCA_987193375.1	Acanthis flammea	2026-09-02	SAMEA120961001	WELLCOME SANGER INSTITUTE	EBI	PRJEB120905;PRJEB122680;PRJEB125134;PRJEB40665;PRJEB43510;PRJEB43745;PRJEB80366;PRJNA489243;PRJNA533106			no_sra_center
GCA_977930445.1	Acanthocardia echinata	2026-02-01	SAMEA8717441	WELLCOME SANGER INSTITUTE	EBI	PRJEB104552;PRJEB105275;PRJEB40665;PRJEB43510;PRJEB43745;PRJNA533106			no_sra_center
GCA_930367205.1	Acanthosoma haemorrhoidale	2022-02-13	SAMEA8563710	WELLCOME SANGER INSTITUTE	EBI	PRJEB40665;PRJEB43510;PRJEB43745;PRJEB47321;PRJEB50843;PRJNA533106			no_sra_center
GCA_965285885.1	Acasis viretata	2025-06-07	SAMEA10979125	WELLCOME SANGER INSTITUTE	EBI	PRJEB40665;PRJEB43510;PRJEB43745;PRJEB71292;PRJEB71705;PRJEB89756;PRJNA533106			no_sra_center
GCA_978019815.1	Accipiter nisus	2026-02-01	SAMEA114594454	WELLCOME SANGER INSTITUTE	EBI	PRJEB106394;PRJEB40665;PRJEB43510;PRJEB43745;PRJEB80343;PRJNA489243;PRJNA533106			no_sra_center
GCA_978019825.1	Accipiter nisus	2026-02-01	SAMEA114594454	WELLCOME SANGER INSTITUTE	EBI	PRJEB106395;PRJEB40665;PRJEB43510;PRJEB43745;PRJEB80343;PRJNA489243;PRJNA533106			no_sra_center
GCA_943193645.1	Acentria ephemerella	2022-06-10	SAMEA10978991	WELLCOME SANGER INSTITUTE	EBI	PRJEB40665;PRJEB43510;PRJEB43745;PRJEB52477;PRJEB53002;PRJEB71705;PRJNA533106			no_sra_center
GCA_954870605.1	Acer campestre	2023-07-14	SAMEA7522523	WELLCOME SANGER INSTITUTE	EBI	PRJEB40665;PRJEB43510;PRJEB43745;PRJEB57270;PRJEB63240;PRJNA533106			no_sra_center
GCA_985198385.1	Acer monspessulanum	2026-07-04	SAMEA120793075	WELLCOME SANGER INSTITUTE	EBI	PRJEB114355;PRJEB114758;PRJEB125134;PRJEB40665;PRJEB43510;PRJEB43745;PRJEB80366;PRJNA533106			no_sra_center
GCA_984577415.1	Acer pseudoplatanus	2026-06-17	SAMEA9143099	WELLCOME SANGER INSTITUTE	EBI	PRJEB112990;PRJEB113656;PRJEB125134;PRJEB40665;PRJEB43510;PRJEB43745;PRJEB80366;PRJNA533106			no_sra_center
GCA_979321995.1	Acericerus heydenii	2026-02-27	SAMEA114644417	WELLCOME SANGER INSTITUTE	EBI	PRJEB103038;PRJEB108042;PRJEB40665;PRJEB43510;PRJEB43745;PRJNA533106			no_sra_center
GCA_977930425.1	Achaius oratorius	2026-02-01	SAMEA113425627	WELLCOME SANGER INSTITUTE	EBI	PRJEB105270;PRJEB40665;PRJEB43510;PRJEB43745;PRJEB85188;PRJNA533106			no_sra_center
GCA_984799115.1	Achillea maritima	2026-06-26	SAMEA114563207	WELLCOME SANGER INSTITUTE	EBI	PRJEB113201;PRJEB114402;PRJEB40665;PRJEB43510;PRJEB43745;PRJNA533106			no_sra_center
GCA_984799125.1	Achillea maritima	2026-06-26	SAMEA114563207	WELLCOME SANGER INSTITUTE	EBI	PRJEB113201;PRJEB114403;PRJEB40665;PRJEB43510;PRJEB43745;PRJNA533106			no_sra_center
GCA_982375345.1	Achillea ptarmica	2026-04-04	SAMEA11478494	WELLCOME SANGER INSTITUTE	EBI	PRJEB110139;PRJEB111054;PRJEB125134;PRJEB40665;PRJEB43510;PRJEB43745;PRJEB80366;PRJNA533106			no_sra_center
GCA_947623365.1	Achlya flavicornis	2022-12-19	SAMEA110451568	WELLCOME SANGER INSTITUTE	EBI	PRJEB40665;PRJEB43510;PRJEB43745;PRJEB56908;PRJEB58322;PRJEB71705;PRJNA533106			no_sra_center
GCA_949317995.1	Acholoe squamosa	2023-04-04	SAMEA13854387	WELLCOME SANGER INSTITUTE	EBI	PRJEB40665;PRJEB43510;PRJEB43745;PRJEB59386;PRJEB60118;PRJNA533106			no_sra_center
GCA_986269915.1	Achroia grisella	2026-07-05	SAMEA118280362	WELLCOME SANGER INSTITUTE	EBI	PRJEB114591;PRJEB115629;PRJEB40665;PRJEB43510;PRJEB43745;PRJEB71705;PRJNA533106			no_sra_center
GCA_976940545.1	Acidia cognata	2025-10-25	SAMEA112232785	WELLCOME SANGER INSTITUTE	EBI	PRJEB40665;PRJEB43510;PRJEB43745;PRJEB77505;PRJEB96945;PRJNA533106			no_sra_center
GCA_948252455.1	Acleris cristana	2023-01-18	SAMEA8603216	WELLCOME SANGER INSTITUTE	EBI	PRJEB40665;PRJEB43510;PRJEB43745;PRJEB58659;PRJEB58976;PRJEB71705;PRJNA533106			no_sra_center
GCA_927399475.2	Acleris emargana	2022-10-25	SAMEA7746613	WELLCOME SANGER INSTITUTE	EBI	PRJEB40665;PRJEB43510;PRJEB43745;PRJEB48047;PRJEB49998;PRJEB71705;PRJNA533106			no_sra_center
GCA_964656575.1	Acleris ferrugana	2025-01-02	SAMEA113425835	WELLCOME SANGER INSTITUTE	EBI	PRJEB40665;PRJEB43510;PRJEB43745;PRJEB71705;PRJEB76341;PRJEB83557;PRJNA533106			no_sra_center
GCA_977902025.1	Acleris hastiana	2026-02-01	SAMEA117574112	WELLCOME SANGER INSTITUTE	EBI	PRJEB105056;PRJEB40665;PRJEB43510;PRJEB43745;PRJEB71705;PRJEB97552;PRJNA533106			no_sra_center
GCA_949316455.1	Acleris holmiana	2023-04-08	SAMEA7701499	WELLCOME SANGER INSTITUTE	EBI	PRJEB40665;PRJEB43510;PRJEB43745;PRJEB58938;PRJEB60125;PRJEB71705;PRJNA533106			no_sra_center
GCA_965194575.1	Acleris hyemana	2025-03-10	SAMEA114805668	WELLCOME SANGER INSTITUTE	EBI	PRJEB40665;PRJEB43510;PRJEB43745;PRJEB71705;PRJEB85010;PRJEB86444;PRJNA533106			no_sra_center
GCA_963966035.1	Acleris laterana	2024-02-11	SAMEA113425659	WELLCOME SANGER INSTITUTE	EBI	PRJEB40665;PRJEB43510;PRJEB43745;PRJEB70633;PRJEB71705;PRJEB72510;PRJNA533106			no_sra_center
GCA_946894065.1	Acleris literana	2022-09-22	SAMEA10978974	WELLCOME SANGER INSTITUTE	EBI	PRJEB40665;PRJEB43510;PRJEB43745;PRJEB55019;PRJEB56016;PRJEB71705;PRJNA533106			no_sra_center
GCA_964340485.1	Acleris logiana	2024-11-17	SAMEA115574935	WELLCOME SANGER INSTITUTE	European Bioinformatics Institute	PRJEB40665;PRJEB43510;PRJEB43745;PRJEB71705;PRJEB81644;PRJEB82519;PRJNA533106			no_sra_center
GCA_980249045.1	Acleris lorquiniana	2026-02-20	SAMEA116354093	WELLCOME SANGER INSTITUTE	EBI	PRJEB106005;PRJEB108300;PRJEB40665;PRJEB43510;PRJEB43745;PRJEB71705;PRJNA533106			no_sra_center
GCA_923062465.1	Acleris sparsana	2021-12-19	SAMEA8603209	WELLCOME SANGER INSTITUTE	EBI	PRJEB40665;PRJEB43510;PRJEB43745;PRJEB47322;PRJEB49397;PRJEB71705;PRJNA533106			no_sra_center
GCA_964330255.1	Acleris umbrana	2024-11-07	SAMEA115575003	WELLCOME SANGER INSTITUTE	European Bioinformatics Institute	PRJEB40665;PRJEB43510;PRJEB43745;PRJEB71705;PRJEB81646;PRJEB82112;PRJNA533106			no_sra_center
GCA_975143605.1	Acompsia cinerella	2025-10-09	SAMEA117575277	WELLCOME SANGER INSTITUTE	EBI	PRJEB40665;PRJEB43510;PRJEB43745;PRJEB71705;PRJEB92292;PRJEB96812;PRJNA533106			no_sra_center
GCA_986341755.1	Acompsia schmidtiellus	2026-08-22	SAMEA118280135	WELLCOME SANGER INSTITUTE	EBI	PRJEB114593;PRJEB115803;PRJEB40665;PRJEB43510;PRJEB43745;PRJEB71705;PRJNA533106			no_sra_center
GCA_963555685.1	Acrobasis consociella	2023-10-05	SAMEA7701461	WELLCOME SANGER INSTITUTE	EBI	PRJEB40665;PRJEB43510;PRJEB43745;PRJEB65197;PRJEB66506;PRJEB71705;PRJNA533106			no_sra_center
GCA_963576875.1	Acrobasis repandana	2023-11-04	SAMEA7701484	WELLCOME SANGER INSTITUTE	EBI	PRJEB40665;PRJEB43510;PRJEB43745;PRJEB65199;PRJEB68060;PRJEB71705;PRJNA533106			no_sra_center
GCA_943193695.1	Acrobasis suavella	2022-06-10	SAMEA10979088	WELLCOME SANGER INSTITUTE	EBI	PRJEB40665;PRJEB43510;PRJEB43745;PRJEB52024;PRJEB53008;PRJEB71705;PRJNA533106			no_sra_center
GCA_976988715.1	Acrobasis tumidana	2025-11-07	SAMEA118260445	WELLCOME SANGER INSTITUTE	EBI	PRJEB40665;PRJEB43510;PRJEB43745;PRJEB71705;PRJEB98344;PRJEB98805;PRJNA533106			no_sra_center
GCA_987194055.1	Acrocephalus schoenobaenus	2026-09-08	SAMEA118680470	WELLCOME SANGER INSTITUTE	EBI	PRJEB111415;PRJEB122683;PRJEB40665;PRJEB43510;PRJEB43745;PRJNA489243;PRJNA533106			no_sra_center
GCA_947359355.1	Acrocera orbiculus	2022-12-03	SAMEA7701562	WELLCOME SANGER INSTITUTE	EBI	PRJEB40665;PRJEB43510;PRJEB43745;PRJEB55974;PRJEB57603;PRJNA533106			no_sra_center
GCA_973358045.1	Acrocnida brachiata	2025-10-26	SAMEA110450099	WELLCOME SANGER INSTITUTE	EBI	PRJEB40665;PRJEB43510;PRJEB43745;PRJEB80827;PRJEB96432;PRJNA533106			no_sra_center
GCA_986708575.1	Acrodactyla quadrisculpta	2026-08-28	SAMEA118540033	WELLCOME SANGER INSTITUTE	EBI	PRJEB114625;PRJEB120936;PRJEB40665;PRJEB43510;PRJEB43745;PRJNA533106			no_sra_center
GCA_985198475.1	Acromegalomma vesiculosum	2026-07-04	SAMEA110449626	WELLCOME SANGER INSTITUTE	EBI	PRJEB112642;PRJEB114790;PRJEB40665;PRJEB43510;PRJEB43745;PRJNA533106			no_sra_center
GCA_910591435.1	Acronicta aceris	2021-07-06	SAMEA7701532	WELLCOME SANGER INSTITUTE	EBI	PRJEB40665;PRJEB43510;PRJEB43745;PRJEB45197;PRJEB45450;PRJEB71705;PRJNA533106			no_sra_center
GCA_977901945.1	Acronicta albovenosa	2026-01-18	SAMEA116117166	WELLCOME SANGER INSTITUTE	EBI	PRJEB102945;PRJEB105059;PRJEB40665;PRJEB43510;PRJEB43745;PRJEB71705;PRJNA533106			no_sra_center
GCA_964056405.1	Acronicta alni	2024-05-16	SAMEA10979164	WELLCOME SANGER INSTITUTE	EBI	PRJEB40665;PRJEB43510;PRJEB43745;PRJEB71705;PRJEB74577;PRJEB75681;PRJNA533106			no_sra_center
GCA_947256265.1	Acronicta leporina	2022-11-05	SAMEA10979192	WELLCOME SANGER INSTITUTE	EBI	PRJEB40665;PRJEB43510;PRJEB43745;PRJEB56406;PRJEB57243;PRJEB71705;PRJNA533106			no_sra_center
GCA_978021505.1	Acronicta megacephala	2026-01-25	SAMEA116117459	WELLCOME SANGER INSTITUTE	EBI	PRJEB106007;PRJEB106587;PRJEB40665;PRJEB43510;PRJEB43745;PRJEB71705;PRJNA533106			no_sra_center
GCA_946251955.1	Acronicta psi	2022-09-12	SAMEA11025022	WELLCOME SANGER INSTITUTE	EBI	PRJEB40665;PRJEB43510;PRJEB43745;PRJEB55133;PRJEB55458;PRJEB71705;PRJNA533106			no_sra_center
GCA_965234005.1	Acronicta rumicis	2025-04-06	SAMEA111458015	WELLCOME SANGER INSTITUTE	EBI	PRJEB40665;PRJEB43510;PRJEB43745;PRJEB71705;PRJEB86626;PRJEB87982;PRJNA533106			no_sra_center
GCA_986269785.1	Acronicta strigosa	2026-07-05	SAMEA120504110	WELLCOME SANGER INSTITUTE	EBI	PRJEB114855;PRJEB115633;PRJEB40665;PRJEB43510;PRJEB43745;PRJEB71705;PRJNA533106			no_sra_center
GCA_982374685.1	Acrosathe annulata	2026-04-04	SAMEA112221825	WELLCOME SANGER INSTITUTE	EBI	PRJEB103899;PRJEB110944;PRJEB40665;PRJEB43510;PRJEB43745;PRJNA533106			no_sra_center
GCA_964234755.1	Actenicerus siaelandicus	2024-08-31	SAMEA112964361	WELLCOME SANGER INSTITUTE	EBI	PRJEB40665;PRJEB43510;PRJEB43745;PRJEB77636;PRJEB79055;PRJNA533106			no_sra_center
GCA_977071005.1	Acupalpus dubius	2025-11-29	SAMEA112232659	WELLCOME SANGER INSTITUTE	EBI	PRJEB104223;PRJEB40665;PRJEB43510;PRJEB43745;PRJEB79529;PRJNA533106			no_sra_center
GCA_981690485.1	Acupalpus parvulus	2026-03-02	SAMEA118540640	WELLCOME SANGER INSTITUTE	EBI	PRJEB103867;PRJEB108865;PRJEB40665;PRJEB43510;PRJEB43745;PRJNA533106			no_sra_center
GCA_977927425.1	Adaina microdactyla	2026-02-01	SAMEA118540148	WELLCOME SANGER INSTITUTE	EBI	PRJEB101165;PRJEB105154;PRJEB40665;PRJEB43510;PRJEB43745;PRJEB71705;PRJNA533106			no_sra_center
GCA_910592335.1	Adalia bipunctata	2021-07-07	SAMEA9089055	WELLCOME SANGER INSTITUTE	EBI	PRJEB107229;PRJEB40665;PRJEB43510;PRJEB43745;PRJEB45127;PRJEB45686;PRJNA533106			no_sra_center
GCA_951802165.1	Adalia decempunctata	2023-05-27	SAMEA10107051	WELLCOME SANGER INSTITUTE	EBI	PRJEB40665;PRJEB43510;PRJEB43745;PRJEB61609;PRJEB62627;PRJNA533106			no_sra_center
GCA_977019175.1	Adela cuprella	2025-11-07	SAMEA117574215	WELLCOME SANGER INSTITUTE	EBI	PRJEB102237;PRJEB40665;PRJEB43510;PRJEB43745;PRJEB71705;PRJEB98956;PRJNA533106			no_sra_center
GCA_987274755.1	Adela reaumurella	2026-09-03	SAMEA9359410	WELLCOME SANGER INSTITUTE	EBI	PRJEB121368;PRJEB123347;PRJEB40665;PRJEB43510;PRJEB43745;PRJEB71705;PRJNA533106			no_sra_center
GCA_987274765.1	Adela reaumurella	2026-09-08	SAMEA9359410	WELLCOME SANGER INSTITUTE	EBI	PRJEB121368;PRJEB123348;PRJEB40665;PRJEB43510;PRJEB43745;PRJEB71705;PRJNA533106			no_sra_center
GCA_978045095.1	Adicella reducta	2026-02-05	SAMEA118281102	WELLCOME SANGER INSTITUTE	EBI	PRJEB106003;PRJEB106921;PRJEB40665;PRJEB43510;PRJEB43745;PRJNA533106			no_sra_center
GCA_964200825.2	Adonis annua	2025-03-08	SAMEA14449830	WELLCOME SANGER INSTITUTE	EBI	PRJEB40665;PRJEB43510;PRJEB43745;PRJEB74269;PRJEB77919;PRJNA533106			no_sra_center
GCA_964275185.1	Adscita geryon	2024-10-28	SAMEA114805667	WELLCOME SANGER INSTITUTE	EBI	PRJEB40665;PRJEB43510;PRJEB43745;PRJEB71705;PRJEB78782;PRJEB81122;PRJNA533106			no_sra_center
GCA_978045345.1	Aegialia arenaria	2026-03-01	SAMEA118559706	WELLCOME SANGER INSTITUTE	EBI	PRJEB104966;PRJEB106972;PRJEB40665;PRJEB43510;PRJEB43745;PRJNA533106			no_sra_center
GCA_977066295.1	Aegithalos caudatus	2025-11-28	SAMEA114464538	WELLCOME SANGER INSTITUTE	EBI	PRJEB103975;PRJEB40665;PRJEB43510;PRJEB43745;PRJEB96974;PRJNA489243;PRJNA533106			no_sra_center
GCA_911387785.2	Aelia acuminata	2022-02-09	SAMEA7520338	WELLCOME SANGER INSTITUTE	EBI	PRJEB40665;PRJEB43510;PRJEB43745;PRJEB45203;PRJEB46426;PRJNA533106			no_sra_center
GCA_965199115.1	Aesculus hippocastanum	2025-03-13	SAMEA10241428	WELLCOME SANGER INSTITUTE	EBI	PRJEB40665;PRJEB43510;PRJEB43745;PRJEB85396;PRJEB86818;PRJNA533106			no_sra_center
GCA_977065675.1	Aeshna juncea	2026-02-01	SAMEA12997838	WELLCOME SANGER INSTITUTE	EBI	PRJEB103852;PRJEB40665;PRJEB43510;PRJEB43745;PRJEB70647;PRJNA533106			no_sra_center
GCA_983139185.1	Aethecerus discolor	2026-06-15	SAMEA115574602	WELLCOME SANGER INSTITUTE	EBI	PRJEB111290;PRJEB112388;PRJEB40665;PRJEB43510;PRJEB43745;PRJNA533106			no_sra_center
GCA_987195625.1	Aethes beatricella	2026-09-03	SAMEA117491993	WELLCOME SANGER INSTITUTE	EBI	PRJEB122790;PRJEB40665;PRJEB43510;PRJEB43745;PRJEB71705;PRJEB96580;PRJNA533106			no_sra_center
GCA_963971205.1	Aethes cnicana	2024-03-04	SAMEA112198525	WELLCOME SANGER INSTITUTE	EBI	PRJEB40665;PRJEB43510;PRJEB43745;PRJEB68256;PRJEB71705;PRJEB73489;PRJNA533106			no_sra_center
GCA_988143695.1	Aethes francillana	2026-09-09	SAMEA118768138	WELLCOME SANGER INSTITUTE	EBI	PRJEB115841;PRJEB124124;PRJEB40665;PRJEB43510;PRJEB43745;PRJEB71705;PRJNA533106			no_sra_center
GCA_986449185.1	Aethes hartmanniana	2026-08-20	SAMEA118768235	WELLCOME SANGER INSTITUTE	EBI	PRJEB114595;PRJEB116030;PRJEB40665;PRJEB43510;PRJEB43745;PRJEB71705;PRJNA533106			no_sra_center
GCA_977112605.1	Aethes rubigana	2026-01-18	SAMEA118280421	WELLCOME SANGER INSTITUTE	EBI	PRJEB102929;PRJEB104617;PRJEB40665;PRJEB43510;PRJEB43745;PRJEB71705;PRJNA533106			no_sra_center
GCA_971880295.1	Aethes rutilana	2025-09-14	SAMEA115574959	WELLCOME SANGER INSTITUTE	European Bioinformatics Institute	PRJEB40665;PRJEB43510;PRJEB43745;PRJEB71705;PRJEB92294;PRJEB96104;PRJNA533106			no_sra_center
GCA_965285805.1	Aethes smeathmanniana	2025-06-07	SAMEA116129991	WELLCOME SANGER INSTITUTE	EBI	PRJEB40665;PRJEB43510;PRJEB43745;PRJEB71705;PRJEB89306;PRJEB89760;PRJNA533106			no_sra_center
GCA_965285855.1	Aethes smeathmanniana	2025-06-07	SAMEA116129991	WELLCOME SANGER INSTITUTE	EBI	PRJEB40665;PRJEB43510;PRJEB43745;PRJEB71705;PRJEB89306;PRJEB89761;PRJNA533106			no_sra_center
GCA_964270645.1	Aethes tesserana	2024-09-29	SAMEA114805586	WELLCOME SANGER INSTITUTE	EBI	PRJEB40665;PRJEB43510;PRJEB43745;PRJEB71705;PRJEB79700;PRJEB80601;PRJNA533106			no_sra_center
GCA_986884875.1	Aethusa cynapium	2026-09-01	SAMEA114563341	WELLCOME SANGER INSTITUTE	EBI	PRJEB112649;PRJEB121000;PRJEB125134;PRJEB40665;PRJEB43510;PRJEB43745;PRJEB80366;PRJNA533106			no_sra_center
GCA_965178395.1	Agapeta hamana	2025-03-03	SAMEA115163587	WELLCOME SANGER INSTITUTE	EBI	PRJEB40665;PRJEB43510;PRJEB43745;PRJEB71705;PRJEB85368;PRJEB86224;PRJNA533106			no_sra_center
GCA_965178135.1	Agapeta hamana	2025-03-03	SAMEA115163587	WELLCOME SANGER INSTITUTE	EBI	PRJEB40665;PRJEB43510;PRJEB43745;PRJEB71705;PRJEB85368;PRJEB86223;PRJNA533106			no_sra_center
GCA_964188265.1	Agapeta zoegana	2024-06-21	SAMEA111458171	WELLCOME SANGER INSTITUTE	EBI	PRJEB40665;PRJEB43510;PRJEB43745;PRJEB71705;PRJEB75633;PRJEB76709;PRJNA533106			no_sra_center
GCA_951799405.1	Agapetus fuscipes	2023-05-27	SAMEA7521016	WELLCOME SANGER INSTITUTE	EBI	PRJEB40665;PRJEB43510;PRJEB43745;PRJEB59199;PRJEB62530;PRJNA533106			no_sra_center
GCA_988293565.1	Agapornis nigrigenis	2026-10-01	SAMEA118680493	WELLCOME SANGER INSTITUTE	EBI	PRJEB123073;PRJEB127411;PRJEB40665;PRJEB43510;PRJEB43745;PRJNA489243;PRJNA533106			no_sra_center
GCA_988293145.1	Agapornis nigrigenis	2026-10-01	SAMEA118680493	WELLCOME SANGER INSTITUTE	EBI	PRJEB123073;PRJEB127410;PRJEB40665;PRJEB43510;PRJEB43745;PRJNA489243;PRJNA533106			no_sra_center
GCA_943193715.1	Agaricus bisporus	2022-05-24	SAMEA8562043	WELLCOME SANGER INSTITUTE	EBI	PRJEB40665;PRJEB43510;PRJEB43745;PRJEB52215;PRJEB53009;PRJNA533106			no_sra_center
GCA_987566535.1	Agaricus langei	2026-09-02	SAMEA113940634	WELLCOME SANGER INSTITUTE	EBI	PRJEB114359;PRJEB123832;PRJEB40665;PRJEB43510;PRJEB43745;PRJNA533106			no_sra_center
GCA_950111635.2	Agelastica alni	2024-06-03	SAMEA14448393	WELLCOME SANGER INSTITUTE	EBI	PRJEB40665;PRJEB43510;PRJEB43745;PRJEB60008;PRJEB61673;PRJNA533106			no_sra_center
GCA_977927375.1	Agnoea josephinae	2026-02-01	SAMEA117491989	WELLCOME SANGER INSTITUTE	EBI	PRJEB100921;PRJEB105156;PRJEB40665;PRJEB43510;PRJEB43745;PRJEB71705;PRJNA533106			no_sra_center
GCA_978851125.1	Agnoea subochreella	2026-02-26	SAMEA118559378	WELLCOME SANGER INSTITUTE	EBI	PRJEB101167;PRJEB107690;PRJEB40665;PRJEB43510;PRJEB43745;PRJEB71705;PRJNA533106			no_sra_center
GCA_975146945.1	Agonopterix alstromeriana	2025-10-14	SAMEA115128745	WELLCOME SANGER INSTITUTE	EBI	PRJEB40665;PRJEB43510;PRJEB43745;PRJEB71617;PRJEB71705;PRJEB96815;PRJNA533106			no_sra_center
GCA_963924505.1	Agonopterix alstromeriana	2024-01-29	SAMEA9359456	WELLCOME SANGER INSTITUTE	EBI	PRJEB40665;PRJEB43510;PRJEB43745;PRJEB71617;PRJEB71705;PRJEB72085;PRJNA533106			no_sra_center
GCA_927399405.1	Agonopterix arenella	2022-02-03	SAMEA8603192	WELLCOME SANGER INSTITUTE	EBI	PRJEB40665;PRJEB43510;PRJEB43745;PRJEB47542;PRJEB50001;PRJEB71705;PRJNA533106			no_sra_center
GCA_986172685.1	Agonopterix atomella	2026-07-03	SAMEA118768433	WELLCOME SANGER INSTITUTE	EBI	PRJEB114597;PRJEB115225;PRJEB40665;PRJEB43510;PRJEB43745;PRJEB71705;PRJNA533106			no_sra_center
GCA_983533275.1	Agonopterix ciliella	2026-06-06	SAMEA118768092	WELLCOME SANGER INSTITUTE	EBI	PRJEB112318;PRJEB112750;PRJEB40665;PRJEB43510;PRJEB43745;PRJEB71705;PRJNA533106			no_sra_center
GCA_963693445.1	Agonopterix heracliana	2023-12-06	SAMEA7701514	WELLCOME SANGER INSTITUTE	EBI	PRJEB40665;PRJEB43510;PRJEB43745;PRJEB65231;PRJEB70814;PRJEB71705;PRJNA533106			no_sra_center
GCA_977969875.1	Agonopterix kaekeritziana	2026-01-18	SAMEA118559630	WELLCOME SANGER INSTITUTE	EBI	PRJEB103890;PRJEB105568;PRJEB40665;PRJEB43510;PRJEB43745;PRJEB71705;PRJNA533106			no_sra_center
GCA_986280895.1	Agonopterix nanatella	2026-08-24	SAMEA118768565	WELLCOME SANGER INSTITUTE	EBI	PRJEB114599;PRJEB115756;PRJEB40665;PRJEB43510;PRJEB43745;PRJEB71705;PRJNA533106			no_sra_center
GCA_977902055.1	Agonopterix nervosa	2026-01-18	SAMEA118257041	WELLCOME SANGER INSTITUTE	EBI	PRJEB103889;PRJEB105057;PRJEB40665;PRJEB43510;PRJEB43745;PRJEB71705;PRJNA533106			no_sra_center
GCA_977964115.1	Agonopterix propinquella	2026-01-18	SAMEA118280113	WELLCOME SANGER INSTITUTE	EBI	PRJEB103891;PRJEB105349;PRJEB40665;PRJEB43510;PRJEB43745;PRJEB71705;PRJNA533106			no_sra_center
GCA_922987775.1	Agonopterix subpropinquella	2021-12-19	SAMEA7746629	WELLCOME SANGER INSTITUTE	EBI	PRJEB40665;PRJEB43510;PRJEB43745;PRJEB47465;PRJEB49378;PRJEB71705;PRJNA533106			no_sra_center
GCA_947534325.1	Agonum fuliginosum	2022-12-07	SAMEA8603240	WELLCOME SANGER INSTITUTE	EBI	PRJEB40665;PRJEB43510;PRJEB43745;PRJEB56366;PRJEB58062;PRJNA533106			no_sra_center
GCA_982290465.1	Agonum gracile	2026-03-17	SAMEA118280360	WELLCOME SANGER INSTITUTE	EBI	PRJEB103878;PRJEB109968;PRJEB40665;PRJEB43510;PRJEB43745;PRJNA533106			no_sra_center
GCA_987309065.1	Agonum muelleri	2026-09-08	SAMEA118559689	WELLCOME SANGER INSTITUTE	EBI	PRJEB112946;PRJEB123335;PRJEB40665;PRJEB43510;PRJEB43745;PRJNA533106			no_sra_center
GCA_982345065.1	Agonum thoreyi	2026-03-25	SAMEA118559591	WELLCOME SANGER INSTITUTE	EBI	PRJEB103034;PRJEB110450;PRJEB40665;PRJEB43510;PRJEB43745;PRJNA533106			no_sra_center
GCA_978021445.1	Agonum viduum	2026-02-01	SAMEA114644581	WELLCOME SANGER INSTITUTE	EBI	PRJEB106581;PRJEB40665;PRJEB43510;PRJEB43745;PRJEB78306;PRJNA533106			no_sra_center
GCA_963921985.1	Agrilus biguttatus	2024-02-09	SAMEA112964450	WELLCOME SANGER INSTITUTE	EBI	PRJEB40665;PRJEB43510;PRJEB43745;PRJEB66039;PRJEB71839;PRJNA533106			no_sra_center
GCA_947389935.1	Agrilus cyanescens	2022-12-04	SAMEA10979039	WELLCOME SANGER INSTITUTE	EBI	PRJEB40665;PRJEB43510;PRJEB43745;PRJEB56362;PRJEB57759;PRJNA533106			no_sra_center
GCA_986341845.1	Agrimonia eupatoria	2026-08-25	SAMEA10369788	WELLCOME SANGER INSTITUTE	EBI	PRJEB113358;PRJEB115799;PRJEB40665;PRJEB43510;PRJEB43745;PRJNA533106			no_sra_center
GCA_914767915.1	Agriopis aurantiaria	2021-09-16	SAMEA8603214	WELLCOME SANGER INSTITUTE	EBI	PRJEB40665;PRJEB43510;PRJEB43745;PRJEB46315;PRJEB47361;PRJEB71705;PRJNA533106			no_sra_center
GCA_949125355.1	Agriopis leucophaearia	2023-03-10	SAMEA110451551	WELLCOME SANGER INSTITUTE	EBI	PRJEB40665;PRJEB43510;PRJEB43745;PRJEB59131;PRJEB59425;PRJEB71705;PRJNA533106			no_sra_center
GCA_932305915.1	Agriopis marginaria	2022-03-11	SAMEA9359455	WELLCOME SANGER INSTITUTE	EBI	PRJEB40665;PRJEB43510;PRJEB43745;PRJEB50734;PRJEB51287;PRJEB71705;PRJNA533106			no_sra_center
GCA_965788545.1	Agriotes lineatus	2025-08-23	SAMEA9359450	WELLCOME SANGER INSTITUTE	EBI	PRJEB40665;PRJEB43510;PRJEB43745;PRJEB73671;PRJEB95121;PRJNA533106			no_sra_center
GCA_943789525.1	Agriphila geniculea	2022-06-24	SAMEA8603180	WELLCOME SANGER INSTITUTE	EBI	PRJEB40665;PRJEB43510;PRJEB43745;PRJEB51038;PRJEB53410;PRJEB71705;PRJNA533106			no_sra_center
GCA_964059425.1	Agriphila inquinatella	2024-06-05	SAMEA112964391	WELLCOME SANGER INSTITUTE	EBI	PRJEB40665;PRJEB43510;PRJEB43745;PRJEB66412;PRJEB71705;PRJEB76071;PRJNA533106			no_sra_center
GCA_977019865.1	Agriphila selasella	2025-11-08	SAMEA117574850	WELLCOME SANGER INSTITUTE	EBI	PRJEB102346;PRJEB40665;PRJEB43510;PRJEB43745;PRJEB71705;PRJEB98300;PRJNA533106			no_sra_center
GCA_950108535.1	Agriphila straminella	2023-05-01	SAMEA7701512	WELLCOME SANGER INSTITUTE	EBI	PRJEB40665;PRJEB43510;PRJEB43745;PRJEB55944;PRJEB61676;PRJEB71705;PRJNA533106			no_sra_center
GCA_928269145.1	Agriphila tristella	2022-02-01	SAMEA8603174	WELLCOME SANGER INSTITUTE	EBI	PRJEB40665;PRJEB43510;PRJEB43745;PRJEB48050;PRJEB50442;PRJEB71705;PRJNA533106			no_sra_center
GCA_914767755.1	Agrochola circellaris	2021-09-16	SAMEA8603201	WELLCOME SANGER INSTITUTE	EBI	PRJEB40665;PRJEB43510;PRJEB43745;PRJEB46316;PRJEB47364;PRJEB71705;PRJNA533106			no_sra_center
GCA_949152395.1	Agrochola litura	2023-03-11	SAMEA111458571	WELLCOME SANGER INSTITUTE	EBI	PRJEB40665;PRJEB43510;PRJEB43745;PRJEB59302;PRJEB59853;PRJEB71705;PRJNA533106			no_sra_center
GCA_947364205.1	Agrochola lota	2022-12-04	SAMEA110026477	WELLCOME SANGER INSTITUTE	EBI	PRJEB40665;PRJEB43510;PRJEB43745;PRJEB55741;PRJEB57643;PRJEB71705;PRJNA533106			no_sra_center
GCA_963680765.1	Agrochola lychnidis	2023-12-09	SAMEA112775053	WELLCOME SANGER INSTITUTE	EBI	PRJEB40665;PRJEB43510;PRJEB43745;PRJEB65664;PRJEB70405;PRJEB71705;PRJNA533106			no_sra_center
GCA_916701695.1	Agrochola macilenta	2021-11-13	SAMEA8603207	WELLCOME SANGER INSTITUTE	EBI	PRJEB40665;PRJEB43510;PRJEB43745;PRJEB46326;PRJEB47751;PRJEB71705;PRJNA533106			no_sra_center
GCA_964017145.1	Agrocybe praecox	2024-03-23	SAMEA110757064	WELLCOME SANGER INSTITUTE	EBI	PRJEB40665;PRJEB43510;PRJEB43745;PRJEB63448;PRJEB74180;PRJNA533106			no_sra_center
GCA_958450325.1	Agrostemma githago	2023-07-18	SAMEA9335250	WELLCOME SANGER INSTITUTE	EBI	PRJEB125134;PRJEB40665;PRJEB43510;PRJEB43745;PRJEB62048;PRJEB64191;PRJEB80366;PRJNA533106			no_sra_center
GCA_988322835.1	Agrostis canina	2026-10-03	SAMEA121267882	WELLCOME SANGER INSTITUTE	EBI	PRJEB124601;PRJEB125134;PRJEB127767;PRJEB40665;PRJEB43510;PRJEB43745;PRJEB80366;PRJNA533106			no_sra_center
GCA_978258655.1	Agrothereutes abbreviatus	2026-02-14	SAMEA114805671	WELLCOME SANGER INSTITUTE	EBI	PRJEB106277;PRJEB107217;PRJEB40665;PRJEB43510;PRJEB43745;PRJNA533106			no_sra_center
GCA_954870645.1	Agrotis clavis	2023-07-14	SAMEA112226466	WELLCOME SANGER INSTITUTE	EBI	PRJEB40665;PRJEB43510;PRJEB43745;PRJEB62183;PRJEB63248;PRJEB71705;PRJNA533106			no_sra_center
GCA_950005045.1	Agrotis exclamationis	2023-05-01	SAMEA112198473	WELLCOME SANGER INSTITUTE	EBI	PRJEB40665;PRJEB43510;PRJEB43745;PRJEB60720;PRJEB61585;PRJEB71705;PRJNA533106			no_sra_center
GCA_943136025.2	Agrotis puta	2022-09-22	SAMEA7701549	WELLCOME SANGER INSTITUTE	EBI	PRJEB40665;PRJEB43510;PRJEB43745;PRJEB52475;PRJEB52905;PRJEB71705;PRJNA533106			no_sra_center
GCA_977071825.1	Agrotis ripae	2025-12-05	SAMEA116117175	WELLCOME SANGER INSTITUTE	EBI	PRJEB104304;PRJEB40665;PRJEB43510;PRJEB43745;PRJEB71705;PRJEB96992;PRJNA533106			no_sra_center
GCA_986918495.1	Agrotis vestigialis	2026-08-30	SAMEA118540534	WELLCOME SANGER INSTITUTE	EBI	PRJEB113362;PRJEB121079;PRJEB40665;PRJEB43510;PRJEB43745;PRJEB71705;PRJNA533106			no_sra_center
GCA_986918525.1	Agrotis vestigialis	2026-08-28	SAMEA118540534	WELLCOME SANGER INSTITUTE	EBI	PRJEB113362;PRJEB121080;PRJEB40665;PRJEB43510;PRJEB43745;PRJEB71705;PRJNA533106			no_sra_center
GCA_929113105.1	Agrypnus murinus	2022-02-09	SAMEA7701277	WELLCOME SANGER INSTITUTE	EBI	PRJEB40665;PRJEB43510;PRJEB43745;PRJEB46297;PRJEB50666;PRJNA533106			no_sra_center
GCA_985198435.1	Agrypon flaveolatum	2026-06-27	SAMEA117051879	WELLCOME SANGER INSTITUTE	EBI	PRJEB110541;PRJEB114778;PRJEB40665;PRJEB43510;PRJEB43745;PRJNA533106			no_sra_center
GCA_984589085.1	Agrypon varitarsum	2026-06-22	SAMEA118559362	WELLCOME SANGER INSTITUTE	EBI	PRJEB111330;PRJEB114215;PRJEB40665;PRJEB43510;PRJEB43745;PRJNA533106			no_sra_center
GCA_946807835.1	Ailanthus altissimus	2022-09-20	SAMEA7522284	WELLCOME SANGER INSTITUTE	EBI	PRJEB40665;PRJEB43510;PRJEB43745;PRJEB47393;PRJEB55688;PRJNA533106			no_sra_center
GCA_958295605.1	Ajuga chamaepitys	2023-07-06	SAMEA112287490	WELLCOME SANGER INSTITUTE	EBI	PRJEB40665;PRJEB43510;PRJEB43745;PRJEB62563;PRJEB63665;PRJNA533106			no_sra_center
GCA_965250425.2	Ajuga reptans	2025-10-26	SAMEA110449272	WELLCOME SANGER INSTITUTE	EBI	PRJEB40665;PRJEB43510;PRJEB43745;PRJEB80993;PRJEB88633;PRJNA533106			no_sra_center
GCA_987194035.1	Alauda arvensis	2026-09-02	SAMEA118680297	WELLCOME SANGER INSTITUTE	EBI	PRJEB114569;PRJEB122685;PRJEB40665;PRJEB43510;PRJEB43745;PRJNA489243;PRJNA533106			no_sra_center
GCA_987195655.1	Alcedo atthis	2026-09-08	SAMEA118427544	WELLCOME SANGER INSTITUTE	EBI	PRJEB115545;PRJEB122686;PRJEB40665;PRJEB43510;PRJEB43745;PRJNA489243;PRJNA533106			no_sra_center
GCA_988323655.1	Alchemilla alpina	2026-10-03	SAMEA9335102	WELLCOME SANGER INSTITUTE	EBI	PRJEB110141;PRJEB124535;PRJEB125134;PRJEB40665;PRJEB43510;PRJEB43745;PRJEB80366;PRJNA533106			no_sra_center
GCA_987114305.1	Alchemilla mollis	2026-09-01	SAMEA114564161	WELLCOME SANGER INSTITUTE	EBI	PRJEB113118;PRJEB121426;PRJEB40665;PRJEB43510;PRJEB43745;PRJNA533106			no_sra_center
GCA_987114285.1	Alchemilla mollis	2026-09-01	SAMEA114564161	WELLCOME SANGER INSTITUTE	EBI	PRJEB113118;PRJEB121427;PRJEB40665;PRJEB43510;PRJEB43745;PRJNA533106			no_sra_center
GCA_987114315.1	Alchemilla mollis	2026-08-28	SAMEA114564161	WELLCOME SANGER INSTITUTE	EBI	PRJEB113118;PRJEB121428;PRJEB40665;PRJEB43510;PRJEB43745;PRJNA533106			no_sra_center
GCA_988221915.1	Alcis jubata	2026-09-02	SAMEA118767965	WELLCOME SANGER INSTITUTE	EBI	PRJEB123380;PRJEB124459;PRJEB40665;PRJEB43510;PRJEB43745;PRJEB71705;PRJNA533106			no_sra_center
GCA_949125135.1	Alcis repandata	2023-03-10	SAMEA7701558	WELLCOME SANGER INSTITUTE	EBI	PRJEB40665;PRJEB43510;PRJEB43745;PRJEB58930;PRJEB59429;PRJEB71705;PRJNA533106			no_sra_center
GCA_986694635.1	Alcyonidium gelatinosum	2026-09-01	SAMEA110034690	WELLCOME SANGER INSTITUTE	EBI	PRJEB112659;PRJEB120830;PRJEB40665;PRJEB43510;PRJEB43745;PRJNA533106			no_sra_center
GCA_987193675.1	Alectoris rufa	2026-09-09	SAMEA118680286	WELLCOME SANGER INSTITUTE	EBI	PRJEB110718;PRJEB122688;PRJEB40665;PRJEB43510;PRJEB43745;PRJNA489243;PRJNA533106			no_sra_center
GCA_964235035.1	Aleimma loeflingiana	2024-08-31	SAMEA114805678	WELLCOME SANGER INSTITUTE	EBI	PRJEB40665;PRJEB43510;PRJEB43745;PRJEB71705;PRJEB78316;PRJEB79063;PRJNA533106			no_sra_center
GCA_963921955.1	Aleiodes alternator	2024-02-09	SAMEA112964490	WELLCOME SANGER INSTITUTE	EBI	PRJEB40665;PRJEB43510;PRJEB43745;PRJEB70745;PRJEB71843;PRJNA533106			no_sra_center
GCA_978841105.1	Aleiodes circumscriptus	2026-02-10	SAMEA114805633	WELLCOME SANGER INSTITUTE	EBI	PRJEB106271;PRJEB107691;PRJEB40665;PRJEB43510;PRJEB43745;PRJNA533106			no_sra_center
GCA_986174525.1	Aleiodes coxalis	2026-07-04	SAMEA118280043	WELLCOME SANGER INSTITUTE	EBI	PRJEB110706;PRJEB115239;PRJEB40665;PRJEB43510;PRJEB43745;PRJNA533106			no_sra_center
GCA_984798945.1	Aleiodes gastritor	2026-06-26	SAMEA114805911	WELLCOME SANGER INSTITUTE	EBI	PRJEB110754;PRJEB114469;PRJEB40665;PRJEB43510;PRJEB43745;PRJNA533106			no_sra_center
GCA_963942555.1	Aleiodes leptofemur	2024-02-09	SAMEA111458715	WELLCOME SANGER INSTITUTE	EBI	PRJEB40665;PRJEB43510;PRJEB43745;PRJEB66053;PRJEB72464;PRJNA533106			no_sra_center
GCA_987114425.1	Aleiodes praetor	2026-08-29	SAMEA116117323	WELLCOME SANGER INSTITUTE	EBI	PRJEB111284;PRJEB121451;PRJEB40665;PRJEB43510;PRJEB43745;PRJNA533106			no_sra_center
GCA_986708715.1	Aleiodes rugulosus	2026-08-20	SAMEA112964492	WELLCOME SANGER INSTITUTE	EBI	PRJEB120938;PRJEB40665;PRJEB43510;PRJEB43745;PRJEB78756;PRJNA533106			no_sra_center
GCA_965249695.1	Aleiodes similis	2025-04-18	SAMEA112964392	WELLCOME SANGER INSTITUTE	EBI	PRJEB40665;PRJEB43510;PRJEB43745;PRJEB73896;PRJEB88587;PRJNA533106			no_sra_center
GCA_963565655.1	Aleiodes testaceus	2023-10-24	SAMEA111458708	WELLCOME SANGER INSTITUTE	EBI	PRJEB40665;PRJEB43510;PRJEB43745;PRJEB61692;PRJEB67674;PRJNA533106			no_sra_center
GCA_987195395.1	Aleiodes unipunctator	2026-09-06	SAMEA118280455	WELLCOME SANGER INSTITUTE	EBI	PRJEB109197;PRJEB123018;PRJEB40665;PRJEB43510;PRJEB43745;PRJNA533106			no_sra_center
GCA_950022655.1	Alentia gelatinosa	2023-06-27	SAMEA9925843	WELLCOME SANGER INSTITUTE	EBI	PRJEB40665;PRJEB43510;PRJEB43745;PRJEB60315;PRJEB61555;PRJNA533106			no_sra_center
GCA_963978815.2	Aleochara curtula	2026-06-21	SAMEA112232813	WELLCOME SANGER INSTITUTE	EBI	PRJEB40665;PRJEB43510;PRJEB43745;PRJEB66247;PRJEB73701;PRJNA533106			no_sra_center
GCA_963693085.1	Alisma plantago-aquatica	2024-01-08	SAMEA9335272	WELLCOME SANGER INSTITUTE	EBI	PRJEB40665;PRJEB43510;PRJEB43745;PRJEB65656;PRJEB70530;PRJNA533106			no_sra_center
GCA_932294295.1	Alitta virens	2022-03-11	SAMEA8534434	WELLCOME SANGER INSTITUTE	EBI	PRJEB40665;PRJEB43510;PRJEB43745;PRJEB50793;PRJEB51272;PRJNA533106			no_sra_center
GCA_947179485.1	Allacma fusca	2022-10-28	SAMEA110744450	WELLCOME SANGER INSTITUTE	EBI	PRJEB40665;PRJEB43510;PRJEB43745;PRJEB53479;PRJEB57014;PRJNA533106			no_sra_center
GCA_978841125.1	Allantus rufocinctus	2026-02-14	SAMEA115574719	WELLCOME SANGER INSTITUTE	EBI	PRJEB106275;PRJEB107692;PRJEB40665;PRJEB43510;PRJEB43745;PRJNA533106			no_sra_center
GCA_974893845.1	Alliopsis billbergi	2025-10-26	SAMEA114644705	WELLCOME SANGER INSTITUTE	EBI	PRJEB40665;PRJEB43510;PRJEB43745;PRJEB81369;PRJEB96457;PRJNA533106			no_sra_center
GCA_982340675.1	Allodia ornaticollis	2026-03-23	SAMEA115792956	WELLCOME SANGER INSTITUTE	EBI	PRJEB110370;PRJEB40665;PRJEB43510;PRJEB43745;PRJEB97536;PRJNA533106			no_sra_center
GCA_963556255.1	Allolobophora icterica	2023-10-10	SAMEA14448371	WELLCOME SANGER INSTITUTE	EBI	PRJEB40665;PRJEB43510;PRJEB43745;PRJEB64072;PRJEB67286;PRJNA533106			no_sra_center
GCA_988137095.1	Allomacrus arcticus	2026-09-04	SAMEA118280152	WELLCOME SANGER INSTITUTE	EBI	PRJEB111332;PRJEB124049;PRJEB40665;PRJEB43510;PRJEB43745;PRJNA533106			no_sra_center
GCA_932294325.1	Allophyes oxyacanthae	2022-03-10	SAMEA8603204	WELLCOME SANGER INSTITUTE	EBI	PRJEB40665;PRJEB43510;PRJEB43745;PRJEB50741;PRJEB51276;PRJEB71705;PRJNA533106			no_sra_center
GCA_946863875.1	Alloplasta piceator	2022-09-15	SAMEA10166792	WELLCOME SANGER INSTITUTE	EBI	PRJEB40665;PRJEB43510;PRJEB43745;PRJEB54809;PRJEB55792;PRJNA533106			no_sra_center
GCA_965197075.1	Allygidius commutatus	2025-03-10	SAMEA112232821	WELLCOME SANGER INSTITUTE	EBI	PRJEB40665;PRJEB43510;PRJEB43745;PRJEB85050;PRJEB86659;PRJNA533106			no_sra_center
GCA_963675035.1	Allygus modestus	2023-12-10	SAMEA112964466	WELLCOME SANGER INSTITUTE	EBI	PRJEB40665;PRJEB43510;PRJEB43745;PRJEB67621;PRJEB69539;PRJNA533106			no_sra_center
GCA_965212435.2	Alnus cordata	2026-04-25	SAMEA114389521	WELLCOME SANGER INSTITUTE	EBI	PRJEB125134;PRJEB40665;PRJEB43510;PRJEB43745;PRJEB73942;PRJEB80366;PRJEB87031;PRJNA533106			no_sra_center
GCA_958979055.1	Alnus glutinosa	2023-07-19	SAMEA7522050	WELLCOME SANGER INSTITUTE	EBI	PRJEB125134;PRJEB40665;PRJEB43510;PRJEB43745;PRJEB46320;PRJEB64426;PRJEB80366;PRJNA533106			no_sra_center
GCA_965122795.2	Alnus incana	2026-04-25	SAMEA110449346	WELLCOME SANGER INSTITUTE	EBI	PRJEB125134;PRJEB40665;PRJEB43510;PRJEB43745;PRJEB80366;PRJEB81045;PRJEB85556;PRJNA533106			no_sra_center
GCA_978898865.1	Alomya debellator	2026-02-13	SAMEA112232583	WELLCOME SANGER INSTITUTE	EBI	PRJEB106281;PRJEB107773;PRJEB40665;PRJEB43510;PRJEB43745;PRJNA533106			no_sra_center
GCA_965641495.1	Alopecurus geniculatus	2025-07-13	SAMEA114389531	WELLCOME SANGER INSTITUTE	EBI	PRJEB125134;PRJEB40665;PRJEB43510;PRJEB43745;PRJEB79589;PRJEB80366;PRJEB91884;PRJNA533106			no_sra_center
GCA_986270105.1	Alopecurus pratensis	2026-07-06	SAMEA110449273	WELLCOME SANGER INSTITUTE	EBI	PRJEB112960;PRJEB115669;PRJEB125134;PRJEB40665;PRJEB43510;PRJEB43745;PRJEB80366;PRJNA533106			no_sra_center
GCA_965278175.1	Alopochen aegyptiaca	2025-05-08	SAMEA113398845	WELLCOME SANGER INSTITUTE	EBI	PRJEB40665;PRJEB43510;PRJEB43745;PRJEB76349;PRJEB89196;PRJNA489243;PRJNA533106			no_sra_center
GCA_946251855.1	Alsophila aescularia	2022-09-12	SAMEA10107017	WELLCOME SANGER INSTITUTE	EBI	PRJEB40665;PRJEB43510;PRJEB43745;PRJEB54803;PRJEB55428;PRJEB71705;PRJNA533106			no_sra_center
GCA_977013465.1	Altenia scriptella	2025-11-07	SAMEA117491959	WELLCOME SANGER INSTITUTE	EBI	PRJEB100568;PRJEB40665;PRJEB43510;PRJEB43745;PRJEB71705;PRJEB96572;PRJNA533106			no_sra_center
GCA_964028335.1	Altica lythri	2024-04-20	SAMEA113425701	WELLCOME SANGER INSTITUTE	EBI	PRJEB40665;PRJEB43510;PRJEB43745;PRJEB72117;PRJEB74861;PRJNA533106			no_sra_center
GCA_964059475.1	Alucita hexadactyla	2024-06-05	SAMEA112232562	WELLCOME SANGER INSTITUTE	EBI	PRJEB40665;PRJEB43510;PRJEB43745;PRJEB71705;PRJEB73441;PRJEB76083;PRJNA533106			no_sra_center
GCA_964341005.1	Alydus calcaratus	2024-11-21	SAMEA114644830	WELLCOME SANGER INSTITUTE	EBI	PRJEB40665;PRJEB43510;PRJEB43745;PRJEB80991;PRJEB82682;PRJNA533106			no_sra_center
GCA_982375375.1	Alysia alticola	2026-04-04	SAMEA118559310	WELLCOME SANGER INSTITUTE	EBI	PRJEB106423;PRJEB111070;PRJEB40665;PRJEB43510;PRJEB43745;PRJNA533106			no_sra_center
GCA_986918535.1	Amanita phalloides	2026-07-17	SAMEA113940402	WELLCOME SANGER INSTITUTE	EBI	PRJEB114361;PRJEB121076;PRJEB40665;PRJEB43510;PRJEB43745;PRJNA533106			no_sra_center
GCA_965266955.1	Amanita rubescens	2025-04-30	SAMEA113940608	WELLCOME SANGER INSTITUTE	EBI	PRJEB40665;PRJEB43510;PRJEB43745;PRJEB82201;PRJEB88951;PRJNA533106			no_sra_center
GCA_973350105.1	Amara aenea	2025-10-26	SAMEA114644544	WELLCOME SANGER INSTITUTE	EBI	PRJEB40665;PRJEB43510;PRJEB43745;PRJEB78342;PRJEB96435;PRJNA533106			no_sra_center
GCA_982446755.1	Amara aulica	2026-04-16	SAMEA14448389	WELLCOME SANGER INSTITUTE	EBI	PRJEB111433;PRJEB40665;PRJEB43510;PRJEB43745;PRJEB77501;PRJNA533106			no_sra_center
GCA_981560045.1	Amara convexiuscula	2026-03-01	SAMEA118559851	WELLCOME SANGER INSTITUTE	EBI	PRJEB103882;PRJEB108814;PRJEB40665;PRJEB43510;PRJEB43745;PRJNA533106			no_sra_center
GCA_978120735.1	Amara familiaris	2026-03-01	SAMEA118257163	WELLCOME SANGER INSTITUTE	EBI	PRJEB103883;PRJEB107155;PRJEB40665;PRJEB43510;PRJEB43745;PRJNA533106			no_sra_center
GCA_978123715.1	Amara familiaris	2026-03-01	SAMEA118257163	WELLCOME SANGER INSTITUTE	EBI	PRJEB103883;PRJEB107154;PRJEB40665;PRJEB43510;PRJEB43745;PRJNA533106			no_sra_center
GCA_965279835.1	Amara ovata	2025-05-10	SAMEA114644519	WELLCOME SANGER INSTITUTE	EBI	PRJEB40665;PRJEB43510;PRJEB43745;PRJEB78318;PRJEB89410;PRJNA533106			no_sra_center
GCA_965279875.1	Amara ovata	2025-05-10	SAMEA114644519	WELLCOME SANGER INSTITUTE	EBI	PRJEB40665;PRJEB43510;PRJEB43745;PRJEB78318;PRJEB89411;PRJNA533106			no_sra_center
GCA_984573935.1	Amara plebeja	2026-06-15	SAMEA118280370	WELLCOME SANGER INSTITUTE	EBI	PRJEB103884;PRJEB113499;PRJEB40665;PRJEB43510;PRJEB43745;PRJNA533106			no_sra_center
GCA_985607135.1	Amara tibialis	2026-07-04	SAMEA118256889	WELLCOME SANGER INSTITUTE	EBI	PRJEB112952;PRJEB115022;PRJEB40665;PRJEB43510;PRJEB43745;PRJNA533106			no_sra_center
GCA_951213105.1	Amaurobius ferox	2023-06-07	SAMEA8534437	WELLCOME SANGER INSTITUTE	EBI	PRJEB40665;PRJEB43510;PRJEB43745;PRJEB59161;PRJEB61829;PRJNA533106			no_sra_center
GCA_963575735.1	Amblyjoppa fuscipennis	2023-10-29	SAMEA11025147	WELLCOME SANGER INSTITUTE	EBI	PRJEB40665;PRJEB43510;PRJEB43745;PRJEB60817;PRJEB67901;PRJNA533106			no_sra_center
GCA_963922035.1	Amblyjoppa proteus	2024-02-09	SAMEA10979054	WELLCOME SANGER INSTITUTE	EBI	PRJEB40665;PRJEB43510;PRJEB43745;PRJEB65739;PRJEB71853;PRJNA533106			no_sra_center
GCA_985568215.1	Amblyosporidae sp. gmOTU1 Ox002633	2026-06-17	SAMEA122212967	WELLCOME SANGER INSTITUTE	EBI	PRJEB114974;PRJEB40665;PRJEB43510;PRJEB43745;PRJEB77452;PRJNA533106			no_sra_center
GCA_985568275.1	Amblyosporidae sp. gmOTU1 Ox002633	2026-06-27	SAMEA122212967	WELLCOME SANGER INSTITUTE	EBI	PRJEB114977;PRJEB40665;PRJEB43510;PRJEB43745;PRJEB77452;PRJNA533106			no_sra_center
GCA_978015435.1	Amblyptilia punctidactyla	2026-02-01	SAMEA117574984	WELLCOME SANGER INSTITUTE	EBI	PRJEB106167;PRJEB40665;PRJEB43510;PRJEB43745;PRJEB71705;PRJEB96602;PRJNA533106			no_sra_center
GCA_933228735.2	Amblyteles armatorius	2023-02-24	SAMEA7520946	WELLCOME SANGER INSTITUTE	EBI	PRJEB40665;PRJEB43510;PRJEB43745;PRJEB50791;PRJEB51578;PRJNA533106			no_sra_center
GCA_983139515.1	Ametastegia carpini	2026-05-24	SAMEA114805885	WELLCOME SANGER INSTITUTE	EBI	PRJEB110222;PRJEB112390;PRJEB40665;PRJEB43510;PRJEB43745;PRJNA533106			no_sra_center
GCA_963989295.1	Ametastegia equiseti	2024-03-14	SAMEA112964350	WELLCOME SANGER INSTITUTE	EBI	PRJEB40665;PRJEB43510;PRJEB43745;PRJEB68373;PRJEB73766;PRJNA533106			no_sra_center
GCA_977061605.1	Ammi majus	2025-11-14	SAMEA114389504	WELLCOME SANGER INSTITUTE	EBI	PRJEB102768;PRJEB40665;PRJEB43510;PRJEB43745;PRJEB80204;PRJNA533106			no_sra_center
GCA_977061595.1	Ammi majus	2025-11-14	SAMEA114389504	WELLCOME SANGER INSTITUTE	EBI	PRJEB102767;PRJEB40665;PRJEB43510;PRJEB43745;PRJEB80204;PRJNA533106			no_sra_center
GCA_965247725.1	Ammophila pubescens	2025-04-19	SAMEA10978981	WELLCOME SANGER INSTITUTE	EBI	PRJEB40665;PRJEB43510;PRJEB43745;PRJEB66396;PRJEB88589;PRJNA533106			no_sra_center
GCA_982345285.1	Ammophila sabulosa	2026-03-26	SAMEA11025136	WELLCOME SANGER INSTITUTE	EBI	PRJEB102879;PRJEB110508;PRJEB40665;PRJEB43510;PRJEB43745;PRJNA533106			no_sra_center
GCA_982525245.1	Ampedus balteatus	2026-04-25	SAMEA118540654	WELLCOME SANGER INSTITUTE	EBI	PRJEB104592;PRJEB111657;PRJEB40665;PRJEB43510;PRJEB43745;PRJNA533106			no_sra_center
GCA_964234815.1	Ampedus sanguinolentus	2024-08-31	SAMEA114805610	WELLCOME SANGER INSTITUTE	EBI	PRJEB40665;PRJEB43510;PRJEB43745;PRJEB78328;PRJEB79085;PRJNA533106			no_sra_center
GCA_964274985.1	Amphibalanus improvisus	2024-11-08	SAMEA111562162	WELLCOME SANGER INSTITUTE	EBI	PRJEB40665;PRJEB43510;PRJEB43745;PRJEB63653;PRJEB80891;PRJNA533106			no_sra_center
GCA_984799185.1	Amphicteis midas	2026-06-26	SAMEA13854377	WELLCOME SANGER INSTITUTE	EBI	PRJEB107286;PRJEB114428;PRJEB40665;PRJEB43510;PRJEB43745;PRJNA533106			no_sra_center
GCA_971788435.1	Amphidium lapponicum	2025-09-13	SAMEA10983325	WELLCOME SANGER INSTITUTE	EBI	PRJEB40665;PRJEB43510;PRJEB43745;PRJEB94766;PRJEB96094;PRJNA533106			no_sra_center
GCA_975525615.1	Amphidium mougeotii	2025-10-13	SAMEA114215398	WELLCOME SANGER INSTITUTE	EBI	PRJEB40665;PRJEB43510;PRJEB43745;PRJEB94768;PRJEB96413;PRJNA533106			no_sra_center
GCA_977845675.1	Amphigerontia contaminata	2026-01-18	SAMEA118540504	WELLCOME SANGER INSTITUTE	EBI	PRJEB103876;PRJEB104848;PRJEB40665;PRJEB43510;PRJEB43745;PRJNA533106			no_sra_center
GCA_963170755.1	Amphimallon solstitiale	2023-08-19	SAMEA10978893	WELLCOME SANGER INSTITUTE	EBI	PRJEB40665;PRJEB43510;PRJEB43745;PRJEB61997;PRJEB64917;PRJNA533106			no_sra_center
GCA_988222145.1	Amphipoea fucosa	2026-09-02	SAMEA120504642	WELLCOME SANGER INSTITUTE	EBI	PRJEB114915;PRJEB124461;PRJEB40665;PRJEB43510;PRJEB43745;PRJEB71705;PRJNA533106			no_sra_center
GCA_947508005.1	Amphipoea lucens	2022-12-07	SAMEA14448313	WELLCOME SANGER INSTITUTE	EBI	PRJEB40665;PRJEB43510;PRJEB43745;PRJEB55798;PRJEB57904;PRJEB71705;PRJNA533106			no_sra_center
GCA_945859645.1	Amphipoea oculea	2022-09-13	SAMEA10978951	WELLCOME SANGER INSTITUTE	EBI	PRJEB40665;PRJEB43510;PRJEB43745;PRJEB53731;PRJEB54834;PRJEB71705;PRJNA533106			no_sra_center
GCA_910594945.2	Amphipyra berbera	2022-02-09	SAMEA7701493	WELLCOME SANGER INSTITUTE	EBI	PRJEB40665;PRJEB43510;PRJEB43745;PRJEB45130;PRJEB45915;PRJEB71705;PRJNA533106			no_sra_center
GCA_905220435.1	Amphipyra tragopoginis	2021-02-16	SAMEA7520175	WELLCOME SANGER INSTITUTE	EBI	PRJEB40665;PRJEB42877;PRJEB42948;PRJEB43510;PRJEB43745;PRJEB71705;PRJNA533106			no_sra_center
GCA_982296955.1	Ampulloclitocybe clavipes	2026-03-18	SAMEA113940527	WELLCOME SANGER INSTITUTE	EBI	PRJEB110027;PRJEB40665;PRJEB43510;PRJEB43745;PRJEB79613;PRJNA533106			no_sra_center
GCA_978045365.1	Anacampsis blattariella	2026-02-28	SAMEA112232832	WELLCOME SANGER INSTITUTE	EBI	PRJEB106263;PRJEB106976;PRJEB40665;PRJEB43510;PRJEB43745;PRJEB71705;PRJNA533106			no_sra_center
GCA_986265245.1	Anacampsis populella	2026-07-04	SAMEA117573466	WELLCOME SANGER INSTITUTE	EBI	PRJEB109892;PRJEB115454;PRJEB40665;PRJEB43510;PRJEB43745;PRJEB71705;PRJNA533106			no_sra_center
GCA_978041785.1	Anaglyptus mysticus	2026-01-25	SAMEA118256481	WELLCOME SANGER INSTITUTE	EBI	PRJEB104974;PRJEB106863;PRJEB40665;PRJEB43510;PRJEB43745;PRJNA533106			no_sra_center
GCA_965111815.1	Anania coronata	2025-01-23	SAMEA115163330	WELLCOME SANGER INSTITUTE	EBI	PRJEB40665;PRJEB43510;PRJEB43745;PRJEB71705;PRJEB83471;PRJEB84009;PRJNA533106			no_sra_center
GCA_949315895.1	Anania crocealis	2023-03-10	SAMEA111458574	WELLCOME SANGER INSTITUTE	EBI	PRJEB40665;PRJEB43510;PRJEB43745;PRJEB59304;PRJEB60110;PRJEB71705;PRJNA533106			no_sra_center
GCA_975300765.1	Anania funebris	2025-10-10	SAMEA117574078	WELLCOME SANGER INSTITUTE	EBI	PRJEB40665;PRJEB43510;PRJEB43745;PRJEB71705;PRJEB92296;PRJEB96870;PRJNA533106			no_sra_center
GCA_950371115.1	Anania fuscalis	2023-05-02	SAMEA112198524	WELLCOME SANGER INSTITUTE	EBI	PRJEB40665;PRJEB43510;PRJEB43745;PRJEB61349;PRJEB61760;PRJEB71705;PRJNA533106			no_sra_center
GCA_963576865.1	Anania hortulata	2023-11-04	SAMEA7701459	WELLCOME SANGER INSTITUTE	EBI	PRJEB40665;PRJEB43510;PRJEB43745;PRJEB67411;PRJEB68064;PRJEB71705;PRJNA533106			no_sra_center
GCA_977012675.1	Anania verbascalis	2025-11-07	SAMEA118256598	WELLCOME SANGER INSTITUTE	EBI	PRJEB101231;PRJEB40665;PRJEB43510;PRJEB43745;PRJEB71705;PRJEB98740;PRJNA533106			no_sra_center
GCA_964194435.1	Anaplectoides prasina	2024-06-28	SAMEA114644921	WELLCOME SANGER INSTITUTE	EBI	PRJEB40665;PRJEB43510;PRJEB43745;PRJEB71705;PRJEB76540;PRJEB76968;PRJNA533106			no_sra_center
GCA_947563765.1	Anarsia innoxiella	2022-12-13	SAMEA10978939	WELLCOME SANGER INSTITUTE	EBI	PRJEB40665;PRJEB43510;PRJEB43745;PRJEB56247;PRJEB58175;PRJEB71705;PRJNA533106			no_sra_center
GCA_977930325.1	Anarsia spartiella	2026-01-18	SAMEA118257071	WELLCOME SANGER INSTITUTE	EBI	PRJEB102931;PRJEB105260;PRJEB40665;PRJEB43510;PRJEB43745;PRJEB71705;PRJNA533106			no_sra_center
GCA_979610145.1	Anarta trifolii	2026-02-19	SAMEA118540169	WELLCOME SANGER INSTITUTE	EBI	PRJEB102933;PRJEB108179;PRJEB40665;PRJEB43510;PRJEB43745;PRJEB71705;PRJNA533106			no_sra_center
GCA_988290355.1	Anas acuta	2026-09-24	SAMEA112468036	WELLCOME SANGER INSTITUTE	EBI	PRJEB125134;PRJEB40665;PRJEB43510;PRJEB43745;PRJEB64746;PRJEB72290;PRJEB80366;PRJNA489243;PRJNA533106			no_sra_center
GCA_988290365.1	Anas platyrhynchos	2026-09-24	SAMEA113398833	WELLCOME SANGER INSTITUTE	EBI	PRJEB40665;PRJEB43510;PRJEB43745;PRJEB74597;PRJEB76742;PRJNA489243;PRJNA533106			no_sra_center
GCA_982525295.1	Anasimyia lineata	2026-04-25	SAMEA114644742	WELLCOME SANGER INSTITUTE	EBI	PRJEB111660;PRJEB40665;PRJEB43510;PRJEB43745;PRJEB80110;PRJNA533106			no_sra_center
GCA_964243895.1	Anaspis frontalis	2024-08-31	SAMEA110021804	WELLCOME SANGER INSTITUTE	EBI	PRJEB40665;PRJEB43510;PRJEB43745;PRJEB73655;PRJEB79335;PRJNA533106			no_sra_center
GCA_984662465.1	Anaspis garneysi	2026-06-22	SAMEA118559759	WELLCOME SANGER INSTITUTE	EBI	PRJEB110704;PRJEB114288;PRJEB40665;PRJEB43510;PRJEB43745;PRJNA533106			no_sra_center
GCA_949128115.1	Anaspis maculata	2023-04-08	SAMEA10167002	WELLCOME SANGER INSTITUTE	EBI	PRJEB40665;PRJEB43510;PRJEB43745;PRJEB58226;PRJEB59498;PRJNA533106			no_sra_center
GCA_964204715.1	Anaspis regimbarti	2024-07-27	SAMEA111458298	WELLCOME SANGER INSTITUTE	EBI	PRJEB40665;PRJEB43510;PRJEB43745;PRJEB71244;PRJEB78394;PRJNA533106			no_sra_center
GCA_986264675.1	Anaspis thoracica	2026-07-04	SAMEA118280032	WELLCOME SANGER INSTITUTE	EBI	PRJEB112934;PRJEB115334;PRJEB40665;PRJEB43510;PRJEB43745;PRJNA533106			no_sra_center
GCA_965636915.2	Anastrepta orcadensis	2026-04-04	SAMEA10983422	WELLCOME SANGER INSTITUTE	EBI	PRJEB40665;PRJEB43510;PRJEB43745;PRJEB89637;PRJEB91492;PRJNA533106			no_sra_center
GCA_965642145.2	Anastrophyllum donnianum	2026-04-04	SAMEA10983506	WELLCOME SANGER INSTITUTE	EBI	PRJEB40665;PRJEB43510;PRJEB43745;PRJEB89635;PRJEB92386;PRJNA533106			no_sra_center
GCA_986694675.1	Anax imperator	2026-08-22	SAMEA116117104	WELLCOME SANGER INSTITUTE	EBI	PRJEB115543;PRJEB120824;PRJEB40665;PRJEB43510;PRJEB43745;PRJNA533106			no_sra_center
GCA_977871625.1	Anchusa arvensis	2026-02-01	SAMEA114389520	WELLCOME SANGER INSTITUTE	EBI	PRJEB101169;PRJEB104896;PRJEB40665;PRJEB43510;PRJEB43745;PRJNA533106			no_sra_center
GCA_916049575.1	Ancistrocerus nigricornis	2021-09-18	SAMEA7746762	WELLCOME SANGER INSTITUTE	EBI	PRJEB40665;PRJEB43510;PRJEB43745;PRJEB46313;PRJEB47507;PRJNA533106			no_sra_center
GCA_964214005.1	Ancylis achatana	2024-08-22	SAMEA7520689	WELLCOME SANGER INSTITUTE	EBI	PRJEB40665;PRJEB43510;PRJEB43745;PRJEB71705;PRJEB78334;PRJEB78880;PRJNA533106			no_sra_center
GCA_976225465.1	Ancylis diminutana	2025-10-26	SAMEA117574061	WELLCOME SANGER INSTITUTE	EBI	PRJEB40665;PRJEB43510;PRJEB43745;PRJEB71705;PRJEB96606;PRJEB97902;PRJNA533106			no_sra_center
GCA_976225375.1	Ancylis diminutana	2025-10-26	SAMEA117574061	WELLCOME SANGER INSTITUTE	EBI	PRJEB40665;PRJEB43510;PRJEB43745;PRJEB71705;PRJEB96606;PRJEB97901;PRJNA533106			no_sra_center
GCA_986419215.1	Ancylis mitterbacheriana	2026-08-24	SAMEA118280491	WELLCOME SANGER INSTITUTE	EBI	PRJEB114601;PRJEB115972;PRJEB40665;PRJEB43510;PRJEB43745;PRJEB71705;PRJNA533106			no_sra_center
GCA_977019785.1	Ancylis unculana	2025-11-07	SAMEA115574526	WELLCOME SANGER INSTITUTE	EBI	PRJEB40665;PRJEB43510;PRJEB43745;PRJEB71705;PRJEB82133;PRJEB85585;PRJNA533106			no_sra_center
GCA_965644415.1	Andreaea frigida	2025-07-28	SAMEA114783055	WELLCOME SANGER INSTITUTE	EBI	PRJEB40665;PRJEB43510;PRJEB43745;PRJEB90004;PRJEB94202;PRJNA533106			no_sra_center
GCA_965231225.2	Andreaea hookeri	2025-07-27	SAMEA10983470	WELLCOME SANGER INSTITUTE	EBI	PRJEB40665;PRJEB43510;PRJEB43745;PRJEB85657;PRJEB87557;PRJNA533106			no_sra_center
GCA_965644055.1	Andreaea mutabilis	2025-07-27	SAMEA112690268	WELLCOME SANGER INSTITUTE	EBI	PRJEB40665;PRJEB43510;PRJEB43745;PRJEB90006;PRJEB94089;PRJNA533106			no_sra_center
GCA_965637445.2	Andreaea nivalis	2025-07-27	SAMEA13832687	WELLCOME SANGER INSTITUTE	EBI	PRJEB40665;PRJEB43510;PRJEB43745;PRJEB89627;PRJEB91618;PRJNA533106			no_sra_center
GCA_965644345.1	Andreaea rothii	2025-07-28	SAMEA10983308	WELLCOME SANGER INSTITUTE	EBI	PRJEB40665;PRJEB43510;PRJEB43745;PRJEB90008;PRJEB94157;PRJNA533106			no_sra_center
GCA_984589225.1	Andreaea rupestris	2026-06-22	SAMEA114214813	WELLCOME SANGER INSTITUTE	EBI	PRJEB110270;PRJEB114150;PRJEB40665;PRJEB43510;PRJEB43745;PRJNA533106			no_sra_center
GCA_979612385.1	Andrena angustior	2026-02-27	SAMEA117801451	WELLCOME SANGER INSTITUTE	EBI	PRJEB108180;PRJEB40665;PRJEB43510;PRJEB43745;PRJEB98950;PRJNA533106			no_sra_center
GCA_986885765.1	Andrena apicata	2026-09-01	SAMEA114277785	WELLCOME SANGER INSTITUTE	EBI	PRJEB110145;PRJEB121024;PRJEB40665;PRJEB43510;PRJEB43745;PRJNA533106			no_sra_center
GCA_965204585.1	Andrena barbilabris	2025-03-15	SAMEA114644878	WELLCOME SANGER INSTITUTE	EBI	PRJEB40665;PRJEB43510;PRJEB43745;PRJEB81381;PRJEB86919;PRJNA533106			no_sra_center
GCA_960531205.1	Andrena bicolor	2023-07-26	SAMEA10157815	WELLCOME SANGER INSTITUTE	EBI	PRJEB40665;PRJEB43510;PRJEB43745;PRJEB58236;PRJEB64529;PRJNA533106			no_sra_center
GCA_947577245.1	Andrena bucephala	2022-12-18	SAMEA10166816	WELLCOME SANGER INSTITUTE	EBI	PRJEB40665;PRJEB43510;PRJEB43745;PRJEB55567;PRJEB58269;PRJNA533106			no_sra_center
GCA_963855975.1	Andrena chrysosceles	2023-12-15	SAMEA10166738	WELLCOME SANGER INSTITUTE	EBI	PRJEB40665;PRJEB43510;PRJEB43745;PRJEB59284;PRJEB71130;PRJNA533106			no_sra_center
GCA_965620515.1	Andrena clarkella	2025-07-09	SAMEA114277782	WELLCOME SANGER INSTITUTE	EBI	PRJEB40665;PRJEB43510;PRJEB43745;PRJEB88762;PRJEB91278;PRJNA533106			no_sra_center
GCA_965620555.1	Andrena clarkella	2025-07-09	SAMEA114277782	WELLCOME SANGER INSTITUTE	EBI	PRJEB40665;PRJEB43510;PRJEB43745;PRJEB88762;PRJEB91279;PRJNA533106			no_sra_center
GCA_986885665.1	Andrena denticulata	2026-09-01	SAMEA118280318	WELLCOME SANGER INSTITUTE	EBI	PRJEB115258;PRJEB121026;PRJEB40665;PRJEB43510;PRJEB43745;PRJNA533106			no_sra_center
GCA_929108735.1	Andrena dorsata	2022-02-09	SAMEA7746464	WELLCOME SANGER INSTITUTE	EBI	PRJEB40665;PRJEB43510;PRJEB43745;PRJEB48400;PRJEB50659;PRJNA533106			no_sra_center
GCA_963971345.1	Andrena flavipes	2024-03-07	SAMEA112964171	WELLCOME SANGER INSTITUTE	EBI	PRJEB40665;PRJEB43510;PRJEB43745;PRJEB67431;PRJEB73525;PRJNA533106			no_sra_center
GCA_984806685.1	Andrena florea	2026-06-26	SAMEA118280149	WELLCOME SANGER INSTITUTE	EBI	PRJEB103893;PRJEB114500;PRJEB40665;PRJEB43510;PRJEB43745;PRJNA533106			no_sra_center
GCA_946251845.1	Andrena fulva	2022-09-12	SAMEA10166729	WELLCOME SANGER INSTITUTE	EBI	PRJEB40665;PRJEB43510;PRJEB43745;PRJEB54055;PRJEB55429;PRJNA533106			no_sra_center
GCA_910592295.1	Andrena haemorrhoa	2021-07-07	SAMEA7520535	WELLCOME SANGER INSTITUTE	EBI	PRJEB40665;PRJEB43510;PRJEB43745;PRJEB45180;PRJEB45692;PRJNA533106			no_sra_center
GCA_944738655.2	Andrena hattorfiana	2022-09-15	SAMEA7746468	WELLCOME SANGER INSTITUTE	EBI	PRJEB40665;PRJEB43510;PRJEB43745;PRJEB52207;PRJEB53871;PRJNA533106			no_sra_center
GCA_964234935.1	Andrena helvola	2024-08-31	SAMEA10166747	WELLCOME SANGER INSTITUTE	EBI	PRJEB40665;PRJEB43510;PRJEB43745;PRJEB56906;PRJEB79070;PRJNA533106			no_sra_center
GCA_963932335.1	Andrena marginata	2024-02-07	SAMEA111458438	WELLCOME SANGER INSTITUTE	EBI	PRJEB40665;PRJEB43510;PRJEB43745;PRJEB61045;PRJEB72334;PRJNA533106			no_sra_center
GCA_929113495.1	Andrena minutula	2022-02-09	SAMEA8603155	WELLCOME SANGER INSTITUTE	EBI	PRJEB40665;PRJEB43510;PRJEB43745;PRJEB47990;PRJEB50664;PRJNA533106			no_sra_center
GCA_964214045.1	Andrena nitida	2024-08-27	SAMEA10106998	WELLCOME SANGER INSTITUTE	EBI	PRJEB40665;PRJEB43510;PRJEB43745;PRJEB59201;PRJEB78973;PRJNA533106			no_sra_center
GCA_986708565.1	Andrena nitidiuscula	2026-08-22	SAMEA113425587	WELLCOME SANGER INSTITUTE	EBI	PRJEB120939;PRJEB40665;PRJEB43510;PRJEB43745;PRJEB81840;PRJNA533106			no_sra_center
GCA_963932275.1	Andrena praecox	2024-02-07	SAMEA10166794	WELLCOME SANGER INSTITUTE	EBI	PRJEB40665;PRJEB43510;PRJEB43745;PRJEB57674;PRJEB72337;PRJNA533106			no_sra_center
GCA_952773225.1	Andrena scotica	2023-07-15	SAMEA10166736	WELLCOME SANGER INSTITUTE	EBI	PRJEB40665;PRJEB43510;PRJEB43745;PRJEB58246;PRJEB61392;PRJNA533106			no_sra_center
GCA_951215215.1	Andrena trimmerana	2023-05-11	SAMEA10107041	WELLCOME SANGER INSTITUTE	EBI	PRJEB40665;PRJEB43510;PRJEB43745;PRJEB56904;PRJEB61831;PRJNA533106			no_sra_center
GCA_964291865.1	Anerastia lotella	2024-10-28	SAMEA112964081	WELLCOME SANGER INSTITUTE	EBI	PRJEB40665;PRJEB43510;PRJEB43745;PRJEB71705;PRJEB76333;PRJEB81573;PRJNA533106			no_sra_center
GCA_988323375.1	Anethum graveolens	2026-10-03	SAMEA121641846	WELLCOME SANGER INSTITUTE	EBI	PRJEB125094;PRJEB125134;PRJEB127092;PRJEB40665;PRJEB43510;PRJEB43745;PRJEB80366;PRJNA533106			no_sra_center
GCA_986885725.1	Aneugmenus padi	2026-08-28	SAMEA118540663	WELLCOME SANGER INSTITUTE	EBI	PRJEB112731;PRJEB121029;PRJEB40665;PRJEB43510;PRJEB43745;PRJNA533106			no_sra_center
GCA_984885455.1	Aneugmenus temporalis	2026-06-27	SAMEA118280464	WELLCOME SANGER INSTITUTE	EBI	PRJEB112624;PRJEB114696;PRJEB40665;PRJEB43510;PRJEB43745;PRJNA533106			no_sra_center
GCA_982935365.1	Angelica archangelica	2026-05-18	SAMEA9335116	WELLCOME SANGER INSTITUTE	EBI	PRJEB111288;PRJEB112216;PRJEB125134;PRJEB40665;PRJEB43510;PRJEB43745;PRJEB80366;PRJNA533106			no_sra_center
GCA_964640705.1	Anilocra frontalis	2025-01-02	SAMEA13831406	WELLCOME SANGER INSTITUTE	EBI	PRJEB40665;PRJEB43510;PRJEB43745;PRJEB79547;PRJEB83303;PRJNA533106			no_sra_center
GCA_964188095.1	Anisosticta novemdecimpunctata	2024-06-21	SAMEA112963030	WELLCOME SANGER INSTITUTE	EBI	PRJEB40665;PRJEB43510;PRJEB43745;PRJEB66404;PRJEB76704;PRJNA533106			no_sra_center
GCA_949126835.1	Anisus vortex	2023-04-08	SAMEA7520804	WELLCOME SANGER INSTITUTE	EBI	PRJEB40665;PRJEB43510;PRJEB43745;PRJEB59083;PRJEB59452;PRJNA533106			no_sra_center
GCA_965643755.1	Anobium punctatum	2025-07-19	SAMEA111458820	WELLCOME SANGER INSTITUTE	EBI	PRJEB40665;PRJEB43510;PRJEB43745;PRJEB73647;PRJEB94002;PRJNA533106			no_sra_center
GCA_977018995.1	Anoectangium aestivum	2025-11-07	SAMEA10983044	WELLCOME SANGER INSTITUTE	EBI	PRJEB102135;PRJEB40665;PRJEB43510;PRJEB43745;PRJEB97985;PRJNA533106			no_sra_center
GCA_976358155.1	Anomodon viticulosus	2025-10-26	SAMEA112690778	WELLCOME SANGER INSTITUTE	EBI	PRJEB40665;PRJEB43510;PRJEB43745;PRJEB80507;PRJEB96218;PRJNA533106			no_sra_center
GCA_951828415.1	Anomoia purmunda	2023-07-14	SAMEA7520325	WELLCOME SANGER INSTITUTE	EBI	PRJEB40665;PRJEB43510;PRJEB43745;PRJEB55940;PRJEB63031;PRJNA533106			no_sra_center
GCA_987114365.1	Anoplius caviventris	2026-09-01	SAMEA118559668	WELLCOME SANGER INSTITUTE	EBI	PRJEB110131;PRJEB121454;PRJEB40665;PRJEB43510;PRJEB43745;PRJNA533106			no_sra_center
GCA_914767735.1	Anoplius nigerrimus	2021-09-16	SAMEA7746764	WELLCOME SANGER INSTITUTE	EBI	PRJEB40665;PRJEB43510;PRJEB43745;PRJEB46296;PRJEB47348;PRJNA533106			no_sra_center
GCA_945859665.1	Anorthoa munda	2022-09-13	SAMEA10107020	WELLCOME SANGER INSTITUTE	EBI	PRJEB40665;PRJEB43510;PRJEB43745;PRJEB53934;PRJEB54840;PRJEB71705;PRJNA533106			no_sra_center
GCA_976913865.1	Anser albifrons	2025-10-26	SAMEA115433003	WELLCOME SANGER INSTITUTE	European Bioinformatics Institute	PRJEB125134;PRJEB40665;PRJEB43510;PRJEB43745;PRJEB80345;PRJEB80366;PRJEB97127;PRJNA489243;PRJNA533106			no_sra_center
GCA_964211785.1	Anser anser	2024-07-31	SAMEA113398854	WELLCOME SANGER INSTITUTE	EBI	PRJEB125134;PRJEB40665;PRJEB43510;PRJEB43745;PRJEB73445;PRJEB78492;PRJEB80366;PRJNA489243;PRJNA533106			no_sra_center
GCA_964211835.1	Anser anser	2024-07-31	SAMEA113398854	WELLCOME SANGER INSTITUTE	EBI	PRJEB125134;PRJEB40665;PRJEB43510;PRJEB43745;PRJEB73445;PRJEB78491;PRJEB80366;PRJNA489243;PRJNA533106			no_sra_center
GCA_964034855.1	Anser brachyrhynchus	2024-04-27	SAMEA112468040	WELLCOME SANGER INSTITUTE	EBI	PRJEB40665;PRJEB43510;PRJEB43745;PRJEB68284;PRJEB75305;PRJNA489243;PRJNA533106			no_sra_center
GCA_965277985.1	Anser erythropus	2025-05-04	SAMEA113398961	WELLCOME SANGER INSTITUTE	EBI	PRJEB40665;PRJEB43510;PRJEB43745;PRJEB74599;PRJEB89150;PRJNA489243;PRJNA533106			no_sra_center
GCA_988290455.1	Anser fabalis	2026-09-24	SAMEA113398846	WELLCOME SANGER INSTITUTE	EBI	PRJEB40665;PRJEB43510;PRJEB43745;PRJEB75623;PRJEB88628;PRJNA489243;PRJNA533106			no_sra_center
GCA_965124015.1	Anseropoda placenta	2025-02-11	SAMEA112789132	WELLCOME SANGER INSTITUTE	EBI	PRJEB40665;PRJEB43510;PRJEB43745;PRJEB79611;PRJEB85581;PRJNA533106			no_sra_center
GCA_963402885.1	Antedon bifida	2023-08-28	SAMEA8724778	WELLCOME SANGER INSTITUTE	EBI	PRJEB40665;PRJEB43510;PRJEB43745;PRJEB60006;PRJEB65435;PRJNA533106			no_sra_center
GCA_983538325.1	Anthelia julacea	2026-05-24	SAMEA115550986	WELLCOME SANGER INSTITUTE	EBI	PRJEB110561;PRJEB112747;PRJEB40665;PRJEB43510;PRJEB43745;PRJNA533106			no_sra_center
GCA_986268575.1	Anthidium manicatum	2026-07-04	SAMEA118280890	WELLCOME SANGER INSTITUTE	EBI	PRJEB110240;PRJEB115564;PRJEB40665;PRJEB43510;PRJEB43745;PRJNA533106			no_sra_center
GCA_965663565.1	Anthobium unicolor	2025-08-23	SAMEA8603251	WELLCOME SANGER INSTITUTE	EBI	PRJEB40665;PRJEB43510;PRJEB43745;PRJEB71250;PRJEB94974;PRJNA533106			no_sra_center
GCA_965663555.1	Anthobium unicolor	2025-08-22	SAMEA8603251	WELLCOME SANGER INSTITUTE	EBI	PRJEB40665;PRJEB43510;PRJEB43745;PRJEB71250;PRJEB94973;PRJNA533106			no_sra_center
GCA_905404175.1	Anthocharis cardamines	2021-04-15	SAMEA7523110	WELLCOME SANGER INSTITUTE	EBI	PRJEB40665;PRJEB43510;PRJEB43745;PRJEB43792;PRJEB43982;PRJEB71705;PRJNA533106			no_sra_center
GCA_964258815.1	Anthocomus fasciatus	2024-09-01	SAMEA114644910	WELLCOME SANGER INSTITUTE	EBI	PRJEB40665;PRJEB43510;PRJEB43745;PRJEB78780;PRJEB79481;PRJNA533106			no_sra_center
GCA_987106625.1	Anthocoris confusus	2026-09-01	SAMEA118280477	WELLCOME SANGER INSTITUTE	EBI	PRJEB113736;PRJEB121306;PRJEB40665;PRJEB43510;PRJEB43745;PRJNA533106			no_sra_center
GCA_964249955.1	Anthocoris nemoralis	2024-08-31	SAMEA110451534	WELLCOME SANGER INSTITUTE	EBI	PRJEB40665;PRJEB43510;PRJEB43745;PRJEB78326;PRJEB79330;PRJNA533106			no_sra_center
GCA_964263875.1	Anthomyza gracilis	2024-09-15	SAMEA112232883	WELLCOME SANGER INSTITUTE	EBI	PRJEB40665;PRJEB43510;PRJEB43745;PRJEB77767;PRJEB80004;PRJNA533106			no_sra_center
GCA_987201415.1	Anthonomus pomorum	2026-09-08	SAMEA118559496	WELLCOME SANGER INSTITUTE	EBI	PRJEB112950;PRJEB122964;PRJEB40665;PRJEB43510;PRJEB43745;PRJNA533106			no_sra_center
GCA_984573435.1	Anthophila fabriciana	2026-06-04	SAMEA112964162	WELLCOME SANGER INSTITUTE	EBI	PRJEB104968;PRJEB113550;PRJEB40665;PRJEB43510;PRJEB43745;PRJEB71705;PRJNA533106			no_sra_center
GCA_963971155.1	Anthrax anthrax	2024-03-04	SAMEA112232691	WELLCOME SANGER INSTITUTE	EBI	PRJEB40665;PRJEB43510;PRJEB43745;PRJEB64720;PRJEB73461;PRJNA533106			no_sra_center
GCA_982936505.1	Anthriscus sylvestris	2026-05-18	SAMEA9143032	WELLCOME SANGER INSTITUTE	EBI	PRJEB111286;PRJEB112218;PRJEB125134;PRJEB40665;PRJEB43510;PRJEB43745;PRJEB80366;PRJNA533106			no_sra_center
GCA_987193735.1	Anthus petrosus	2026-09-08	SAMEA120960975	WELLCOME SANGER INSTITUTE	EBI	PRJEB120907;PRJEB122690;PRJEB40665;PRJEB43510;PRJEB43745;PRJNA489243;PRJNA533106			no_sra_center
GCA_987193795.1	Anthus pratensis	2026-09-08	SAMEA117632797	WELLCOME SANGER INSTITUTE	EBI	PRJEB122693;PRJEB125134;PRJEB40665;PRJEB43510;PRJEB43745;PRJEB80366;PRJEB98764;PRJNA489243;PRJNA533106			no_sra_center
GCA_987194865.1	Anthus pratensis	2026-09-08	SAMEA117632797	WELLCOME SANGER INSTITUTE	EBI	PRJEB122692;PRJEB125134;PRJEB40665;PRJEB43510;PRJEB43745;PRJEB80366;PRJEB98764;PRJNA489243;PRJNA533106			no_sra_center
GCA_987193405.1	Anthus trivialis	2026-09-03	SAMEA118680469	WELLCOME SANGER INSTITUTE	EBI	PRJEB111042;PRJEB122694;PRJEB40665;PRJEB43510;PRJEB43745;PRJNA489243;PRJNA533106			no_sra_center
GCA_965615755.1	Anthyllis vulneraria	2025-07-08	SAMEA9335120	WELLCOME SANGER INSTITUTE	EBI	PRJEB125134;PRJEB40665;PRJEB43510;PRJEB43745;PRJEB76526;PRJEB80366;PRJEB90963;PRJNA533106			no_sra_center
GCA_947579855.1	Anticlea derivata	2022-12-18	SAMEA10107024	WELLCOME SANGER INSTITUTE	EBI	PRJEB40665;PRJEB43510;PRJEB43745;PRJEB55883;PRJEB58274;PRJEB71705;PRJNA533106			no_sra_center
GCA_951230915.1	Antitrichia curtipendula	2023-05-11	SAMEA10332340	WELLCOME SANGER INSTITUTE	EBI	PRJEB40665;PRJEB43510;PRJEB43745;PRJEB60210;PRJEB61901;PRJNA533106			no_sra_center
GCA_947359405.1	Antitype chi	2022-12-03	SAMEA110028560	WELLCOME SANGER INSTITUTE	EBI	PRJEB40665;PRJEB43510;PRJEB43745;PRJEB55575;PRJEB57611;PRJEB71705;PRJNA533106			no_sra_center
GCA_988425455.1	Anyphaena accentuata	2026-10-07	SAMEA113425434	WELLCOME SANGER INSTITUTE	EBI	PRJEB124371;PRJEB126829;PRJEB40665;PRJEB43510;PRJEB43745;PRJNA533106			no_sra_center
GCA_988282055.1	Anyphaena accentuata	2026-09-17	SAMEA113425434	WELLCOME SANGER INSTITUTE	EBI	PRJEB124371;PRJEB126830;PRJEB40665;PRJEB43510;PRJEB43745;PRJNA533106			no_sra_center
GCA_988323685.1	Anyphaena sabina	2026-10-04	SAMEA115574551	WELLCOME SANGER INSTITUTE	EBI	PRJEB125629;PRJEB127166;PRJEB40665;PRJEB43510;PRJEB43745;PRJNA533106			no_sra_center
GCA_965197045.1	Apaeleticus inimicus	2025-03-10	SAMEA111458177	WELLCOME SANGER INSTITUTE	EBI	PRJEB40665;PRJEB43510;PRJEB43745;PRJEB73898;PRJEB86661;PRJNA533106			no_sra_center
GCA_951799955.1	Apamea anceps	2023-05-27	SAMEA110451592	WELLCOME SANGER INSTITUTE	EBI	PRJEB40665;PRJEB43510;PRJEB43745;PRJEB61923;PRJEB62593;PRJEB71705;PRJNA533106			no_sra_center
GCA_949629185.1	Apamea crenata	2023-03-16	SAMEA111458044	WELLCOME SANGER INSTITUTE	EBI	PRJEB40665;PRJEB43510;PRJEB43745;PRJEB59960;PRJEB60549;PRJEB71705;PRJNA533106			no_sra_center
GCA_947507525.1	Apamea epomidion	2022-12-06	SAMEA10979176	WELLCOME SANGER INSTITUTE	EBI	PRJEB40665;PRJEB43510;PRJEB43745;PRJEB55887;PRJEB57958;PRJEB71705;PRJNA533106			no_sra_center
GCA_986269715.1	Apamea furva	2026-07-05	SAMEA120504617	WELLCOME SANGER INSTITUTE	EBI	PRJEB114859;PRJEB115639;PRJEB40665;PRJEB43510;PRJEB43745;PRJEB71705;PRJNA533106			no_sra_center
GCA_988322825.1	Apamea lateritia	2026-10-03	SAMEA120504789	WELLCOME SANGER INSTITUTE	EBI	PRJEB114889;PRJEB127735;PRJEB40665;PRJEB43510;PRJEB43745;PRJEB71705;PRJNA533106			no_sra_center
GCA_965234015.1	Apamea lithoxylaea	2025-04-06	SAMEA10978950	WELLCOME SANGER INSTITUTE	EBI	PRJEB40665;PRJEB43510;PRJEB43745;PRJEB71705;PRJEB84087;PRJEB87985;PRJNA533106			no_sra_center
GCA_911387795.2	Apamea monoglypha	2022-02-13	SAMEA7701555	WELLCOME SANGER INSTITUTE	EBI	PRJEB40665;PRJEB43510;PRJEB43745;PRJEB45191;PRJEB46430;PRJEB71705;PRJNA533106			no_sra_center
GCA_983533295.1	Apamea scolopacina	2026-06-04	SAMEA7701290	WELLCOME SANGER INSTITUTE	EBI	PRJEB111342;PRJEB112751;PRJEB40665;PRJEB43510;PRJEB43745;PRJEB71705;PRJNA533106			no_sra_center
GCA_945859715.1	Apamea sordens	2022-07-22	SAMEA10166870	WELLCOME SANGER INSTITUTE	EBI	PRJEB40665;PRJEB43510;PRJEB43745;PRJEB54051;PRJEB54844;PRJEB71705;PRJNA533106			no_sra_center
GCA_964263905.1	Apamea sublustris	2024-09-15	SAMEA114644769	WELLCOME SANGER INSTITUTE	EBI	PRJEB40665;PRJEB43510;PRJEB43745;PRJEB71705;PRJEB78784;PRJEB80009;PRJNA533106			no_sra_center
GCA_977072205.1	Apamea unanimis	2025-12-05	SAMEA118540757	WELLCOME SANGER INSTITUTE	EBI	PRJEB102935;PRJEB104363;PRJEB40665;PRJEB43510;PRJEB43745;PRJEB71705;PRJNA533106			no_sra_center
GCA_982551335.1	Apatura ilia	2026-04-25	SAMEA118260727	WELLCOME SANGER INSTITUTE	EBI	PRJEB105505;PRJEB110594;PRJEB40665;PRJEB43510;PRJEB43745;PRJEB71705;PRJNA533106			no_sra_center
GCA_982184895.1	Apechthis compunctor	2026-03-08	SAMEA111458734	WELLCOME SANGER INSTITUTE	EBI	PRJEB109014;PRJEB40665;PRJEB43510;PRJEB43745;PRJEB78904;PRJNA533106			no_sra_center
GCA_934044485.1	Apeira syringaria	2022-03-27	SAMEA7520685	WELLCOME SANGER INSTITUTE	EBI	PRJEB40665;PRJEB43510;PRJEB43745;PRJEB50739;PRJEB51787;PRJEB71705;PRJNA533106			no_sra_center
GCA_964237545.1	Aphelia paleana	2024-08-31	SAMEA114805971	WELLCOME SANGER INSTITUTE	EBI	PRJEB40665;PRJEB43510;PRJEB43745;PRJEB71705;PRJEB78812;PRJEB79217;PRJNA533106			no_sra_center
GCA_979322185.1	Aphelia viburniana	2026-02-14	SAMEA118256904	WELLCOME SANGER INSTITUTE	EBI	PRJEB102937;PRJEB108046;PRJEB40665;PRJEB43510;PRJEB43745;PRJEB71705;PRJNA533106			no_sra_center
GCA_963966015.1	Aphidecta obliterata	2024-02-11	SAMEA112198533	WELLCOME SANGER INSTITUTE	EBI	PRJEB40665;PRJEB43510;PRJEB43745;PRJEB68260;PRJEB72512;PRJNA533106			no_sra_center
GCA_986172655.1	Aphis idaei	2026-07-04	SAMEA117857598	WELLCOME SANGER INSTITUTE	EBI	PRJEB112332;PRJEB115220;PRJEB125134;PRJEB40665;PRJEB43510;PRJEB43745;PRJEB80366;PRJNA533106			no_sra_center
GCA_988240645.1	Aphis rumicis	2026-09-10	SAMEA121108507	WELLCOME SANGER INSTITUTE	EBI	PRJEB124321;PRJEB125134;PRJEB125581;PRJEB40665;PRJEB43510;PRJEB43745;PRJEB80366;PRJNA533106			no_sra_center
GCA_988240525.1	Aphis rumicis	2026-09-10	SAMEA121108507	WELLCOME SANGER INSTITUTE	EBI	PRJEB124321;PRJEB125134;PRJEB125580;PRJEB40665;PRJEB43510;PRJEB43745;PRJEB80366;PRJNA533106			no_sra_center
GCA_984573975.1	Aphodius ater	2026-06-15	SAMEA118539740	WELLCOME SANGER INSTITUTE	EBI	PRJEB104972;PRJEB113501;PRJEB40665;PRJEB43510;PRJEB43745;PRJNA533106			no_sra_center
GCA_964211865.1	Aphodius fimetarius	2024-08-01	SAMEA112232683	WELLCOME SANGER INSTITUTE	EBI	PRJEB40665;PRJEB43510;PRJEB43745;PRJEB64100;PRJEB78531;PRJNA533106			no_sra_center
GCA_963971325.1	Aphodius granarius	2024-03-04	SAMEA112232679	WELLCOME SANGER INSTITUTE	EBI	PRJEB40665;PRJEB43510;PRJEB43745;PRJEB61913;PRJEB73495;PRJNA533106			no_sra_center
GCA_963966075.1	Aphodius sticticus	2024-02-12	SAMEA112774809	WELLCOME SANGER INSTITUTE	EBI	PRJEB40665;PRJEB43510;PRJEB43745;PRJEB70743;PRJEB72519;PRJNA533106			no_sra_center
GCA_965363045.1	Aphomia sociella	2025-07-06	SAMEA7520671	WELLCOME SANGER INSTITUTE	EBI	PRJEB40665;PRJEB43510;PRJEB43745;PRJEB71705;PRJEB84099;PRJEB90255;PRJNA533106			no_sra_center
GCA_963513935.1	Aphrophora alni	2023-09-28	SAMEA110180667	WELLCOME SANGER INSTITUTE	EBI	PRJEB40665;PRJEB43510;PRJEB43745;PRJEB65666;PRJEB66370;PRJNA533106			no_sra_center
GCA_983203525.1	Aphthona herbigrada	2026-06-15	SAMEA111458560	WELLCOME SANGER INSTITUTE	EBI	PRJEB112593;PRJEB40665;PRJEB43510;PRJEB43745;PRJEB83511;PRJNA533106			no_sra_center
GCA_987216935.1	Aphthona nonstriata	2026-09-08	SAMEA118559613	WELLCOME SANGER INSTITUTE	EBI	PRJEB112954;PRJEB123188;PRJEB40665;PRJEB43510;PRJEB43745;PRJNA533106			no_sra_center
GCA_983533215.1	Apis mellifera	2026-06-15	SAMEA114578112	WELLCOME SANGER INSTITUTE	EBI	PRJEB111417;PRJEB112759;PRJEB40665;PRJEB43510;PRJEB43745;PRJNA533106			no_sra_center
GCA_977993635.1	Aplasta ononaria	2026-01-18	SAMEA118256894	WELLCOME SANGER INSTITUTE	EBI	PRJEB103892;PRJEB105920;PRJEB40665;PRJEB43510;PRJEB43745;PRJEB71705;PRJNA533106			no_sra_center
GCA_974891035.1	Aplidium pallidum	2025-10-08	SAMEA112788962	WELLCOME SANGER INSTITUTE	EBI	PRJEB40665;PRJEB43510;PRJEB43745;PRJEB81190;PRJEB95043;PRJNA533106			no_sra_center
GCA_918807975.1	Aplidium turbinatum	2021-11-19	SAMEA7536566	WELLCOME SANGER INSTITUTE	EBI	PRJEB40665;PRJEB43510;PRJEB43745;PRJEB45189;PRJEB48675;PRJNA533106			no_sra_center
GCA_921293045.1	Aplocera efformata	2021-12-05	SAMEA8603170	WELLCOME SANGER INSTITUTE	EBI	PRJEB40665;PRJEB43510;PRJEB43745;PRJEB47323;PRJEB49084;PRJEB71705;PRJNA533106			no_sra_center
GCA_965199025.1	Aplocera plagiata	2025-03-13	SAMEA115163580	WELLCOME SANGER INSTITUTE	EBI	PRJEB40665;PRJEB43510;PRJEB43745;PRJEB71705;PRJEB83740;PRJEB86824;PRJNA533106			no_sra_center
GCA_978018165.1	Aplotarsus incanus	2026-02-01	SAMEA118256637	WELLCOME SANGER INSTITUTE	EBI	PRJEB103885;PRJEB106232;PRJEB40665;PRJEB43510;PRJEB43745;PRJNA533106			no_sra_center
GCA_947579745.1	Apocheima hispidaria	2022-12-18	SAMEA10107034	WELLCOME SANGER INSTITUTE	EBI	PRJEB40665;PRJEB43510;PRJEB43745;PRJEB57898;PRJEB58278;PRJEB71705;PRJNA533106			no_sra_center
GCA_946406115.1	Apoda limacodes	2022-09-12	SAMEA11025013	WELLCOME SANGER INSTITUTE	EBI	PRJEB40665;PRJEB43510;PRJEB43745;PRJEB54603;PRJEB55486;PRJEB71705;PRJNA533106			no_sra_center
GCA_947179515.1	Apodemus sylvaticus	2022-10-28	SAMEA7702024	WELLCOME SANGER INSTITUTE	EBI	PRJEB40665;PRJEB43510;PRJEB43745;PRJEB53556;PRJEB56948;PRJNA489243;PRJNA533106			no_sra_center
GCA_911728435.2	Apoderus coryli	2022-10-14	SAMEA7520690	WELLCOME SANGER INSTITUTE	EBI	PRJEB40665;PRJEB43510;PRJEB43745;PRJEB45119;PRJEB46626;PRJNA533106			no_sra_center
GCA_947044815.1	Apomyelois bistriatella	2022-10-07	SAMEA10978762	WELLCOME SANGER INSTITUTE	EBI	PRJEB40665;PRJEB43510;PRJEB43745;PRJEB55343;PRJEB56516;PRJEB71705;PRJNA533106			no_sra_center
GCA_965152715.1	Aponogeton distachyos	2025-02-19	SAMEA7522292	WELLCOME SANGER INSTITUTE	EBI	PRJEB40665;PRJEB43510;PRJEB43745;PRJEB77446;PRJEB85903;PRJNA533106			no_sra_center
GCA_965152745.1	Aponogeton distachyos	2025-02-19	SAMEA7522292	WELLCOME SANGER INSTITUTE	EBI	PRJEB40665;PRJEB43510;PRJEB43745;PRJEB77446;PRJEB85904;PRJNA533106			no_sra_center
GCA_912999735.1	Aporia crataegi	2021-08-18	SAMEA7523355	WELLCOME SANGER INSTITUTE	EBI	PRJEB40665;PRJEB43510;PRJEB43745;PRJEB45674;PRJEB47020;PRJEB71705;PRJNA533106			no_sra_center
GCA_977993545.1	Aporophyla australis	2026-01-21	SAMEA118559512	WELLCOME SANGER INSTITUTE	EBI	PRJEB102941;PRJEB105922;PRJEB40665;PRJEB43510;PRJEB43745;PRJEB71705;PRJNA533106			no_sra_center
GCA_932294355.1	Aporophyla lueneburgensis	2022-03-11	SAMEA8603194	WELLCOME SANGER INSTITUTE	EBI	PRJEB40665;PRJEB43510;PRJEB43745;PRJEB50735;PRJEB51288;PRJEB71705;PRJNA533106			no_sra_center
GCA_947507805.1	Aporophyla nigra	2022-12-07	SAMEA110038400	WELLCOME SANGER INSTITUTE	EBI	PRJEB40665;PRJEB43510;PRJEB43745;PRJEB56487;PRJEB57863;PRJEB71705;PRJNA533106			no_sra_center
GCA_977118385.1	Aporrectodea caliginosa	2026-02-01	SAMEA7523859	WELLCOME SANGER INSTITUTE	EBI	PRJEB103854;PRJEB40665;PRJEB43510;PRJEB43745;PRJEB79443;PRJNA533106			no_sra_center
GCA_932273695.1	Apotomis betuletana	2022-03-10	SAMEA7701588	WELLCOME SANGER INSTITUTE	EBI	PRJEB40665;PRJEB43510;PRJEB43745;PRJEB49039;PRJEB51195;PRJEB71705;PRJNA533106			no_sra_center
GCA_947623375.1	Apotomis capreana	2022-12-19	SAMEA10978943	WELLCOME SANGER INSTITUTE	EBI	PRJEB40665;PRJEB43510;PRJEB43745;PRJEB56802;PRJEB58315;PRJEB71705;PRJNA533106			no_sra_center
GCA_905147355.2	Apotomis turbidana	2022-02-02	SAMEA7520681	Wellcome Sanger Institute	EBI	PRJEB40665;PRJEB41899;PRJEB42113;PRJEB43510;PRJEB43745;PRJEB71705;PRJNA533106			no_sra_center
GCA_949987775.1	Aproaerema taeniolella	2023-05-03	SAMEA7701519	WELLCOME SANGER INSTITUTE	EBI	PRJEB40665;PRJEB43510;PRJEB43745;PRJEB56804;PRJEB61576;PRJEB71705;PRJNA533106			no_sra_center
GCA_984657855.1	Aproaerema vinella	2026-06-22	SAMEA118559384	WELLCOME SANGER INSTITUTE	EBI	PRJEB110738;PRJEB114298;PRJEB40665;PRJEB43510;PRJEB43745;PRJEB71705;PRJNA533106			no_sra_center
GCA_984807555.1	Aproceros leucopoda	2026-07-04	SAMEA118281036	WELLCOME SANGER INSTITUTE	EBI	PRJEB109199;PRJEB114650;PRJEB40665;PRJEB43510;PRJEB43745;PRJNA533106			no_sra_center
GCA_964291885.1	Aquilegia vulgaris	2024-10-28	SAMEA14449597	WELLCOME SANGER INSTITUTE	EBI	PRJEB40665;PRJEB43510;PRJEB43745;PRJEB77580;PRJEB81568;PRJNA533106			no_sra_center
GCA_964291825.1	Aquilegia vulgaris	2024-10-28	SAMEA14449597	WELLCOME SANGER INSTITUTE	EBI	PRJEB40665;PRJEB43510;PRJEB43745;PRJEB77580;PRJEB81569;PRJNA533106			no_sra_center
GCA_988293595.1	Ara militaris	2026-10-01	SAMEA118680505	WELLCOME SANGER INSTITUTE	EBI	PRJEB123067;PRJEB127413;PRJEB40665;PRJEB43510;PRJEB43745;PRJNA489243;PRJNA533106			no_sra_center
GCA_933208065.1	Arabidopsis thaliana	2022-03-23	SAMEA7522056	WELLCOME SANGER INSTITUTE	EBI	PRJEB125134;PRJEB40665;PRJEB43510;PRJEB43745;PRJEB50931;PRJEB51511;PRJEB80366;PRJNA533106			no_sra_center
GCA_964056655.1	Arabis hirsuta	2024-05-17	SAMEA114214493	WELLCOME SANGER INSTITUTE	EBI	PRJEB40665;PRJEB43510;PRJEB43745;PRJEB73956;PRJEB75728;PRJNA533106			no_sra_center
GCA_949709995.1	Arachnomyces sp. KDTOL00113	2023-03-28	SAMEA8100275	WELLCOME SANGER INSTITUTE	EBI	PRJEB40665;PRJEB43510;PRJEB43745;PRJEB60196;PRJEB60736;PRJNA533106			no_sra_center
GCA_963662175.1	Aradus depressus	2023-12-07	SAMEA112232731	WELLCOME SANGER INSTITUTE	EBI	PRJEB40665;PRJEB43510;PRJEB43745;PRJEB66770;PRJEB68350;PRJNA533106			no_sra_center
GCA_965153375.1	Aradus truncatus	2025-02-28	SAMEA114663830	WELLCOME SANGER INSTITUTE	EBI	PRJEB40665;PRJEB43510;PRJEB43745;PRJEB85020;PRJEB85989;PRJNA533106			no_sra_center
GCA_965645275.1	Araneus angulatus	2025-07-28	SAMEA11024980	WELLCOME SANGER INSTITUTE	EBI	PRJEB40665;PRJEB43510;PRJEB43745;PRJEB73665;PRJEB94316;PRJNA533106			no_sra_center
GCA_985198525.1	Araneus marmoreus	2026-07-04	SAMEA115574500	WELLCOME SANGER INSTITUTE	EBI	PRJEB113000;PRJEB114787;PRJEB40665;PRJEB43510;PRJEB43745;PRJNA533106			no_sra_center
GCA_977964365.1	Araneus quadratus	2026-02-01	SAMEA118560129	WELLCOME SANGER INSTITUTE	EBI	PRJEB102889;PRJEB105353;PRJEB40665;PRJEB43510;PRJEB43745;PRJNA533106			no_sra_center
GCA_977964165.1	Araneus quadratus	2026-02-01	SAMEA118560129	WELLCOME SANGER INSTITUTE	EBI	PRJEB102889;PRJEB105352;PRJEB40665;PRJEB43510;PRJEB43745;PRJNA533106			no_sra_center
GCA_984661995.1	Araniella cucurbitina	2026-06-22	SAMEA114644693	WELLCOME SANGER INSTITUTE	EBI	PRJEB112455;PRJEB114320;PRJEB40665;PRJEB43510;PRJEB43745;PRJNA533106			no_sra_center
GCA_984662045.1	Araniella cucurbitina	2026-06-22	SAMEA114644693	WELLCOME SANGER INSTITUTE	EBI	PRJEB112455;PRJEB114321;PRJEB40665;PRJEB43510;PRJEB43745;PRJNA533106			no_sra_center
GCA_988425505.1	Arbutus unedo	2026-10-07	SAMEA114563182	WELLCOME SANGER INSTITUTE	EBI	PRJEB127022;PRJEB127929;PRJEB40665;PRJEB43510;PRJEB43745;PRJNA533106			no_sra_center
GCA_984573995.1	Archanara dissoluta	2026-05-31	SAMEA118768123	WELLCOME SANGER INSTITUTE	EBI	PRJEB112320;PRJEB113553;PRJEB40665;PRJEB43510;PRJEB43745;PRJEB71705;PRJNA533106			no_sra_center
GCA_976915725.1	Archiearis parthenias	2025-10-11	SAMEA117491974	WELLCOME SANGER INSTITUTE	EBI	PRJEB40665;PRJEB43510;PRJEB43745;PRJEB71705;PRJEB96584;PRJEB97132;PRJNA533106			no_sra_center
GCA_947859365.1	Archips crataeganus	2023-01-06	SAMEA10978952	WELLCOME SANGER INSTITUTE	EBI	PRJEB40665;PRJEB43510;PRJEB43745;PRJEB56800;PRJEB58745;PRJEB71705;PRJNA533106			no_sra_center
GCA_964237515.1	Archips podanus	2024-08-31	SAMEA7701540	WELLCOME SANGER INSTITUTE	EBI	PRJEB40665;PRJEB43510;PRJEB43745;PRJEB55946;PRJEB71705;PRJEB79212;PRJNA533106			no_sra_center
GCA_947563465.1	Archips xylosteana	2022-12-13	SAMEA7701541	WELLCOME SANGER INSTITUTE	EBI	PRJEB40665;PRJEB43510;PRJEB43745;PRJEB56130;PRJEB58169;PRJEB71705;PRJNA533106			no_sra_center
GCA_987114605.1	Arctia villica	2026-08-28	SAMEA118280410	WELLCOME SANGER INSTITUTE	EBI	PRJEB113346;PRJEB121433;PRJEB40665;PRJEB43510;PRJEB43745;PRJEB71705;PRJNA533106			no_sra_center
GCA_984573675.1	Arctium lappa	2026-06-15	SAMEA118967399	WELLCOME SANGER INSTITUTE	EBI	PRJEB112469;PRJEB113481;PRJEB40665;PRJEB43510;PRJEB43745;PRJNA533106			no_sra_center
GCA_954870635.1	Arctium minus	2023-07-14	SAMEA7521931	WELLCOME SANGER INSTITUTE	EBI	PRJEB40665;PRJEB43510;PRJEB43745;PRJEB53860;PRJEB63244;PRJNA533106			no_sra_center
GCA_985198515.1	Arctosa perita	2026-07-04	SAMEA118540044	WELLCOME SANGER INSTITUTE	EBI	PRJEB113108;PRJEB114789;PRJEB40665;PRJEB43510;PRJEB43745;PRJNA533106			no_sra_center
GCA_985198535.1	Arctosa perita	2026-07-04	SAMEA118540044	WELLCOME SANGER INSTITUTE	EBI	PRJEB113108;PRJEB114788;PRJEB40665;PRJEB43510;PRJEB43745;PRJNA533106			no_sra_center
GCA_963971305.1	Arcuatula senhousia	2024-03-04	SAMEA111562022	WELLCOME SANGER INSTITUTE	EBI	PRJEB40665;PRJEB43510;PRJEB43745;PRJEB63651;PRJEB73490;PRJNA533106			no_sra_center
GCA_987197345.1	Ardea cinerea	2026-09-03	SAMEA118427534	WELLCOME SANGER INSTITUTE	EBI	PRJEB118613;PRJEB122697;PRJEB125134;PRJEB40665;PRJEB43510;PRJEB43745;PRJEB80366;PRJNA489243;PRJNA533106			no_sra_center
GCA_964235045.1	Arenaria serpyllifolia	2024-08-31	SAMEA114214481	WELLCOME SANGER INSTITUTE	EBI	PRJEB40665;PRJEB43510;PRJEB43745;PRJEB78644;PRJEB79094;PRJNA533106			no_sra_center
GCA_964019135.1	Arenicola marina	2024-03-25	SAMEA7522713	WELLCOME SANGER INSTITUTE	EBI	PRJEB40665;PRJEB43510;PRJEB43745;PRJEB72115;PRJEB74224;PRJNA533106			no_sra_center
GCA_965285825.1	Arenostola phragmitidis	2025-06-07	SAMEA112964062	WELLCOME SANGER INSTITUTE	EBI	PRJEB40665;PRJEB43510;PRJEB43745;PRJEB71705;PRJEB89312;PRJEB89763;PRJNA533106			no_sra_center
GCA_987106655.1	Arge berberidis	2026-09-01	SAMEA114805846	WELLCOME SANGER INSTITUTE	EBI	PRJEB110234;PRJEB121311;PRJEB40665;PRJEB43510;PRJEB43745;PRJNA533106			no_sra_center
GCA_965113185.1	Arge ochropus	2025-01-24	SAMEA113425585	WELLCOME SANGER INSTITUTE	EBI	PRJEB40665;PRJEB43510;PRJEB43745;PRJEB83140;PRJEB84942;PRJNA533106			no_sra_center
GCA_963969455.1	Arge pagana	2024-02-27	SAMEA10978972	WELLCOME SANGER INSTITUTE	EBI	PRJEB40665;PRJEB43510;PRJEB43745;PRJEB66087;PRJEB73291;PRJNA533106			no_sra_center
GCA_987106575.1	Arge ustulata	2026-09-01	SAMEA114805874	WELLCOME SANGER INSTITUTE	EBI	PRJEB110153;PRJEB121312;PRJEB40665;PRJEB43510;PRJEB43745;PRJNA533106			no_sra_center
GCA_987106665.1	Arge ustulata	2026-09-01	SAMEA114805874	WELLCOME SANGER INSTITUTE	EBI	PRJEB110153;PRJEB121313;PRJEB40665;PRJEB43510;PRJEB43745;PRJNA533106			no_sra_center
GCA_933775445.1	Argentina anserina	2022-03-28	SAMEA7522052	WELLCOME SANGER INSTITUTE	EBI	PRJEB40665;PRJEB43510;PRJEB43745;PRJEB46847;PRJEB51709;PRJNA533106			no_sra_center
GCA_947563725.1	Argiope bruennichi	2022-12-13	SAMEA10978988	WELLCOME SANGER INSTITUTE	EBI	PRJEB40665;PRJEB43510;PRJEB43745;PRJEB56066;PRJEB58172;PRJNA533106			no_sra_center
GCA_976984575.1	Argolamprotes micella	2025-10-14	SAMEA117574829	WELLCOME SANGER INSTITUTE	EBI	PRJEB40665;PRJEB43510;PRJEB43745;PRJEB71705;PRJEB96604;PRJEB98276;PRJNA533106			no_sra_center
GCA_982319295.1	Argynnis aglaja	2026-03-22	SAMEA7523151	WELLCOME SANGER INSTITUTE	EBI	PRJEB109147;PRJEB110207;PRJEB40665;PRJEB43510;PRJEB43745;PRJEB71705;PRJNA533106			no_sra_center
GCA_963942445.1	Argyra leucocephala	2024-02-09	SAMEA113425790	WELLCOME SANGER INSTITUTE	EBI	PRJEB40665;PRJEB43510;PRJEB43745;PRJEB70970;PRJEB72462;PRJNA533106			no_sra_center
GCA_963457715.1	Argyresthia albistria	2023-09-20	SAMEA111458422	WELLCOME SANGER INSTITUTE	EBI	PRJEB40665;PRJEB43510;PRJEB43745;PRJEB63416;PRJEB66152;PRJEB71705;PRJNA533106			no_sra_center
GCA_964341315.1	Argyresthia cupressella	2024-11-27	SAMEA111458709	WELLCOME SANGER INSTITUTE	EBI	PRJEB40665;PRJEB43510;PRJEB43745;PRJEB71705;PRJEB75635;PRJEB82806;PRJNA533106			no_sra_center
GCA_949825045.1	Argyresthia goedartella	2023-04-19	SAMEA7520176	WELLCOME SANGER INSTITUTE	EBI	PRJEB40665;PRJEB43510;PRJEB43745;PRJEB59390;PRJEB61398;PRJEB71705;PRJNA533106			no_sra_center
GCA_984658545.1	Argyresthia praecocella	2026-06-22	SAMEA118768409	WELLCOME SANGER INSTITUTE	EBI	PRJEB110712;PRJEB114300;PRJEB40665;PRJEB43510;PRJEB43745;PRJEB71705;PRJNA533106			no_sra_center
GCA_988324585.1	Argyroploce arbutella	2026-10-03	SAMEA120504857	WELLCOME SANGER INSTITUTE	EBI	PRJEB123476;PRJEB127161;PRJEB40665;PRJEB43510;PRJEB43745;PRJEB71705;PRJNA533106			no_sra_center
GCA_964213945.2	Arhopalus rusticus	2025-09-15	SAMEA112232564	WELLCOME SANGER INSTITUTE	EBI	PRJEB40665;PRJEB43510;PRJEB43745;PRJEB77493;PRJEB78854;PRJNA533106			no_sra_center
GCA_964213965.2	Arhopalus rusticus	2025-09-15	SAMEA112232564	WELLCOME SANGER INSTITUTE	EBI	PRJEB40665;PRJEB43510;PRJEB43745;PRJEB77493;PRJEB78853;PRJNA533106			no_sra_center
GCA_984589285.1	Aria edulis	2026-06-22	SAMEA9143108	WELLCOME SANGER INSTITUTE	EBI	PRJEB113082;PRJEB114167;PRJEB40665;PRJEB43510;PRJEB43745;PRJNA533106			no_sra_center
GCA_973947135.1	Arianta arbustorum	2025-10-26	SAMEA9312575	WELLCOME SANGER INSTITUTE	EBI	PRJEB40665;PRJEB43510;PRJEB43745;PRJEB80335;PRJEB96453;PRJNA533106			no_sra_center
GCA_905147365.1	Aricia agestis	2021-01-28	SAMEA7523300	Wellcome Sanger Institute	EBI	PRJEB40665;PRJEB41901;PRJEB42115;PRJEB43510;PRJEB43745;PRJEB71705;PRJNA533106			no_sra_center
GCA_944452695.1	Aricia agestis	2022-06-30	SAMEA7523304	WELLCOME SANGER INSTITUTE	EBI	PRJEB40665;PRJEB42115;PRJEB43510;PRJEB43745;PRJEB53640;PRJEB71705;PRJNA533106			no_sra_center
GCA_937612035.1	Aricia artaxerxes	2022-05-03	SAMEA9700886	WELLCOME SANGER INSTITUTE	EBI	PRJEB40665;PRJEB42114;PRJEB43510;PRJEB43745;PRJEB52239;PRJEB71705;PRJNA533106			no_sra_center
GCA_982551755.1	Aristotelia ericinella	2026-04-27	SAMEA118559371	WELLCOME SANGER INSTITUTE	EBI	PRJEB109203;PRJEB110597;PRJEB40665;PRJEB43510;PRJEB43745;PRJEB71705;PRJNA533106			no_sra_center
GCA_978020745.1	Aritranis director	2026-01-25	SAMEA118280874	WELLCOME SANGER INSTITUTE	EBI	PRJEB106265;PRJEB106552;PRJEB40665;PRJEB43510;PRJEB43745;PRJNA533106			no_sra_center
GCA_965620565.1	Armoracia rusticana	2025-07-09	SAMEA10369658	WELLCOME SANGER INSTITUTE	EBI	PRJEB125134;PRJEB40665;PRJEB43510;PRJEB43745;PRJEB80112;PRJEB80366;PRJEB91273;PRJNA533106			no_sra_center
GCA_965620475.1	Armoracia rusticana	2025-07-09	SAMEA10369658	WELLCOME SANGER INSTITUTE	EBI	PRJEB125134;PRJEB40665;PRJEB43510;PRJEB43745;PRJEB80112;PRJEB80366;PRJEB91272;PRJNA533106			no_sra_center
GCA_965642075.1	Aromia moschata	2025-07-18	SAMEA114805544	WELLCOME SANGER INSTITUTE	EBI	PRJEB40665;PRJEB43510;PRJEB43745;PRJEB79692;PRJEB92391;PRJNA533106			no_sra_center
GCA_984573685.1	Artemisia norvegica	2026-06-15	SAMEA116348529	WELLCOME SANGER INSTITUTE	EBI	PRJEB112966;PRJEB113483;PRJEB40665;PRJEB43510;PRJEB43745;PRJNA533106			no_sra_center
GCA_964204695.1	Arthaldeus pascuellus	2024-07-27	SAMEA113425436	WELLCOME SANGER INSTITUTE	EBI	PRJEB40665;PRJEB43510;PRJEB43745;PRJEB76357;PRJEB78390;PRJNA533106			no_sra_center
GCA_947561715.1	Ascidia mentula	2022-12-11	SAMEA8724667	WELLCOME SANGER INSTITUTE	EBI	PRJEB40665;PRJEB43510;PRJEB43745;PRJEB56132;PRJEB58134;PRJNA489243;PRJNA533106			no_sra_center
GCA_963924565.2	Ascidiella aspersa	2026-03-17	SAMEA110449820	WELLCOME SANGER INSTITUTE	EBI	PRJEB40665;PRJEB43510;PRJEB43745;PRJEB70943;PRJEB72075;PRJNA533106			no_sra_center
GCA_966096145.1	Ascidiella scabra	2025-08-23	SAMEA115106908	WELLCOME SANGER INSTITUTE	EBI	PRJEB40665;PRJEB43510;PRJEB43745;PRJEB80337;PRJEB95794;PRJNA533106			no_sra_center
GCA_964212115.1	Asellus aquaticus	2024-08-03	SAMEA110451522	WELLCOME SANGER INSTITUTE	EBI	PRJEB40665;PRJEB43510;PRJEB43745;PRJEB47820;PRJEB74712;PRJEB78603;PRJNA533106			no_sra_center
GCA_963576565.1	Aspidapion aeneum	2023-11-03	SAMEA111458458	WELLCOME SANGER INSTITUTE	EBI	PRJEB40665;PRJEB43510;PRJEB43745;PRJEB64084;PRJEB68111;PRJNA533106			no_sra_center
GCA_964188165.1	Aspilapteryx tringipennella	2024-06-21	SAMEA112222179	WELLCOME SANGER INSTITUTE	EBI	PRJEB40665;PRJEB43510;PRJEB43745;PRJEB71705;PRJEB74968;PRJEB76710;PRJNA533106			no_sra_center
GCA_988177365.1	Aspitates ochrearia	2026-09-03	SAMEA118248840	WELLCOME SANGER INSTITUTE	EBI	PRJEB113156;PRJEB124186;PRJEB40665;PRJEB43510;PRJEB43745;PRJEB71705;PRJNA533106			no_sra_center
GCA_965641785.1	Asterina gibbosa (in: starfish)	2025-07-13	SAMEA110449646	WELLCOME SANGER INSTITUTE	EBI	PRJEB40665;PRJEB43510;PRJEB43745;PRJEB78961;PRJEB92042;PRJNA533106			no_sra_center
GCA_964213155.1	Asterina phylactica	2024-08-07	SAMEA13854260	WELLCOME SANGER INSTITUTE	EBI	PRJEB40665;PRJEB43510;PRJEB43745;PRJEB78324;PRJEB78695;PRJNA533106			no_sra_center
GCA_965654205.1	Asterocarpa humilis	2025-08-03	SAMEA110449874	WELLCOME SANGER INSTITUTE	EBI	PRJEB40665;PRJEB43510;PRJEB43745;PRJEB80499;PRJEB94845;PRJNA533106			no_sra_center
GCA_949699075.1	Asteroscopus sphinx	2023-03-24	SAMEA110451502	WELLCOME SANGER INSTITUTE	EBI	PRJEB40665;PRJEB43510;PRJEB43745;PRJEB57684;PRJEB60678;PRJEB71705;PRJNA533106			no_sra_center
GCA_964188245.1	Astragalus alpinus	2024-06-21	SAMEA114389508	WELLCOME SANGER INSTITUTE	EBI	PRJEB125134;PRJEB40665;PRJEB43510;PRJEB43745;PRJEB73944;PRJEB76696;PRJEB80366;PRJNA533106			no_sra_center
GCA_964188115.1	Astragalus alpinus	2024-06-21	SAMEA114389508	WELLCOME SANGER INSTITUTE	EBI	PRJEB125134;PRJEB40665;PRJEB43510;PRJEB43745;PRJEB73944;PRJEB76697;PRJEB80366;PRJNA533106			no_sra_center
GCA_963573325.1	Astragalus glycyphyllos	2023-10-29	SAMEA9335269	WELLCOME SANGER INSTITUTE	EBI	PRJEB40665;PRJEB43510;PRJEB43745;PRJEB65706;PRJEB67693;PRJNA533106			no_sra_center
GCA_963971285.1	Astropecten irregularis	2024-03-04	SAMEA110449760	WELLCOME SANGER INSTITUTE	EBI	PRJEB40665;PRJEB43510;PRJEB43745;PRJEB64718;PRJEB73498;PRJNA533106			no_sra_center
GCA_929443795.2	Astur gentilis	2022-10-27	SAMEA8235650	WELLCOME SANGER INSTITUTE	EBI	PRJEB107229;PRJEB40665;PRJEB43510;PRJEB43745;PRJEB48396;PRJEB50702;PRJNA489243;PRJNA533106			no_sra_center
GCA_905333075.3	Atethmia centrago	2022-02-02	SAMEA7520177	WELLCOME SANGER INSTITUTE	EBI	PRJEB40665;PRJEB43486;PRJEB43510;PRJEB43531;PRJEB43745;PRJEB71705;PRJNA533106			no_sra_center
GCA_963978495.1	Athalia circularis	2024-03-10	SAMEA7746777	WELLCOME SANGER INSTITUTE	EBI	PRJEB40665;PRJEB43510;PRJEB43745;PRJEB65233;PRJEB73622;PRJNA533106			no_sra_center
GCA_963932425.1	Athalia cordata	2024-02-07	SAMEA7746763	WELLCOME SANGER INSTITUTE	EBI	PRJEB40665;PRJEB43510;PRJEB43745;PRJEB55966;PRJEB72321;PRJNA533106			no_sra_center
GCA_917208135.1	Athalia rosae	2021-10-13	SAMEA7520481	WELLCOME SANGER INSTITUTE	EBI	PRJEB40665;PRJEB43510;PRJEB43745;PRJEB45200;PRJEB47993;PRJNA533106			no_sra_center
GCA_965140245.1	Athene noctua	2025-02-13	SAMEA114594456	WELLCOME SANGER INSTITUTE	EBI	PRJEB40665;PRJEB43510;PRJEB43745;PRJEB74980;PRJEB85708;PRJNA489243;PRJNA533106			no_sra_center
GCA_958298945.2	Atherix ibis	2024-06-06	SAMEA112232575	WELLCOME SANGER INSTITUTE	EBI	PRJEB40665;PRJEB43510;PRJEB43745;PRJEB61202;PRJEB64032;PRJNA533106			no_sra_center
GCA_947532105.1	Athrips mouffetella	2022-12-07	SAMEA7701457	WELLCOME SANGER INSTITUTE	EBI	PRJEB40665;PRJEB43510;PRJEB43745;PRJEB55448;PRJEB58023;PRJEB71705;PRJNA533106			no_sra_center
GCA_947579605.1	Athripsodes cinereus	2022-12-18	SAMEA7521123	WELLCOME SANGER INSTITUTE	EBI	PRJEB40665;PRJEB43510;PRJEB43745;PRJEB57670;PRJEB58279;PRJNA533106			no_sra_center
GCA_965117225.1	Atolmis rubricollis	2025-01-25	SAMEA7521515	WELLCOME SANGER INSTITUTE	EBI	PRJEB40665;PRJEB43510;PRJEB43745;PRJEB71705;PRJEB83465;PRJEB85142;PRJNA533106			no_sra_center
GCA_976304285.1	Atractylocarpus subporodictyon	2025-10-24	SAMEA114227684	WELLCOME SANGER INSTITUTE	EBI	PRJEB40665;PRJEB43510;PRJEB43745;PRJEB94770;PRJEB96219;PRJNA533106			no_sra_center
GCA_982525225.1	Atrichum undulatum	2026-04-25	SAMEA8596915	WELLCOME SANGER INSTITUTE	EBI	PRJEB110549;PRJEB111655;PRJEB40665;PRJEB43510;PRJEB43745;PRJNA533106			no_sra_center
GCA_984589215.1	Atriplex glabriuscula	2026-06-22	SAMEA10369851	WELLCOME SANGER INSTITUTE	EBI	PRJEB112653;PRJEB114153;PRJEB125134;PRJEB40665;PRJEB43510;PRJEB43745;PRJEB80366;PRJNA533106			no_sra_center
GCA_985607145.1	Atriplex littoralis	2026-07-04	SAMEA11478510	WELLCOME SANGER INSTITUTE	EBI	PRJEB114357;PRJEB115015;PRJEB125134;PRJEB40665;PRJEB43510;PRJEB43745;PRJEB80366;PRJNA533106			no_sra_center
GCA_978020845.1	Atropa belladonna	2026-03-01	SAMEA7521818	WELLCOME SANGER INSTITUTE	EBI	PRJEB103032;PRJEB106539;PRJEB125134;PRJEB40665;PRJEB43510;PRJEB43745;PRJEB80366;PRJNA533106			no_sra_center
GCA_978258735.1	Attagenus pellio	2026-02-14	SAMEA118280262	WELLCOME SANGER INSTITUTE	EBI	PRJEB103879;PRJEB107203;PRJEB40665;PRJEB43510;PRJEB43745;PRJNA533106			no_sra_center
GCA_982551355.1	Atylotus fulvus	2026-04-25	SAMEA114663944	WELLCOME SANGER INSTITUTE	EBI	PRJEB110577;PRJEB40665;PRJEB43510;PRJEB43745;PRJEB97818;PRJNA533106			no_sra_center
GCA_982551425.1	Atylotus fulvus	2026-04-25	SAMEA114663944	WELLCOME SANGER INSTITUTE	EBI	PRJEB110578;PRJEB40665;PRJEB43510;PRJEB43745;PRJEB97818;PRJNA533106			no_sra_center
GCA_977012865.1	Atylotus latistriatus	2025-11-08	SAMEA112963037	WELLCOME SANGER INSTITUTE	EBI	PRJEB101226;PRJEB40665;PRJEB43510;PRJEB43745;PRJEB79696;PRJNA533106			no_sra_center
GCA_978045085.1	Atylotus rusticus	2026-02-28	SAMEA118280137	WELLCOME SANGER INSTITUTE	EBI	PRJEB103888;PRJEB106918;PRJEB40665;PRJEB43510;PRJEB43745;PRJNA533106			no_sra_center
GCA_978045185.1	Atylotus rusticus	2026-02-28	SAMEA118280137	WELLCOME SANGER INSTITUTE	EBI	PRJEB103888;PRJEB106919;PRJEB40665;PRJEB43510;PRJEB43745;PRJNA533106			no_sra_center
GCA_975146365.1	Aulacomnium androgynum	2025-10-14	SAMEA114783010	WELLCOME SANGER INSTITUTE	EBI	PRJEB40665;PRJEB43510;PRJEB43745;PRJEB94772;PRJEB96802;PRJNA533106			no_sra_center
GCA_965282975.1	Aulactinia verrucosa	2025-05-18	SAMEA112857870	WELLCOME SANGER INSTITUTE	EBI	PRJEB40665;PRJEB43510;PRJEB43745;PRJEB85008;PRJEB89539;PRJNA533106			no_sra_center
GCA_965113095.1	Aureoboletus gentilis	2025-01-18	SAMEA110757348	WELLCOME SANGER INSTITUTE	EBI	PRJEB40665;PRJEB43510;PRJEB43745;PRJEB83758;PRJEB84931;PRJNA533106			no_sra_center
GCA_905146925.1	Autographa gamma	2021-01-28	SAMEA7519848	Wellcome Sanger Institute	EBI	PRJEB40665;PRJEB41840;PRJEB42116;PRJEB43510;PRJEB43745;PRJEB71705;PRJNA533106			no_sra_center
GCA_905475315.1	Autographa pulchrina	2021-04-15	SAMEA7520527	WELLCOME SANGER INSTITUTE	EBI	PRJEB40665;PRJEB43510;PRJEB43745;PRJEB43793;PRJEB44048;PRJEB71705;PRJNA533106			no_sra_center
GCA_984799215.1	Axylia putris	2026-06-26	SAMEA7701439	WELLCOME SANGER INSTITUTE	EBI	PRJEB112095;PRJEB114412;PRJEB40665;PRJEB43510;PRJEB43745;PRJEB71705;PRJNA533106			no_sra_center
GCA_964211825.1	Aythya ferina	2024-07-31	SAMEA112468034	WELLCOME SANGER INSTITUTE	EBI	PRJEB40665;PRJEB43510;PRJEB43745;PRJEB73425;PRJEB78494;PRJNA489243;PRJNA533106			no_sra_center
GCA_988290415.1	Aythya fuligula	2026-09-24	SAMEA113398827	WELLCOME SANGER INSTITUTE	EBI	PRJEB125134;PRJEB40665;PRJEB43510;PRJEB43745;PRJEB75625;PRJEB80366;PRJEB97887;PRJNA489243;PRJNA533106			no_sra_center
GCA_965140915.1	Aythya marila	2025-02-13	SAMEA115433010	WELLCOME SANGER INSTITUTE	European Bioinformatics Institute	PRJEB125134;PRJEB40665;PRJEB43510;PRJEB43745;PRJEB78816;PRJEB80366;PRJEB85746;PRJNA489243;PRJNA533106			no_sra_center
GCA_964235425.1	Azelia nebulosa	2024-08-31	SAMEA113425774	WELLCOME SANGER INSTITUTE	EBI	PRJEB40665;PRJEB43510;PRJEB43745;PRJEB76843;PRJEB79083;PRJNA533106			no_sra_center
GCA_963576725.1	Azorinus chamasolen	2023-11-03	SAMEA110043170	WELLCOME SANGER INSTITUTE	EBI	PRJEB40665;PRJEB43510;PRJEB43745;PRJEB62728;PRJEB68125;PRJNA533106			no_sra_center
GCA_951217065.2	Baccha elongata	2025-03-24	SAMEA7520030	WELLCOME SANGER INSTITUTE	EBI	PRJEB40665;PRJEB43510;PRJEB43745;PRJEB58948;PRJEB61720;PRJNA533106			no_sra_center
GCA_965196735.1	Bactra lancealana	2025-03-10	SAMEA114644467	WELLCOME SANGER INSTITUTE	EBI	PRJEB40665;PRJEB43510;PRJEB43745;PRJEB71705;PRJEB79539;PRJEB86574;PRJNA533106			no_sra_center
GCA_977112325.1	Baetis atlanticus	2026-01-18	SAMEA115574996	WELLCOME SANGER INSTITUTE	European Bioinformatics Institute	PRJEB103040;PRJEB104614;PRJEB40665;PRJEB43510;PRJEB43745;PRJNA533106			no_sra_center
GCA_978020855.1	Baetis rhodani	2026-01-26	SAMEA7521130	WELLCOME SANGER INSTITUTE	EBI	PRJEB103042;PRJEB106540;PRJEB40665;PRJEB43510;PRJEB43745;PRJNA533106			no_sra_center
GCA_949987535.1	Balaenoptera acutorostrata	2023-05-01	SAMEA111380540	WELLCOME SANGER INSTITUTE	EBI	PRJEB40665;PRJEB43510;PRJEB43745;PRJEB60647;PRJEB61579;PRJNA1020146;PRJNA489243;PRJNA533106			no_sra_center
GCA_965194805.1	Balaenoptera borealis	2025-03-10	SAMEA114493134	WELLCOME SANGER INSTITUTE	EBI	PRJEB40665;PRJEB43510;PRJEB43745;PRJEB76369;PRJEB86465;PRJNA1020146;PRJNA489243;PRJNA533106			no_sra_center
GCA_965194825.1	Balaenoptera physalus	2025-03-10	SAMEA114493136	WELLCOME SANGER INSTITUTE	EBI	PRJEB40665;PRJEB43510;PRJEB43745;PRJEB76339;PRJEB86467;PRJNA1020146;PRJNA489243;PRJNA533106			no_sra_center
GCA_959613365.1	Balanococcus diminutus	2023-07-23	SAMEA7523485	WELLCOME SANGER INSTITUTE	EBI	PRJEB40665;PRJEB43510;PRJEB43745;PRJEB64078;PRJEB64510;PRJNA533106			no_sra_center
GCA_947034835.1	Ballota nigra	2022-10-07	SAMEA7522397	WELLCOME SANGER INSTITUTE	EBI	PRJEB40665;PRJEB43510;PRJEB43745;PRJEB47666;PRJEB56455;PRJNA533106			no_sra_center
GCA_982303625.1	Baranisobas ridibundus	2026-03-20	SAMEA112964383	WELLCOME SANGER INSTITUTE	EBI	PRJEB110118;PRJEB40665;PRJEB43510;PRJEB43745;PRJEB78758;PRJNA533106			no_sra_center
GCA_963667165.1	Barbarea vulgaris	2023-12-09	SAMEA14449827	WELLCOME SANGER INSTITUTE	EBI	PRJEB125134;PRJEB40665;PRJEB43510;PRJEB43745;PRJEB65702;PRJEB69066;PRJEB80366;PRJNA533106			no_sra_center
GCA_947034865.1	Barbatula barbatula	2022-10-07	SAMEA11296540	WELLCOME SANGER INSTITUTE	EBI	PRJEB107229;PRJEB40665;PRJEB43510;PRJEB43745;PRJEB55341;PRJEB56420;PRJNA489243;PRJNA533106			no_sra_center
GCA_984652425.1	Barbilophozia sudetica	2026-06-22	SAMEA114782968	WELLCOME SANGER INSTITUTE	EBI	PRJEB111048;PRJEB114273;PRJEB40665;PRJEB43510;PRJEB43745;PRJNA533106			no_sra_center
GCA_936440315.1	Barbus barbus	2022-05-03	SAMEA13335783	WELLCOME SANGER INSTITUTE	EBI	PRJEB107229;PRJEB40665;PRJEB43510;PRJEB43745;PRJEB51453;PRJEB52077;PRJNA489243;PRJNA533106			no_sra_center
GCA_981124155.1	Barichneumon chionomus	2026-02-28	SAMEA118559671	WELLCOME SANGER INSTITUTE	EBI	PRJEB106269;PRJEB108623;PRJEB40665;PRJEB43510;PRJEB43745;PRJNA533106			no_sra_center
GCA_987194935.1	Barycnemis harpura	2026-09-08	SAMEA118539800	WELLCOME SANGER INSTITUTE	EBI	PRJEB111421;PRJEB122801;PRJEB40665;PRJEB43510;PRJEB43745;PRJNA533106			no_sra_center
GCA_977993575.1	Barylypa propugnator	2026-01-18	SAMEA118280133	WELLCOME SANGER INSTITUTE	EBI	PRJEB104088;PRJEB105930;PRJEB40665;PRJEB43510;PRJEB43745;PRJNA533106			no_sra_center
GCA_963991005.1	Barypeithes pellucidus	2024-03-16	SAMEA10167019	WELLCOME SANGER INSTITUTE	EBI	PRJEB40665;PRJEB43510;PRJEB43745;PRJEB68018;PRJEB73828;PRJNA533106			no_sra_center
GCA_965279225.1	Bathysaurus mollis	2025-05-10	SAMEA114806302	WELLCOME SANGER INSTITUTE	EBI	PRJEB40665;PRJEB43510;PRJEB43745;PRJEB76377;PRJEB89372;PRJNA489243;PRJNA533106			no_sra_center
GCA_978765475.1	Bathythrix pellucidator	2026-02-14	SAMEA112221786	WELLCOME SANGER INSTITUTE	EBI	PRJEB107423;PRJEB40665;PRJEB43510;PRJEB43745;PRJEB78752;PRJNA533106			no_sra_center
GCA_982551415.1	Batia lambdella	2026-04-25	SAMEA118539817	WELLCOME SANGER INSTITUTE	EBI	PRJEB109856;PRJEB110599;PRJEB40665;PRJEB43510;PRJEB43745;PRJEB71705;PRJNA533106			no_sra_center
GCA_988143895.1	Batrachedra pinicolella	2026-09-09	SAMEA118767992	WELLCOME SANGER INSTITUTE	EBI	PRJEB115881;PRJEB124126;PRJEB40665;PRJEB43510;PRJEB43745;PRJEB71705;PRJNA533106			no_sra_center
GCA_964656335.1	Batrachedra praeangusta	2025-01-02	SAMEA111458703	WELLCOME SANGER INSTITUTE	EBI	PRJEB40665;PRJEB43510;PRJEB43745;PRJEB71705;PRJEB76773;PRJEB83356;PRJNA533106			no_sra_center
GCA_986175935.1	Batracomorphus irroratus	2026-07-04	SAMEA115574642	WELLCOME SANGER INSTITUTE	EBI	PRJEB108365;PRJEB115223;PRJEB40665;PRJEB43510;PRJEB43745;PRJNA533106			no_sra_center
GCA_983538345.1	Bazzania pearsonii	2026-06-15	SAMEA13832741	WELLCOME SANGER INSTITUTE	EBI	PRJEB110720;PRJEB112748;PRJEB40665;PRJEB43510;PRJEB43745;PRJNA533106			no_sra_center
GCA_974818285.1	Bazzania tricrenata	2025-10-26	SAMEA13831605	WELLCOME SANGER INSTITUTE	EBI	PRJEB40665;PRJEB43510;PRJEB43745;PRJEB95089;PRJEB96766;PRJNA533106			no_sra_center
GCA_982185005.1	Bazzania trilobata	2026-03-08	SAMEA111382893	WELLCOME SANGER INSTITUTE	EBI	PRJEB109010;PRJEB40665;PRJEB43510;PRJEB43745;PRJEB95065;PRJNA533106			no_sra_center
GCA_963576735.1	Bedellia somnulentella	2023-11-03	SAMEA110451506	WELLCOME SANGER INSTITUTE	EBI	PRJEB40665;PRJEB43510;PRJEB43745;PRJEB65382;PRJEB68127;PRJEB71705;PRJNA533106			no_sra_center
GCA_950370525.1	Bellardia bayeri	2023-05-02	SAMEA110451627	WELLCOME SANGER INSTITUTE	EBI	PRJEB40665;PRJEB43510;PRJEB43745;PRJEB57428;PRJEB61765;PRJNA533106			no_sra_center
GCA_916048285.2	Bellardia pandia	2022-02-09	SAMEA7746779	WELLCOME SANGER INSTITUTE	EBI	PRJEB40665;PRJEB43510;PRJEB43745;PRJEB45671;PRJEB47511;PRJNA533106			no_sra_center
GCA_965636935.1	Bellardia viscosa	2025-07-09	SAMEA110450290	WELLCOME SANGER INSTITUTE	EBI	PRJEB40665;PRJEB43510;PRJEB43745;PRJEB76753;PRJEB91493;PRJNA533106			no_sra_center
GCA_965601635.2	Bellis perennis	2026-04-27	SAMEA7522286	WELLCOME SANGER INSTITUTE	EBI	PRJEB125134;PRJEB40665;PRJEB43510;PRJEB43745;PRJEB80366;PRJEB88870;PRJEB90517;PRJNA533106			no_sra_center
GCA_910589475.2	Bembecia ichneumoniformis	2022-10-14	SAMEA7701282	WELLCOME SANGER INSTITUTE	EBI	PRJEB40665;PRJEB43510;PRJEB43745;PRJEB45128;PRJEB45319;PRJEB71705;PRJNA533106			no_sra_center
GCA_965233575.2	Berberis aquifolium	2026-04-27	SAMEA9143048	WELLCOME SANGER INSTITUTE	EBI	PRJEB40665;PRJEB43510;PRJEB43745;PRJEB81055;PRJEB87810;PRJNA533106			no_sra_center
GCA_965233435.2	Berberis aquifolium	2026-04-24	SAMEA9143048	WELLCOME SANGER INSTITUTE	EBI	PRJEB40665;PRJEB43510;PRJEB43745;PRJEB81055;PRJEB87811;PRJNA533106			no_sra_center
GCA_963556465.1	Berberis vulgaris	2023-10-17	SAMEA10241407	WELLCOME SANGER INSTITUTE	EBI	PRJEB40665;PRJEB43510;PRJEB43745;PRJEB60726;PRJEB67386;PRJNA533106			no_sra_center
GCA_949128065.1	Beris chalybata	2023-03-11	SAMEA110451581	WELLCOME SANGER INSTITUTE	EBI	PRJEB40665;PRJEB43510;PRJEB43745;PRJEB58420;PRJEB59506;PRJNA533106			no_sra_center
GCA_951812415.1	Beris morrisii	2023-07-14	SAMEA112232746	WELLCOME SANGER INSTITUTE	EBI	PRJEB40665;PRJEB43510;PRJEB43745;PRJEB62159;PRJEB62895;PRJNA533106			no_sra_center
GCA_965637085.1	Berytinus crassipes	2025-07-09	SAMEA114644480	WELLCOME SANGER INSTITUTE	EBI	PRJEB40665;PRJEB43510;PRJEB43745;PRJEB89601;PRJEB91505;PRJNA533106			no_sra_center
GCA_982319365.1	Berytinus minor	2026-03-22	SAMEA114644630	WELLCOME SANGER INSTITUTE	EBI	PRJEB108367;PRJEB110303;PRJEB40665;PRJEB43510;PRJEB43745;PRJNA533106			no_sra_center
GCA_965615965.1	Berytinus montivagus	2025-07-08	SAMEA114644481	WELLCOME SANGER INSTITUTE	EBI	PRJEB40665;PRJEB43510;PRJEB43745;PRJEB89328;PRJEB90968;PRJNA533106			no_sra_center
GCA_965285875.1	Betula pendula	2025-06-07	SAMEA14449811	WELLCOME SANGER INSTITUTE	EBI	PRJEB125134;PRJEB40665;PRJEB43510;PRJEB43745;PRJEB80366;PRJEB89326;PRJEB89753;PRJNA533106			no_sra_center
GCA_988323805.1	Betula pubescens	2026-10-03	SAMEA9335098	WELLCOME SANGER INSTITUTE	EBI	PRJEB124568;PRJEB125134;PRJEB127698;PRJEB40665;PRJEB43510;PRJEB43745;PRJEB80366;PRJNA533106			no_sra_center
GCA_966183525.1	Betulapion simile	2025-08-23	SAMEA9359431	WELLCOME SANGER INSTITUTE	EBI	PRJEB40665;PRJEB43510;PRJEB43745;PRJEB81389;PRJEB95842;PRJNA533106			no_sra_center
GCA_910594885.2	Bibio marci	2022-10-14	SAMEA7524263	WELLCOME SANGER INSTITUTE	EBI	PRJEB40665;PRJEB43510;PRJEB43745;PRJEB45122;PRJEB45913;PRJNA533106			no_sra_center
GCA_947172395.1	Bicyclus anynana	2022-10-28	SAMEA9252597	WELLCOME SANGER INSTITUTE	EBI	PRJEB40665;PRJEB43510;PRJEB43745;PRJEB54938;PRJEB56893;PRJEB71705;PRJNA533106			no_sra_center
GCA_988324285.1	Bidens cernua	2026-10-04	SAMEA112287505	WELLCOME SANGER INSTITUTE	EBI	PRJEB120901;PRJEB127669;PRJEB40665;PRJEB43510;PRJEB43745;PRJNA533106			no_sra_center
GCA_959347315.1	Bimastos eiseni	2023-07-20	SAMEA10166839	WELLCOME SANGER INSTITUTE	EBI	PRJEB40665;PRJEB43510;PRJEB43745;PRJEB63410;PRJEB64443;PRJNA533106			no_sra_center
GCA_964330305.1	Bimastos rubidus	2024-11-07	SAMEA10241715	WELLCOME SANGER INSTITUTE	EBI	PRJEB40665;PRJEB43510;PRJEB43745;PRJEB76847;PRJEB82121;PRJNA533106			no_sra_center
GCA_947242115.1	Biomphalaria glabrata	2022-10-29	SAMEA10417684	WELLCOME SANGER INSTITUTE	EBI	PRJEB40665;PRJEB43510;PRJEB43745;PRJEB52579;PRJEB57161;PRJNA533106			no_sra_center
GCA_965194465.1	Biphyllus lunatus	2025-03-10	SAMEA113425634	WELLCOME SANGER INSTITUTE	EBI	PRJEB40665;PRJEB43510;PRJEB43745;PRJEB77539;PRJEB86443;PRJNA533106			no_sra_center
GCA_965194665.1	Biphyllus lunatus	2025-03-10	SAMEA113425634	WELLCOME SANGER INSTITUTE	EBI	PRJEB40665;PRJEB43510;PRJEB43745;PRJEB77539;PRJEB86442;PRJNA533106			no_sra_center
GCA_965649765.1	Bispira polyomma	2025-07-31	SAMEA110450084	WELLCOME SANGER INSTITUTE	EBI	PRJEB40665;PRJEB43510;PRJEB43745;PRJEB80935;PRJEB94512;PRJNA533106			no_sra_center
GCA_905404145.2	Biston betularia	2022-02-02	SAMEA7520512	WELLCOME SANGER INSTITUTE	EBI	PRJEB40665;PRJEB43510;PRJEB43745;PRJEB43794;PRJEB43984;PRJEB71705;PRJNA533106			no_sra_center
GCA_950106695.1	Biston stratarius	2023-05-01	SAMEA10107025	WELLCOME SANGER INSTITUTE	EBI	PRJEB40665;PRJEB43510;PRJEB43745;PRJEB61133;PRJEB61677;PRJEB71705;PRJNA533106			no_sra_center
GCA_977064325.1	Bithynia leachii	2025-11-20	SAMEA7521166	WELLCOME SANGER INSTITUTE	EBI	PRJEB103793;PRJEB40665;PRJEB43510;PRJEB43745;PRJEB80245;PRJNA533106			no_sra_center
GCA_964656825.2	Bitoma crenata	2025-10-14	SAMEA9654287	WELLCOME SANGER INSTITUTE	EBI	PRJEB40665;PRJEB43510;PRJEB43745;PRJEB71238;PRJEB83598;PRJNA533106			no_sra_center
GCA_982446935.1	Blasia pusilla	2026-04-16	SAMEA13831685	WELLCOME SANGER INSTITUTE	EBI	PRJEB110264;PRJEB111432;PRJEB40665;PRJEB43510;PRJEB43745;PRJNA533106			no_sra_center
GCA_907269095.1	Blastobasis adustella	2021-05-19	SAMEA7520179	WELLCOME SANGER INSTITUTE	EBI	PRJEB40665;PRJEB43510;PRJEB43745;PRJEB44953;PRJEB44983;PRJEB71705;PRJNA533106			no_sra_center
GCA_905147135.1	Blastobasis lacticolella	2021-01-28	SAMEA7519826	Wellcome Sanger Institute	EBI	PRJEB40665;PRJEB41904;PRJEB42117;PRJEB43510;PRJEB43745;PRJEB71705;PRJNA533106			no_sra_center
GCA_977020155.1	Blastobasis vittata	2025-11-10	SAMEA116117361	WELLCOME SANGER INSTITUTE	EBI	PRJEB100917;PRJEB102449;PRJEB40665;PRJEB43510;PRJEB43745;PRJEB71705;PRJNA533106			no_sra_center
GCA_963422515.1	Blennius ocellaris	2023-09-13	SAMEA112788961	WELLCOME SANGER INSTITUTE	EBI	PRJEB40665;PRJEB43510;PRJEB43745;PRJEB65187;PRJEB65837;PRJNA489243;PRJNA533106			no_sra_center
GCA_946965025.1	Blera fallax	2022-09-24	SAMEA9654431	WELLCOME SANGER INSTITUTE	EBI	PRJEB40665;PRJEB43510;PRJEB43745;PRJEB55743;PRJEB56200;PRJNA533106			no_sra_center
GCA_978045215.1	Blindiadelphus recurvatus	2026-02-28	SAMEA13832710	WELLCOME SANGER INSTITUTE	EBI	PRJEB106915;PRJEB40665;PRJEB43510;PRJEB43745;PRJEB97987;PRJNA533106			no_sra_center
GCA_964605755.2	Blitum bonus-henricus	2026-04-25	SAMEA110450214	WELLCOME SANGER INSTITUTE	EBI	PRJEB40665;PRJEB43510;PRJEB43745;PRJEB82549;PRJEB83257;PRJNA533106			no_sra_center
GCA_977070995.1	Boletina plana	2025-11-29	SAMEA115792947	WELLCOME SANGER INSTITUTE	EBI	PRJEB104226;PRJEB104246;PRJEB104248;PRJEB40665;PRJEB43510;PRJEB43745;PRJEB96566;PRJNA533106			no_sra_center
GCA_951802675.2	Boloria euphrosyne	2023-07-14	SAMEA9700870	WELLCOME SANGER INSTITUTE	EBI	PRJEB40665;PRJEB43510;PRJEB43745;PRJEB61911;PRJEB62666;PRJEB71705;PRJNA533106			no_sra_center
GCA_905231865.2	Boloria selene	2021-03-24	SAMEA7523131	WELLCOME SANGER INSTITUTE	EBI	PRJEB40665;PRJEB43009;PRJEB43033;PRJEB43510;PRJEB43745;PRJEB71705;PRJNA533106			no_sra_center
GCA_905333015.3	Bombus campestris	2022-10-16	SAMEA7520482	WELLCOME SANGER INSTITUTE	EBI	PRJEB40665;PRJEB43478;PRJEB43510;PRJEB43538;PRJEB43745;PRJNA533106			no_sra_center
GCA_982382415.1	Bombus distinguendus	2026-04-06	SAMEA117801493	WELLCOME SANGER INSTITUTE	EBI	PRJEB106279;PRJEB111116;PRJEB40665;PRJEB43510;PRJEB43745;PRJNA533106			no_sra_center
GCA_905332935.1	Bombus hortorum	2021-03-19	SAMEA7520483	WELLCOME SANGER INSTITUTE	EBI	PRJEB40665;PRJEB43479;PRJEB43510;PRJEB43539;PRJEB43745;PRJNA533106			no_sra_center
GCA_911387925.2	Bombus hypnorum	2022-10-14	SAMEA7520655	WELLCOME SANGER INSTITUTE	EBI	PRJEB40665;PRJEB43510;PRJEB43745;PRJEB45123;PRJEB46442;PRJNA533106			no_sra_center
GCA_964197665.1	Bombus jonellus	2024-07-03	SAMEA14448317	WELLCOME SANGER INSTITUTE	EBI	PRJEB40665;PRJEB43510;PRJEB43745;PRJEB64937;PRJEB77065;PRJNA533106			no_sra_center
GCA_964186655.1	Bombus lapidarius	2024-06-07	SAMEA7521504	WELLCOME SANGER INSTITUTE	EBI	PRJEB40665;PRJEB43510;PRJEB43745;PRJEB66045;PRJEB76392;PRJNA533106			no_sra_center
GCA_965261305.1	Bombus lucorum	2025-04-27	SAMEA112360818	WELLCOME SANGER INSTITUTE	EBI	PRJEB40665;PRJEB43510;PRJEB43745;PRJEB67403;PRJEB88850;PRJNA533106			no_sra_center
GCA_965178685.1	Bombus monticola	2025-03-04	SAMEA112198363	WELLCOME SANGER INSTITUTE	EBI	PRJEB40665;PRJEB43510;PRJEB43745;PRJEB66738;PRJEB86336;PRJNA533106			no_sra_center
GCA_963971185.1	Bombus muscorum	2024-03-04	SAMEA14448357	WELLCOME SANGER INSTITUTE	EBI	PRJEB40665;PRJEB43510;PRJEB43745;PRJEB59139;PRJEB73467;PRJNA533106			no_sra_center
GCA_905332965.1	Bombus pascuorum	2021-03-19	SAMEA7520484	WELLCOME SANGER INSTITUTE	EBI	PRJEB40665;PRJEB43481;PRJEB43510;PRJEB43540;PRJEB43745;PRJNA533106			no_sra_center
GCA_930367275.1	Bombus pratorum	2022-02-13	SAMEA7520485	WELLCOME SANGER INSTITUTE	EBI	PRJEB40665;PRJEB43510;PRJEB43745;PRJEB48116;PRJEB50848;PRJNA533106			no_sra_center
GCA_984574025.1	Bombus sylvarum	2026-06-15	SAMEA117491975	WELLCOME SANGER INSTITUTE	EBI	PRJEB110244;PRJEB113601;PRJEB40665;PRJEB43510;PRJEB43745;PRJNA533106			no_sra_center
GCA_911622165.2	Bombus sylvestris	2022-10-15	SAMEA7520657	WELLCOME SANGER INSTITUTE	EBI	PRJEB40665;PRJEB43510;PRJEB43745;PRJEB45124;PRJEB46443;PRJNA533106			no_sra_center
GCA_910591885.2	Bombus terrestris	2022-02-09	SAMEA7520487	WELLCOME SANGER INSTITUTE	EBI	PRJEB40665;PRJEB43510;PRJEB43745;PRJEB45205;PRJEB45694;PRJNA533106			no_sra_center
GCA_963556215.1	Bombus vestalis	2023-10-10	SAMEA7520656	WELLCOME SANGER INSTITUTE	EBI	PRJEB40665;PRJEB43510;PRJEB43745;PRJEB61036;PRJEB67288;PRJNA533106			no_sra_center
GCA_939192795.1	Bombylius discolor	2022-05-03	SAMEA7524252	WELLCOME SANGER INSTITUTE	EBI	PRJEB40665;PRJEB43510;PRJEB43745;PRJEB50790;PRJEB52241;PRJNA533106			no_sra_center
GCA_932526495.1	Bombylius major	2022-03-23	SAMEA7524251	WELLCOME SANGER INSTITUTE	EBI	PRJEB40665;PRJEB43510;PRJEB43745;PRJEB50855;PRJEB51377;PRJNA533106			no_sra_center
GCA_980748365.1	Bombylius minor	2026-02-22	SAMEA114644796	WELLCOME SANGER INSTITUTE	EBI	PRJEB108509;PRJEB40665;PRJEB43510;PRJEB43745;PRJEB80142;PRJNA533106			no_sra_center
GCA_986708585.1	Botrylloides diegensis	2026-08-22	SAMEA117749230	WELLCOME SANGER INSTITUTE	EBI	PRJEB113754;PRJEB120941;PRJEB40665;PRJEB43510;PRJEB43745;PRJNA533106			no_sra_center
GCA_982374655.1	Bourletiella hortensis	2026-04-04	SAMEA114438325	WELLCOME SANGER INSTITUTE	EBI	PRJEB110960;PRJEB40665;PRJEB43510;PRJEB43745;PRJEB92322;PRJNA533106			no_sra_center
GCA_965199015.1	Brachmia blandella	2025-03-13	SAMEA7701511	WELLCOME SANGER INSTITUTE	EBI	PRJEB40665;PRJEB43510;PRJEB43745;PRJEB71264;PRJEB71705;PRJEB86826;PRJNA533106			no_sra_center
GCA_976918315.1	Brachmia inornatella	2025-10-26	SAMEA117573955	WELLCOME SANGER INSTITUTE	EBI	PRJEB40665;PRJEB43510;PRJEB43745;PRJEB71705;PRJEB96592;PRJEB97135;PRJNA533106			no_sra_center
GCA_976131275.1	Brachydontium trichodes	2025-10-10	SAMEA114214959	WELLCOME SANGER INSTITUTE	EBI	PRJEB40665;PRJEB43510;PRJEB43745;PRJEB94774;PRJEB96220;PRJNA533106			no_sra_center
GCA_937001585.2	Brachylomia viminalis	2022-09-22	SAMEA7701291	WELLCOME SANGER INSTITUTE	EBI	PRJEB40665;PRJEB43510;PRJEB43745;PRJEB51268;PRJEB52133;PRJEB71705;PRJNA533106			no_sra_center
GCA_949775065.1	Brachyopa scutellaris	2023-04-07	SAMEA9359407	WELLCOME SANGER INSTITUTE	EBI	PRJEB40665;PRJEB43510;PRJEB43745;PRJEB59376;PRJEB60997;PRJNA533106			no_sra_center
GCA_965362245.1	Brachypalpoides lentus	2025-06-12	SAMEA112964232	WELLCOME SANGER INSTITUTE	EBI	PRJEB40665;PRJEB43510;PRJEB43745;PRJEB77346;PRJEB90165;PRJNA533106			no_sra_center
GCA_945910035.1	Brachypalpus laphriformis	2022-09-10	SAMEA10166985	WELLCOME SANGER INSTITUTE	EBI	PRJEB40665;PRJEB43510;PRJEB43745;PRJEB53858;PRJEB54950;PRJNA533106			no_sra_center
GCA_964007535.1	Brachyptera risi	2024-03-19	SAMEA7520806	WELLCOME SANGER INSTITUTE	EBI	PRJEB40665;PRJEB43510;PRJEB43745;PRJEB59800;PRJEB74020;PRJNA533106			no_sra_center
GCA_958510825.1	Brachypterus glaber	2023-07-18	SAMEA14448403	WELLCOME SANGER INSTITUTE	EBI	PRJEB40665;PRJEB43510;PRJEB43745;PRJEB62056;PRJEB64398;PRJNA533106			no_sra_center
GCA_965636905.2	Brachythecium rutabulum	2026-04-04	SAMEA110449498	WELLCOME SANGER INSTITUTE	EBI	PRJEB40665;PRJEB43510;PRJEB43745;PRJEB80449;PRJEB91491;PRJNA533106			no_sra_center
GCA_964187965.1	Branchiostoma lanceolatum	2024-06-21	SAMEA111562176	WELLCOME SANGER INSTITUTE	EBI	PRJEB40665;PRJEB43510;PRJEB43745;PRJEB74948;PRJEB76728;PRJNA489243;PRJNA533106			no_sra_center
GCA_988290425.1	Branta canadensis	2026-09-24	SAMEA113398965	WELLCOME SANGER INSTITUTE	EBI	PRJEB40665;PRJEB43510;PRJEB43745;PRJEB75627;PRJEB87680;PRJNA489243;PRJNA533106			no_sra_center
GCA_965642265.1	Branta leucopsis	2025-07-19	SAMEA112468032	WELLCOME SANGER INSTITUTE	EBI	PRJEB125134;PRJEB40665;PRJEB43510;PRJEB43745;PRJEB73651;PRJEB80366;PRJEB93762;PRJNA489243;PRJNA533106			no_sra_center
GCA_964214035.1	Brassica nigra	2024-08-27	SAMEA9337059	WELLCOME SANGER INSTITUTE	EBI	PRJEB40665;PRJEB43510;PRJEB43745;PRJEB68044;PRJEB78976;PRJNA533106			no_sra_center
GCA_976988665.1	Braunia imberbis	2025-11-07	SAMEA112690307	WELLCOME SANGER INSTITUTE	EBI	PRJEB40665;PRJEB43510;PRJEB43745;PRJEB97991;PRJEB98796;PRJNA533106			no_sra_center
GCA_950022295.1	Bromus sterilis	2023-06-27	SAMEA9143060	WELLCOME SANGER INSTITUTE	EBI	PRJEB40665;PRJEB43510;PRJEB43745;PRJEB60321;PRJEB61553;PRJNA533106			no_sra_center
GCA_949316355.1	Bruchidius siliquastri	2023-03-10	SAMEA111458828	WELLCOME SANGER INSTITUTE	EBI	PRJEB40665;PRJEB43510;PRJEB43745;PRJEB59372;PRJEB60137;PRJNA533106			no_sra_center
GCA_964204745.1	Bruchidius varius	2024-07-27	SAMEA113425637	WELLCOME SANGER INSTITUTE	EBI	PRJEB40665;PRJEB43510;PRJEB43745;PRJEB76325;PRJEB78407;PRJNA533106			no_sra_center
GCA_965643515.1	Bruchidius villosus	2025-07-19	SAMEA114805938	WELLCOME SANGER INSTITUTE	EBI	PRJEB40665;PRJEB43510;PRJEB43745;PRJEB80048;PRJEB93937;PRJNA533106			no_sra_center
GCA_984589165.1	Bruchus rufimanus	2026-06-21	SAMEA120273662	WELLCOME SANGER INSTITUTE	EBI	PRJEB112645;PRJEB114182;PRJEB40665;PRJEB43510;PRJEB43745;PRJNA533106			no_sra_center
GCA_963971425.1	Bryoerythrophyllum caledonicum	2024-03-06	SAMEA13832370	WELLCOME SANGER INSTITUTE	EBI	PRJEB40665;PRJEB43510;PRJEB43745;PRJEB70980;PRJEB73528;PRJNA533106			no_sra_center
GCA_974117225.1	Bryoerythrophyllum ferruginascens	2025-10-08	SAMEA10904388	WELLCOME SANGER INSTITUTE	EBI	PRJEB40665;PRJEB43510;PRJEB43745;PRJEB94732;PRJEB96414;PRJNA533106			no_sra_center
GCA_976338635.1	Bryomyces phyllanthus	2025-10-04	SAMEA111383233	WELLCOME SANGER INSTITUTE	EBI	PRJEB40665;PRJEB43510;PRJEB43745;PRJEB94762;PRJEB96223;PRJNA533106			no_sra_center
GCA_965153255.1	Bryophila domestica	2025-02-26	SAMEA115163345	WELLCOME SANGER INSTITUTE	EBI	PRJEB40665;PRJEB43510;PRJEB43745;PRJEB71705;PRJEB85374;PRJEB85957;PRJNA533106			no_sra_center
GCA_965641975.1	Bryotropha affinis	2025-07-18	SAMEA115574481	WELLCOME SANGER INSTITUTE	EBI	PRJEB40665;PRJEB43510;PRJEB43745;PRJEB71705;PRJEB89605;PRJEB92163;PRJNA533106			no_sra_center
GCA_987570135.1	Bryotropha senectella	2026-09-02	SAMEA120504072	WELLCOME SANGER INSTITUTE	EBI	PRJEB114907;PRJEB123849;PRJEB40665;PRJEB43510;PRJEB43745;PRJEB71705;PRJNA533106			no_sra_center
GCA_976988725.1	Bryotropha similis	2025-11-07	SAMEA117574681	WELLCOME SANGER INSTITUTE	EBI	PRJEB40665;PRJEB43510;PRJEB43745;PRJEB71705;PRJEB96588;PRJEB98807;PRJNA533106			no_sra_center
GCA_964059635.1	Bryotropha terrella	2024-06-06	SAMEA113425689	WELLCOME SANGER INSTITUTE	EBI	PRJEB40665;PRJEB43510;PRJEB43745;PRJEB71705;PRJEB74972;PRJEB76091;PRJNA533106			no_sra_center
GCA_984653355.1	Bryum calophyllum	2026-06-22	SAMEA117801555	WELLCOME SANGER INSTITUTE	EBI	PRJEB110017;PRJEB114265;PRJEB40665;PRJEB43510;PRJEB43745;PRJNA533106			no_sra_center
GCA_984652935.1	Bryum marratii	2026-06-22	SAMEA117801552	WELLCOME SANGER INSTITUTE	EBI	PRJEB110125;PRJEB114269;PRJEB40665;PRJEB43510;PRJEB43745;PRJNA533106			no_sra_center
GCA_984656185.1	Bryum riparium	2026-06-22	SAMEA117801553	WELLCOME SANGER INSTITUTE	EBI	PRJEB110220;PRJEB114270;PRJEB40665;PRJEB43510;PRJEB43745;PRJNA533106			no_sra_center
GCA_934046635.1	Buathra laborator	2022-03-27	SAMEA8534297	WELLCOME SANGER INSTITUTE	EBI	PRJEB40665;PRJEB43510;PRJEB43745;PRJEB50481;PRJEB51796;PRJNA533106			no_sra_center
GCA_988265005.1	Bucculatrix nigricomella	2026-09-14	SAMEA117575342	WELLCOME SANGER INSTITUTE	EBI	PRJEB124289;PRJEB126009;PRJEB40665;PRJEB43510;PRJEB43745;PRJEB71705;PRJNA533106			no_sra_center
GCA_965637495.1	Bucculatrix thoracella	2025-07-09	SAMEA114805684	WELLCOME SANGER INSTITUTE	EBI	PRJEB40665;PRJEB43510;PRJEB43745;PRJEB71705;PRJEB89314;PRJEB91632;PRJNA533106			no_sra_center
GCA_988290395.1	Bucephala clangula	2026-09-24	SAMEA112468123	WELLCOME SANGER INSTITUTE	EBI	PRJEB40665;PRJEB43510;PRJEB43745;PRJEB68286;PRJEB76092;PRJNA489243;PRJNA533106			no_sra_center
GCA_965641825.2	Buddleja davidii	2026-04-27	SAMEA7522522	WELLCOME SANGER INSTITUTE	EBI	PRJEB40665;PRJEB43510;PRJEB43745;PRJEB76365;PRJEB92039;PRJNA533106			no_sra_center
GCA_905171765.1	Bufo bufo	2021-01-28	SAMEA7521636	Wellcome Sanger Institute	EBI	PRJEB40665;PRJEB42168;PRJEB42238;PRJEB43510;PRJEB43745;PRJNA489243;PRJNA533106			no_sra_center
GCA_978045355.1	Buglossidium luteum	2026-03-01	SAMEA110450066	WELLCOME SANGER INSTITUTE	EBI	PRJEB106970;PRJEB40665;PRJEB43510;PRJEB43745;PRJEB75410;PRJNA489243;PRJNA533106			no_sra_center
GCA_964035545.1	Bugula neritina	2024-04-29	SAMEA112148689	WELLCOME SANGER INSTITUTE	EBI	PRJEB40665;PRJEB43510;PRJEB43745;PRJEB66388;PRJEB75343;PRJNA533106			no_sra_center
GCA_935421135.1	Bugulina stolonifera	2022-05-03	SAMEA7536683	WELLCOME SANGER INSTITUTE	EBI	PRJEB40665;PRJEB43510;PRJEB43745;PRJEB51034;PRJEB51931;PRJNA533106			no_sra_center
GCA_964188355.1	Buteo buteo	2024-06-21	SAMEA114594453	WELLCOME SANGER INSTITUTE	EBI	PRJEB40665;PRJEB43510;PRJEB43745;PRJEB74952;PRJEB76733;PRJNA489243;PRJNA533106			no_sra_center
GCA_964213195.1	Butyriboletus subappendiculatus	2024-08-22	SAMEA113940516	WELLCOME SANGER INSTITUTE	EBI	PRJEB40665;PRJEB43510;PRJEB43745;PRJEB77553;PRJEB78720;PRJNA533106			no_sra_center
GCA_947561395.3	Buxus sempervirens	2024-07-29	SAMEA7522626	WELLCOME SANGER INSTITUTE	EBI	PRJEB40665;PRJEB43510;PRJEB43745;PRJEB53560;PRJEB58115;PRJNA533106			no_sra_center
GCA_964340555.1	Cabera exanthemata	2024-11-18	SAMEA115163566	WELLCOME SANGER INSTITUTE	EBI	PRJEB40665;PRJEB43510;PRJEB43745;PRJEB71705;PRJEB82149;PRJEB82578;PRJNA533106			no_sra_center
GCA_954871355.1	Cabera pusaria	2023-07-14	SAMEA112226456	WELLCOME SANGER INSTITUTE	EBI	PRJEB40665;PRJEB43510;PRJEB43745;PRJEB62171;PRJEB63255;PRJEB71705;PRJNA533106			no_sra_center
GCA_964271255.1	Cacoecimorpha pronubana	2024-09-29	SAMEA114805660	WELLCOME SANGER INSTITUTE	EBI	PRJEB40665;PRJEB43510;PRJEB43745;PRJEB71705;PRJEB78814;PRJEB80607;PRJNA533106			no_sra_center
GCA_987194955.1	Calameuta filiformis	2026-09-08	SAMEA118540649	WELLCOME SANGER INSTITUTE	EBI	PRJEB112695;PRJEB122803;PRJEB40665;PRJEB43510;PRJEB43745;PRJNA533106			no_sra_center
GCA_984589135.1	Calameuta pallipes	2026-06-21	SAMEA118280880	WELLCOME SANGER INSTITUTE	EBI	PRJEB110015;PRJEB114218;PRJEB40665;PRJEB43510;PRJEB43745;PRJNA533106			no_sra_center
GCA_927399485.1	Calamotropha paludella	2022-02-03	SAMEA7746625	WELLCOME SANGER INSTITUTE	EBI	PRJEB40665;PRJEB43510;PRJEB43745;PRJEB47466;PRJEB49993;PRJEB71705;PRJNA533106			no_sra_center
GCA_978122415.1	Calathus fuscipes	2026-03-01	SAMEA116354045	WELLCOME SANGER INSTITUTE	EBI	PRJEB107157;PRJEB40665;PRJEB43510;PRJEB43745;PRJEB97870;PRJNA533106			no_sra_center
GCA_966096355.1	Calathus melanocephalus	2025-08-23	SAMEA114644843	WELLCOME SANGER INSTITUTE	EBI	PRJEB40665;PRJEB43510;PRJEB43745;PRJEB79694;PRJEB95786;PRJNA533106			no_sra_center
GCA_963853835.1	Calendula officinalis	2023-12-12	SAMEA9143046	WELLCOME SANGER INSTITUTE	EBI	PRJEB40665;PRJEB43510;PRJEB43745;PRJEB65692;PRJEB71004;PRJNA533106			no_sra_center
GCA_987196145.1	Calidris alpina	2026-09-08	SAMEA118680293	WELLCOME SANGER INSTITUTE	EBI	PRJEB110716;PRJEB122699;PRJEB125134;PRJEB40665;PRJEB43510;PRJEB43745;PRJEB80366;PRJNA489243;PRJNA533106			no_sra_center
GCA_988332155.1	Calidris canutus	2026-10-05	SAMEA120960973	WELLCOME SANGER INSTITUTE	EBI	PRJEB123972;PRJEB125134;PRJEB127863;PRJEB40665;PRJEB43510;PRJEB43745;PRJEB80366;PRJNA489243;PRJNA533106			no_sra_center
GCA_988331215.1	Calidris canutus	2026-10-05	SAMEA120960973	WELLCOME SANGER INSTITUTE	EBI	PRJEB123972;PRJEB125134;PRJEB127864;PRJEB40665;PRJEB43510;PRJEB43745;PRJEB80366;PRJNA489243;PRJNA533106			no_sra_center
GCA_977901975.1	Callicera rufa	2026-01-30	SAMEA115574601	WELLCOME SANGER INSTITUTE	EBI	PRJEB105054;PRJEB40665;PRJEB43510;PRJEB43745;PRJEB80106;PRJNA533106			no_sra_center
GCA_964639475.2	Calliergon cordifolium	2025-10-26	SAMEA111383330	WELLCOME SANGER INSTITUTE	EBI	PRJEB40665;PRJEB43510;PRJEB43745;PRJEB80509;PRJEB83291;PRJNA533106			no_sra_center
GCA_982499555.1	Calliergonella cuspidata	2026-04-17	SAMEA7688724	WELLCOME SANGER INSTITUTE	EBI	PRJEB110258;PRJEB111546;PRJEB125134;PRJEB40665;PRJEB43510;PRJEB43745;PRJEB80366;PRJNA533106			no_sra_center
GCA_949752705.1	Callimorpha dominula	2023-04-03	SAMEA7701310	WELLCOME SANGER INSTITUTE	EBI	PRJEB40665;PRJEB43510;PRJEB43745;PRJEB60214;PRJEB60859;PRJEB71705;PRJNA533106			no_sra_center
GCA_982586985.1	Callionymus lyra	2026-04-27	SAMEA12219469	WELLCOME SANGER INSTITUTE	EBI	PRJEB111821;PRJEB40665;PRJEB43510;PRJEB43745;PRJEB85372;PRJNA489243;PRJNA533106			no_sra_center
GCA_982587015.1	Callionymus lyra	2026-04-27	SAMEA12219469	WELLCOME SANGER INSTITUTE	EBI	PRJEB111822;PRJEB40665;PRJEB43510;PRJEB43745;PRJEB85372;PRJNA489243;PRJNA533106			no_sra_center
GCA_981559775.1	Calliopum aeneum	2026-03-01	SAMEA114645006	WELLCOME SANGER INSTITUTE	EBI	PRJEB108815;PRJEB40665;PRJEB43510;PRJEB43745;PRJEB80947;PRJNA533106			no_sra_center
GCA_951812925.1	Calliopum simillimum	2023-07-14	SAMEA110451624	WELLCOME SANGER INSTITUTE	EBI	PRJEB40665;PRJEB43510;PRJEB43745;PRJEB61129;PRJEB62996;PRJNA533106			no_sra_center
GCA_982340765.1	Calliphora loewi	2026-03-23	SAMEA115574603	WELLCOME SANGER INSTITUTE	EBI	PRJEB110371;PRJEB40665;PRJEB43510;PRJEB43745;PRJEB97618;PRJNA533106			no_sra_center
GCA_958450345.1	Calliphora vicina	2023-07-18	SAMEA7521395	WELLCOME SANGER INSTITUTE	EBI	PRJEB40665;PRJEB43510;PRJEB43745;PRJEB59784;PRJEB64194;PRJNA533106			no_sra_center
GCA_942486065.2	Calliphora vomitoria	2022-10-08	SAMEA8534291	WELLCOME SANGER INSTITUTE	EBI	PRJEB40665;PRJEB43510;PRJEB43745;PRJEB52479;PRJEB52695;PRJNA533106			no_sra_center
GCA_965615895.1	Calliteara pudibunda	2025-07-08	SAMEA111457921	WELLCOME SANGER INSTITUTE	EBI	PRJEB40665;PRJEB43510;PRJEB43745;PRJEB71705;PRJEB76359;PRJEB90970;PRJNA533106			no_sra_center
GCA_965117245.2	Callitriche obtusangula	2026-08-27	SAMEA110450303	WELLCOME SANGER INSTITUTE	EBI	PRJEB40665;PRJEB43510;PRJEB43745;PRJEB81003;PRJEB85140;PRJNA533106			no_sra_center
GCA_987200325.1	Callitriche stagnalis	2026-09-03	SAMEA118967378	WELLCOME SANGER INSTITUTE	EBI	PRJEB114585;PRJEB122910;PRJEB125134;PRJEB40665;PRJEB43510;PRJEB43745;PRJEB80366;PRJNA533106			no_sra_center
GCA_964145215.1	Calluna vulgaris	2024-06-06	SAMEA111501838	WELLCOME SANGER INSTITUTE	EBI	PRJEB125134;PRJEB40665;PRJEB43510;PRJEB43745;PRJEB74151;PRJEB76199;PRJEB80366;PRJNA533106			no_sra_center
GCA_964145725.1	Calluna vulgaris	2024-06-06	SAMEA111501838	WELLCOME SANGER INSTITUTE	EBI	PRJEB125134;PRJEB40665;PRJEB43510;PRJEB43745;PRJEB74151;PRJEB76200;PRJEB80366;PRJNA533106			no_sra_center
GCA_977063495.1	Calodromius spilotus	2026-02-01	SAMEA10107060	WELLCOME SANGER INSTITUTE	EBI	PRJEB103060;PRJEB40665;PRJEB43510;PRJEB43745;PRJEB75289;PRJNA533106			no_sra_center
GCA_985558025.1	Calonarius cisticola	2026-07-01	SAMEA110757113	WELLCOME SANGER INSTITUTE	EBI	PRJEB112310;PRJEB114838;PRJEB40665;PRJEB43510;PRJEB43745;PRJNA533106			no_sra_center
GCA_987114515.1	Calonarius elegantissimus	2026-08-28	SAMEA110757117	WELLCOME SANGER INSTITUTE	EBI	PRJEB111272;PRJEB121432;PRJEB40665;PRJEB43510;PRJEB43745;PRJNA533106			no_sra_center
GCA_986708625.1	Calonarius splendens	2026-08-20	SAMEA110757086	WELLCOME SANGER INSTITUTE	EBI	PRJEB112312;PRJEB120919;PRJEB40665;PRJEB43510;PRJEB43745;PRJNA533106			no_sra_center
GCA_988290445.1	Calonectris borealis	2026-09-24	SAMEA114294356	WELLCOME SANGER INSTITUTE	EBI	PRJEB107229;PRJEB40665;PRJEB43510;PRJEB43745;PRJEB75561;PRJEB77030;PRJNA489243;PRJNA533106			no_sra_center
GCA_964276575.1	Calophasia lunula	2024-10-28	SAMEA111458036	WELLCOME SANGER INSTITUTE	EBI	PRJEB40665;PRJEB43510;PRJEB43745;PRJEB71705;PRJEB79702;PRJEB81257;PRJNA533106			no_sra_center
GCA_977013245.1	Caloptilia elongella	2025-11-07	SAMEA117574217	WELLCOME SANGER INSTITUTE	EBI	PRJEB100638;PRJEB40665;PRJEB43510;PRJEB43745;PRJEB71705;PRJEB98346;PRJNA533106			no_sra_center
GCA_977013295.1	Caloptilia elongella	2025-11-07	SAMEA117574217	WELLCOME SANGER INSTITUTE	EBI	PRJEB100637;PRJEB40665;PRJEB43510;PRJEB43745;PRJEB71705;PRJEB98346;PRJNA533106			no_sra_center
GCA_987574275.1	Caloptilia robustella	2026-09-09	SAMEA118256619	WELLCOME SANGER INSTITUTE	EBI	PRJEB113364;PRJEB123851;PRJEB40665;PRJEB43510;PRJEB43745;PRJEB71705;PRJNA533106			no_sra_center
GCA_965641945.2	Caloptilia rufipennella	2026-02-01	SAMEA112221961	WELLCOME SANGER INSTITUTE	EBI	PRJEB40665;PRJEB43510;PRJEB43745;PRJEB71705;PRJEB89316;PRJEB92165;PRJNA533106			no_sra_center
GCA_964059645.1	Calvia quattuordecimguttata	2024-06-06	SAMEA110044015	WELLCOME SANGER INSTITUTE	EBI	PRJEB40665;PRJEB43510;PRJEB43745;PRJEB74354;PRJEB76103;PRJNA533106			no_sra_center
GCA_964235135.1	Calystegia soldanella	2024-08-31	SAMEA10369537	WELLCOME SANGER INSTITUTE	EBI	PRJEB40665;PRJEB43510;PRJEB43745;PRJEB74619;PRJEB79099;PRJNA533106			no_sra_center
GCA_912999815.1	Campaea margaritaria	2021-08-18	SAMEA7701535	WELLCOME SANGER INSTITUTE	EBI	PRJEB40665;PRJEB43510;PRJEB43745;PRJEB45206;PRJEB47023;PRJEB71705;PRJNA533106			no_sra_center
GCA_986606765.1	Campanula latifolia	2026-08-31	SAMEA118967401	WELLCOME SANGER INSTITUTE	EBI	PRJEB115256;PRJEB120764;PRJEB125134;PRJEB40665;PRJEB43510;PRJEB43745;PRJEB80366;PRJNA533106			no_sra_center
GCA_964058745.1	Campiglossa producta	2024-06-05	SAMEA113425452	WELLCOME SANGER INSTITUTE	EBI	PRJEB40665;PRJEB43510;PRJEB43745;PRJEB73429;PRJEB75822;PRJNA533106			no_sra_center
GCA_948107755.1	Campoletis raptor	2023-01-12	SAMEA14448294	WELLCOME SANGER INSTITUTE	EBI	PRJEB40665;PRJEB43510;PRJEB43745;PRJEB56062;PRJEB58800;PRJNA533106			no_sra_center
GCA_984033395.1	Campsicnemus scambus	2026-06-15	SAMEA113425717	WELLCOME SANGER INSTITUTE	EBI	PRJEB112796;PRJEB40665;PRJEB43510;PRJEB43745;PRJEB97544;PRJNA533106			no_sra_center
GCA_958496255.1	Camptogramma bilineatum	2023-07-18	SAMEA7701528	WELLCOME SANGER INSTITUTE	EBI	PRJEB40665;PRJEB43510;PRJEB43745;PRJEB55948;PRJEB64370;PRJEB71705;PRJNA533106			no_sra_center
GCA_976985155.1	Campylopus flexuosus	2025-10-26	SAMEA114223096	WELLCOME SANGER INSTITUTE	EBI	PRJEB40665;PRJEB43510;PRJEB43745;PRJEB97832;PRJEB98408;PRJNA533106			no_sra_center
GCA_975300755.1	Campylopus introflexus	2025-10-26	SAMEA114223112	WELLCOME SANGER INSTITUTE	EBI	PRJEB40665;PRJEB43510;PRJEB43745;PRJEB94776;PRJEB96864;PRJNA533106			no_sra_center
GCA_963930725.1	Candelabrum cocksii	2024-01-31	SAMEA13853375	WELLCOME SANGER INSTITUTE	EBI	PRJEB40665;PRJEB43510;PRJEB43745;PRJEB65672;PRJEB72168;PRJNA533106			no_sra_center
GCA_986268445.1	Canephora hirsuta	2026-06-30	SAMEA118260414	WELLCOME SANGER INSTITUTE	EBI	PRJEB112998;PRJEB115556;PRJEB40665;PRJEB43510;PRJEB43745;PRJEB71705;PRJNA533106			no_sra_center
GCA_905319855.2	Canis lupus	2021-03-26	SAMEA7532739	WELLCOME SANGER INSTITUTE	EBI	PRJEB40665;PRJEB43200;PRJEB43409;PRJEB43510;PRJEB43745;PRJNA489243;PRJNA533106			no_sra_center
GCA_965642435.1	Cantharis decipiens	2025-07-19	SAMEA114806259	WELLCOME SANGER INSTITUTE	EBI	PRJEB40665;PRJEB43510;PRJEB43745;PRJEB76761;PRJEB93841;PRJNA533106			no_sra_center
GCA_986170115.1	Cantharis figurata	2026-07-04	SAMEA116117466	WELLCOME SANGER INSTITUTE	EBI	PRJEB113730;PRJEB115213;PRJEB40665;PRJEB43510;PRJEB43745;PRJNA533106			no_sra_center
GCA_986172295.1	Cantharis figurata	2026-07-04	SAMEA116117466	WELLCOME SANGER INSTITUTE	EBI	PRJEB113730;PRJEB115212;PRJEB40665;PRJEB43510;PRJEB43745;PRJNA533106			no_sra_center
GCA_949152465.1	Cantharis flavilabris	2023-03-10	SAMEA111458455	WELLCOME SANGER INSTITUTE	EBI	PRJEB40665;PRJEB43510;PRJEB43745;PRJEB59137;PRJEB59846;PRJNA533106			no_sra_center
GCA_963170105.1	Cantharis lateralis	2023-08-18	SAMEA112232684	WELLCOME SANGER INSTITUTE	EBI	PRJEB40665;PRJEB43510;PRJEB43745;PRJEB60823;PRJEB64909;PRJNA533106			no_sra_center
GCA_958510845.1	Cantharis nigra	2023-07-18	SAMEA112232571	WELLCOME SANGER INSTITUTE	EBI	PRJEB40665;PRJEB43510;PRJEB43745;PRJEB60708;PRJEB64391;PRJNA533106			no_sra_center
GCA_978407175.1	Cantharis pallida	2026-03-01	SAMEA114644974	WELLCOME SANGER INSTITUTE	EBI	PRJEB107253;PRJEB40665;PRJEB43510;PRJEB43745;PRJEB79706;PRJNA533106			no_sra_center
GCA_982552315.1	Cantharis pellucida	2026-04-27	SAMEA10167031	WELLCOME SANGER INSTITUTE	EBI	PRJEB110659;PRJEB40665;PRJEB43510;PRJEB43745;PRJEB66021;PRJNA533106			no_sra_center
GCA_947369205.1	Cantharis rufa	2022-12-04	SAMEA7520947	WELLCOME SANGER INSTITUTE	EBI	PRJEB40665;PRJEB43510;PRJEB43745;PRJEB56058;PRJEB57708;PRJNA533106			no_sra_center
GCA_911387805.1	Cantharis rustica	2021-07-21	SAMEA7524272	WELLCOME SANGER INSTITUTE	EBI	PRJEB40665;PRJEB43510;PRJEB43745;PRJEB45190;PRJEB46423;PRJNA533106			no_sra_center
GCA_988290435.1	Caprimulgus europaeus	2026-09-24	SAMEA7524393	WELLCOME SANGER INSTITUTE	EBI	PRJEB40665;PRJEB43510;PRJEB43745;PRJEB44541;PRJEB44830;PRJNA489243;PRJNA533106			no_sra_center
GCA_988290375.1	Caprimulgus europaeus	2026-09-24	SAMEA7524393	WELLCOME SANGER INSTITUTE	EBI	PRJEB40665;PRJEB43510;PRJEB43745;PRJEB44540;PRJEB44830;PRJNA489243;PRJNA533106			no_sra_center
GCA_986280915.1	Carabus intricatus	2026-08-16	SAMEA118559911	WELLCOME SANGER INSTITUTE	EBI	PRJEB114589;PRJEB115753;PRJEB40665;PRJEB43510;PRJEB43745;PRJNA533106			no_sra_center
GCA_977790985.1	Carabus nemoralis	2026-02-01	SAMEA110451550	WELLCOME SANGER INSTITUTE	EBI	PRJEB104832;PRJEB40665;PRJEB43510;PRJEB43745;PRJEB77450;PRJNA533106			no_sra_center
GCA_963422195.1	Carabus problematicus	2023-09-11	SAMEA112221835	WELLCOME SANGER INSTITUTE	EBI	PRJEB40665;PRJEB43510;PRJEB43745;PRJEB61438;PRJEB65488;PRJNA533106			no_sra_center
GCA_932526535.1	Caradrina clavipalpis	2022-03-23	SAMEA8603187	WELLCOME SANGER INSTITUTE	EBI	PRJEB40665;PRJEB43510;PRJEB43745;PRJEB50788;PRJEB51393;PRJEB71705;PRJNA533106			no_sra_center
GCA_947462355.1	Caradrina kadenii	2022-12-06	SAMEA8534280	WELLCOME SANGER INSTITUTE	EBI	PRJEB40665;PRJEB43510;PRJEB43745;PRJEB55745;PRJEB57907;PRJEB71705;PRJNA533106			no_sra_center
GCA_988221835.1	Caradrina morpheus	2026-08-28	SAMEA118540661	WELLCOME SANGER INSTITUTE	EBI	PRJEB123753;PRJEB124464;PRJEB40665;PRJEB43510;PRJEB43745;PRJEB71705;PRJNA533106			no_sra_center
GCA_963082965.1	Carassius carassius	2023-08-09	SAMEA11296534	WELLCOME SANGER INSTITUTE	EBI	PRJEB107229;PRJEB40665;PRJEB43510;PRJEB43745;PRJEB62001;PRJEB64837;PRJNA489243;PRJNA533106			no_sra_center
GCA_910589575.2	Carcina quercana	2022-04-28	SAMEA7519850	WELLCOME SANGER INSTITUTE	EBI	PRJEB40665;PRJEB43510;PRJEB43745;PRJEB45132;PRJEB45321;PRJEB71705;PRJNA533106			no_sra_center
GCA_984589545.1	Cardamine amara	2026-06-22	SAMEA110449453	WELLCOME SANGER INSTITUTE	EBI	PRJEB113090;PRJEB114155;PRJEB40665;PRJEB43510;PRJEB43745;PRJNA533106			no_sra_center
GCA_963555745.1	Cardamine flexuosa	2023-10-06	SAMEA9143028	WELLCOME SANGER INSTITUTE	EBI	PRJEB125134;PRJEB40665;PRJEB43510;PRJEB43745;PRJEB65704;PRJEB66693;PRJEB80366;PRJNA533106			no_sra_center
GCA_964212585.1	Cardamine hirsuta	2024-08-04	SAMEA110449234	WELLCOME SANGER INSTITUTE	EBI	PRJEB125134;PRJEB40665;PRJEB43510;PRJEB43745;PRJEB77314;PRJEB78625;PRJEB80366;PRJNA533106			no_sra_center
GCA_988280775.1	Cardamine pratensis	2026-09-17	SAMEA9143045	WELLCOME SANGER INSTITUTE	EBI	PRJEB113092;PRJEB126651;PRJEB40665;PRJEB43510;PRJEB43745;PRJNA533106			no_sra_center
GCA_987197145.1	Carduelis carduelis	2026-09-08	SAMEA117632800	WELLCOME SANGER INSTITUTE	EBI	PRJEB122701;PRJEB40665;PRJEB43510;PRJEB43745;PRJEB98766;PRJNA489243;PRJNA533106			no_sra_center
GCA_976988675.1	Carduus crispus	2025-11-08	SAMEA111431308	WELLCOME SANGER INSTITUTE	EBI	PRJEB125134;PRJEB40665;PRJEB43510;PRJEB43745;PRJEB76512;PRJEB80366;PRJEB98799;PRJNA533106			no_sra_center
GCA_965198395.2	Carduus nutans	2025-10-26	SAMEA111431186	WELLCOME SANGER INSTITUTE	EBI	PRJEB40665;PRJEB43510;PRJEB43745;PRJEB85430;PRJEB86800;PRJNA533106			no_sra_center
GCA_964417155.2	Carex acutiformis	2025-10-26	SAMEA110449455	WELLCOME SANGER INSTITUTE	EBI	PRJEB40665;PRJEB43510;PRJEB43745;PRJEB81067;PRJEB83074;PRJNA533106			no_sra_center
GCA_964058765.1	Carex arenaria	2024-06-05	SAMEA110449358	WELLCOME SANGER INSTITUTE	EBI	PRJEB40665;PRJEB43510;PRJEB43745;PRJEB68038;PRJEB75835;PRJNA533106			no_sra_center
GCA_988276995.1	Carex bigelowii	2026-09-14	SAMEA9335565	WELLCOME SANGER INSTITUTE	EBI	PRJEB112714;PRJEB125134;PRJEB126522;PRJEB40665;PRJEB43510;PRJEB43745;PRJEB80366;PRJNA533106			no_sra_center
GCA_988276955.1	Carex bigelowii	2026-09-14	SAMEA9335565	WELLCOME SANGER INSTITUTE	EBI	PRJEB112714;PRJEB125134;PRJEB126521;PRJEB40665;PRJEB43510;PRJEB43745;PRJEB80366;PRJNA533106			no_sra_center
GCA_964339005.2	Carex caryophyllea	2025-10-18	SAMEA11478569	WELLCOME SANGER INSTITUTE	EBI	PRJEB125134;PRJEB40665;PRJEB43510;PRJEB43745;PRJEB80366;PRJEB81069;PRJEB82344;PRJNA533106			no_sra_center
GCA_964197715.1	Carex depauperata	2024-07-06	SAMEA7522407	WELLCOME SANGER INSTITUTE	EBI	PRJEB40665;PRJEB43510;PRJEB43745;PRJEB50879;PRJEB77118;PRJNA533106			no_sra_center
GCA_964659625.2	Carex distans	2025-10-26	SAMEA112287517	WELLCOME SANGER INSTITUTE	EBI	PRJEB40665;PRJEB43510;PRJEB43745;PRJEB81071;PRJEB83718;PRJNA533106			no_sra_center
GCA_964058785.1	Carex divulsa	2024-06-05	SAMEA110450228	WELLCOME SANGER INSTITUTE	EBI	PRJEB40665;PRJEB43510;PRJEB43745;PRJEB68040;PRJEB75845;PRJNA533106			no_sra_center
GCA_965279795.1	Carex echinata	2025-05-10	SAMEA114782725	WELLCOME SANGER INSTITUTE	EBI	PRJEB125134;PRJEB40665;PRJEB43510;PRJEB43745;PRJEB80366;PRJEB88758;PRJEB89419;PRJNA533106			no_sra_center
GCA_965260875.2	Carex elata	2025-11-06	SAMEA112287516	WELLCOME SANGER INSTITUTE	EBI	PRJEB40665;PRJEB43510;PRJEB43745;PRJEB87945;PRJEB88803;PRJNA533106			no_sra_center
GCA_964341605.1	Carex extensa	2024-11-28	SAMEA114782720	WELLCOME SANGER INSTITUTE	EBI	PRJEB40665;PRJEB43510;PRJEB43745;PRJEB79617;PRJEB82866;PRJNA533106			no_sra_center
GCA_965112215.1	Carex hirta	2025-01-23	SAMEA111431176	WELLCOME SANGER INSTITUTE	EBI	PRJEB40665;PRJEB43510;PRJEB43745;PRJEB68028;PRJEB84042;PRJNA533106			no_sra_center
GCA_964214065.1	Carex laevigata	2024-08-26	SAMEA111431172	WELLCOME SANGER INSTITUTE	EBI	PRJEB40665;PRJEB43510;PRJEB43745;PRJEB68030;PRJEB78975;PRJNA533106			no_sra_center
GCA_984574305.1	Carex lasiocarpa	2026-06-15	SAMEA114437886	WELLCOME SANGER INSTITUTE	EBI	PRJEB112488;PRJEB113608;PRJEB40665;PRJEB43510;PRJEB43745;PRJNA533106			no_sra_center
GCA_984577665.1	Carex montana	2026-06-17	SAMEA112290142	WELLCOME SANGER INSTITUTE	EBI	PRJEB112720;PRJEB113671;PRJEB40665;PRJEB43510;PRJEB43745;PRJNA533106			no_sra_center
GCA_965278315.1	Carex nigra	2025-05-08	SAMEA9335561	WELLCOME SANGER INSTITUTE	EBI	PRJEB125134;PRJEB40665;PRJEB43510;PRJEB43745;PRJEB68032;PRJEB80366;PRJEB89214;PRJNA533106			no_sra_center
GCA_964058885.1	Carex pendula	2024-06-05	SAMEA9143102	WELLCOME SANGER INSTITUTE	EBI	PRJEB40665;PRJEB43510;PRJEB43745;PRJEB68034;PRJEB75841;PRJNA533106			no_sra_center
GCA_964374305.2	Carex riparia	2025-10-26	SAMEA114563348	WELLCOME SANGER INSTITUTE	EBI	PRJEB40665;PRJEB43510;PRJEB43745;PRJEB81075;PRJEB82989;PRJNA533106			no_sra_center
GCA_964058835.2	Carex rostrata	2024-11-21	SAMEA9335117	WELLCOME SANGER INSTITUTE	EBI	PRJEB125134;PRJEB40665;PRJEB43510;PRJEB43745;PRJEB68042;PRJEB75832;PRJEB80366;PRJNA533106			no_sra_center
GCA_977035945.1	Carex spicata	2025-11-13	SAMEA114563450	WELLCOME SANGER INSTITUTE	EBI	PRJEB102693;PRJEB40665;PRJEB43510;PRJEB43745;PRJEB97530;PRJNA533106			no_sra_center
GCA_964058815.1	Carex sylvatica	2024-06-05	SAMEA110449450	WELLCOME SANGER INSTITUTE	EBI	PRJEB40665;PRJEB43510;PRJEB43745;PRJEB68036;PRJEB75833;PRJNA533106			no_sra_center
GCA_965178275.2	Carlina vulgaris	2026-08-27	SAMEA112287347	WELLCOME SANGER INSTITUTE	EBI	PRJEB40665;PRJEB43510;PRJEB43745;PRJEB81005;PRJEB86211;PRJNA533106			no_sra_center
GCA_987120075.1	Carpatolechia alburnella	2026-08-28	SAMEA120504298	WELLCOME SANGER INSTITUTE	EBI	PRJEB118583;PRJEB121505;PRJEB40665;PRJEB43510;PRJEB43745;PRJEB71705;PRJNA533106			no_sra_center
GCA_987120055.1	Carpatolechia alburnella	2026-08-29	SAMEA120504298	WELLCOME SANGER INSTITUTE	EBI	PRJEB118583;PRJEB121504;PRJEB40665;PRJEB43510;PRJEB43745;PRJEB71705;PRJNA533106			no_sra_center
GCA_984659175.1	Carpatolechia decorella	2026-06-22	SAMEA118559354	WELLCOME SANGER INSTITUTE	EBI	PRJEB109898;PRJEB114302;PRJEB40665;PRJEB43510;PRJEB43745;PRJEB71705;PRJNA533106			no_sra_center
GCA_951230895.1	Carpatolechia fugitivella	2023-05-11	SAMEA7746638	WELLCOME SANGER INSTITUTE	EBI	PRJEB40665;PRJEB43510;PRJEB43745;PRJEB61343;PRJEB61900;PRJEB71705;PRJNA533106			no_sra_center
GCA_977014995.1	Carpinus betulus	2025-10-31	SAMEA9143070	WELLCOME SANGER INSTITUTE	EBI	PRJEB101726;PRJEB40665;PRJEB43510;PRJEB43745;PRJEB89146;PRJNA533106			no_sra_center
GCA_977014925.1	Carpinus betulus	2025-11-07	SAMEA9143070	WELLCOME SANGER INSTITUTE	EBI	PRJEB101724;PRJEB40665;PRJEB43510;PRJEB43745;PRJEB89146;PRJNA533106			no_sra_center
GCA_977014935.1	Carpinus betulus	2025-11-07	SAMEA9143070	WELLCOME SANGER INSTITUTE	EBI	PRJEB101729;PRJEB40665;PRJEB43510;PRJEB43745;PRJEB89146;PRJNA533106			no_sra_center
GCA_977014945.1	Carpinus betulus	2025-11-08	SAMEA9143070	WELLCOME SANGER INSTITUTE	EBI	PRJEB101728;PRJEB40665;PRJEB43510;PRJEB43745;PRJEB89146;PRJNA533106			no_sra_center
GCA_977014955.1	Carpinus betulus	2025-11-07	SAMEA9143070	WELLCOME SANGER INSTITUTE	EBI	PRJEB101727;PRJEB40665;PRJEB43510;PRJEB43745;PRJEB89146;PRJNA533106			no_sra_center
GCA_977014975.1	Carpinus betulus	2025-10-31	SAMEA9143070	WELLCOME SANGER INSTITUTE	EBI	PRJEB101725;PRJEB40665;PRJEB43510;PRJEB43745;PRJEB89146;PRJNA533106			no_sra_center
GCA_977014985.1	Carpinus betulus	2025-11-08	SAMEA9143070	WELLCOME SANGER INSTITUTE	EBI	PRJEB101723;PRJEB40665;PRJEB43510;PRJEB43745;PRJEB89146;PRJNA533106			no_sra_center
GCA_977015005.1	Carpinus betulus	2025-10-31	SAMEA9143070	WELLCOME SANGER INSTITUTE	EBI	PRJEB101722;PRJEB40665;PRJEB43510;PRJEB43745;PRJEB89146;PRJNA533106			no_sra_center
GCA_965788445.1	Carpobrotus edulis	2025-08-23	SAMEA110450299	WELLCOME SANGER INSTITUTE	EBI	PRJEB40665;PRJEB43510;PRJEB43745;PRJEB93978;PRJEB95116;PRJNA533106			no_sra_center
GCA_964340635.1	Carsia sororiata	2024-11-18	SAMEA115574586	WELLCOME SANGER INSTITUTE	EBI	PRJEB40665;PRJEB43510;PRJEB43745;PRJEB71705;PRJEB82165;PRJEB82582;PRJNA533106			no_sra_center
GCA_944567765.1	Carterocephalus palaemon	2022-07-13	SAMEA9700885	WELLCOME SANGER INSTITUTE	EBI	PRJEB40665;PRJEB43510;PRJEB43745;PRJEB52799;PRJEB53508;PRJEB71705;PRJNA533106			no_sra_center
GCA_963920755.1	Cartodere bifasciata	2023-12-25	SAMEA9359442	WELLCOME SANGER INSTITUTE	EBI	PRJEB40665;PRJEB43510;PRJEB43745;PRJEB63497;PRJEB71555;PRJNA533106			no_sra_center
GCA_979242405.1	Caryocolum tricolorella	2026-02-14	SAMEA118768226	WELLCOME SANGER INSTITUTE	EBI	PRJEB106029;PRJEB107995;PRJEB40665;PRJEB43510;PRJEB43745;PRJEB71705;PRJNA533106			no_sra_center
GCA_965637475.2	Castanea sativa	2026-04-04	SAMEA110449452	WELLCOME SANGER INSTITUTE	EBI	PRJEB40665;PRJEB43510;PRJEB43745;PRJEB81047;PRJEB91628;PRJNA533106			no_sra_center
GCA_977036005.1	Castor fiber	2025-11-13	SAMEA9654421	WELLCOME SANGER INSTITUTE	EBI	PRJEB102695;PRJEB40665;PRJEB43510;PRJEB43745;PRJEB98750;PRJNA489243;PRJNA533106			no_sra_center
GCA_963931975.1	Cataclysta lemnata	2024-02-08	SAMEA112963103	WELLCOME SANGER INSTITUTE	EBI	PRJEB40665;PRJEB43510;PRJEB43745;PRJEB71705;PRJEB72119;PRJEB72264;PRJNA533106			no_sra_center
GCA_988322815.1	Catapodium rigidum	2026-10-03	SAMEA14449598	WELLCOME SANGER INSTITUTE	EBI	PRJEB127024;PRJEB127768;PRJEB40665;PRJEB43510;PRJEB43745;PRJNA533106			no_sra_center
GCA_964341365.1	Catarhoe cuculata	2024-11-27	SAMEA115574984	WELLCOME SANGER INSTITUTE	European Bioinformatics Institute	PRJEB40665;PRJEB43510;PRJEB43745;PRJEB71705;PRJEB82135;PRJEB82807;PRJNA533106			no_sra_center
GCA_978765485.1	Catarhoe rubidata	2026-02-14	SAMEA117491990	WELLCOME SANGER INSTITUTE	EBI	PRJEB106009;PRJEB107421;PRJEB40665;PRJEB43510;PRJEB43745;PRJEB71705;PRJNA533106			no_sra_center
GCA_978765395.1	Catarhoe rubidata	2026-02-14	SAMEA117491990	WELLCOME SANGER INSTITUTE	EBI	PRJEB106009;PRJEB107420;PRJEB40665;PRJEB43510;PRJEB43745;PRJEB71705;PRJNA533106			no_sra_center
GCA_930367265.1	Catocala fraxini	2022-02-13	SAMEA8603175	WELLCOME SANGER INSTITUTE	EBI	PRJEB40665;PRJEB43510;PRJEB43745;PRJEB50461;PRJEB50839;PRJEB71705;PRJNA533106			no_sra_center
GCA_963675205.1	Catocala nupta	2023-12-09	SAMEA7520180	WELLCOME SANGER INSTITUTE	EBI	PRJEB40665;PRJEB43510;PRJEB43745;PRJEB65729;PRJEB69553;PRJEB71705;PRJNA533106			no_sra_center
GCA_965154605.1	Catocala promissa	2025-02-28	SAMEA114644839	WELLCOME SANGER INSTITUTE	EBI	PRJEB40665;PRJEB43510;PRJEB43745;PRJEB71705;PRJEB85044;PRJEB86087;PRJNA533106			no_sra_center
GCA_963564715.1	Catocala sponsa	2023-10-24	SAMEA112964387	WELLCOME SANGER INSTITUTE	EBI	PRJEB40665;PRJEB43510;PRJEB43745;PRJEB66398;PRJEB67666;PRJEB71705;PRJNA533106			no_sra_center
GCA_965642125.1	Catops nigricans	2025-07-18	SAMEA114805637	WELLCOME SANGER INSTITUTE	EBI	PRJEB40665;PRJEB43510;PRJEB43745;PRJEB89625;PRJEB92392;PRJNA533106			no_sra_center
GCA_965642105.1	Catops nigricans	2025-07-18	SAMEA114805637	WELLCOME SANGER INSTITUTE	EBI	PRJEB40665;PRJEB43510;PRJEB43745;PRJEB89625;PRJEB92393;PRJNA533106			no_sra_center
GCA_982340725.1	Catoptria margaritella	2026-03-23	SAMEA118260571	WELLCOME SANGER INSTITUTE	EBI	PRJEB105521;PRJEB110380;PRJEB40665;PRJEB43510;PRJEB43745;PRJEB71705;PRJNA533106			no_sra_center
GCA_963556745.1	Catoptria pinella	2023-10-23	SAMEA7701506	WELLCOME SANGER INSTITUTE	EBI	PRJEB40665;PRJEB43510;PRJEB43745;PRJEB55950;PRJEB67654;PRJEB71705;PRJNA533106			no_sra_center
GCA_965226335.1	Cauchas fibulella	2025-03-27	SAMEA114805654	WELLCOME SANGER INSTITUTE	EBI	PRJEB40665;PRJEB43510;PRJEB43745;PRJEB71705;PRJEB84255;PRJEB87571;PRJNA533106			no_sra_center
GCA_965226765.1	Cauchas fibulella	2025-03-28	SAMEA114805654	WELLCOME SANGER INSTITUTE	EBI	PRJEB40665;PRJEB43510;PRJEB43745;PRJEB71705;PRJEB84255;PRJEB87570;PRJNA533106			no_sra_center
GCA_965201095.1	Cauchas rufimitrella	2025-03-13	SAMEA114644634	WELLCOME SANGER INSTITUTE	EBI	PRJEB40665;PRJEB43510;PRJEB43745;PRJEB71705;PRJEB84101;PRJEB86870;PRJNA533106			no_sra_center
GCA_905187575.2	Celastrina argiolus	2023-07-20	SAMEA7523268	Wellcome Sanger Institute	EBI	PRJEB40665;PRJEB41907;PRJEB42118;PRJEB43510;PRJEB43745;PRJEB71705;PRJNA533106			no_sra_center
GCA_964237635.1	Celypha lacunana	2024-08-31	SAMEA114805555	WELLCOME SANGER INSTITUTE	EBI	PRJEB40665;PRJEB43510;PRJEB43745;PRJEB71705;PRJEB76538;PRJEB79207;PRJNA533106			no_sra_center
GCA_965642925.1	Celypha striana	2025-07-19	SAMEA115574998	WELLCOME SANGER INSTITUTE	European Bioinformatics Institute	PRJEB40665;PRJEB43510;PRJEB43745;PRJEB71705;PRJEB84115;PRJEB93848;PRJNA533106			no_sra_center
GCA_982374255.1	Cenopis cana	2026-04-04	SAMEA117575402	WELLCOME SANGER INSTITUTE	EBI	PRJEB110877;PRJEB40665;PRJEB43510;PRJEB43745;PRJEB55956;PRJEB71705;PRJNA533106			no_sra_center
GCA_951800055.1	Cenopis cana	2023-05-27	SAMEA7701552	WELLCOME SANGER INSTITUTE	EBI	PRJEB40665;PRJEB43510;PRJEB43745;PRJEB55956;PRJEB62586;PRJEB71705;PRJNA533106			no_sra_center
GCA_965637405.1	Centaurium erythraea	2025-07-09	SAMEA11478530	WELLCOME SANGER INSTITUTE	EBI	PRJEB40665;PRJEB43510;PRJEB43745;PRJEB79864;PRJEB91621;PRJNA533106			no_sra_center
GCA_984798965.1	Centaurium intermedium	2026-06-26	SAMEA114563469	WELLCOME SANGER INSTITUTE	EBI	PRJEB113150;PRJEB114455;PRJEB40665;PRJEB43510;PRJEB43745;PRJNA533106			no_sra_center
GCA_963921405.1	Cepaea hortensis	2024-01-10	SAMEA9312581	WELLCOME SANGER INSTITUTE	EBI	PRJEB40665;PRJEB43510;PRJEB43745;PRJEB70264;PRJEB71726;PRJNA533106			no_sra_center
GCA_964166675.2	Cepaea nemoralis	2025-11-15	SAMEA9312586	WELLCOME SANGER INSTITUTE	EBI	PRJEB40665;PRJEB43510;PRJEB43745;PRJEB61200;PRJEB76209;PRJNA533106			no_sra_center
GCA_964147875.1	Cepaea nemoralis	2024-06-06	SAMEA9312586	WELLCOME SANGER INSTITUTE	EBI	PRJEB40665;PRJEB43510;PRJEB43745;PRJEB61200;PRJEB76210;PRJNA533106			no_sra_center
GCA_984807495.1	Cephus pygmeus	2026-06-26	SAMEA114644945	WELLCOME SANGER INSTITUTE	EBI	PRJEB112465;PRJEB114652;PRJEB40665;PRJEB43510;PRJEB43745;PRJNA533106			no_sra_center
GCA_963971525.1	Cephus spinipes	2024-03-07	SAMEA112221807	WELLCOME SANGER INSTITUTE	EBI	PRJEB40665;PRJEB43510;PRJEB43745;PRJEB66059;PRJEB73538;PRJNA533106			no_sra_center
GCA_978015425.1	Cepola macrophthalma	2026-02-01	SAMEA112788985	WELLCOME SANGER INSTITUTE	EBI	PRJEB106165;PRJEB40665;PRJEB43510;PRJEB43745;PRJEB74587;PRJNA489243;PRJNA533106			no_sra_center
GCA_978015445.1	Cepola macrophthalma	2026-02-01	SAMEA112788985	WELLCOME SANGER INSTITUTE	EBI	PRJEB106164;PRJEB40665;PRJEB43510;PRJEB43745;PRJEB74587;PRJNA489243;PRJNA533106			no_sra_center
GCA_986264805.1	Ceraclea albimacula	2026-06-27	SAMEA118560080	WELLCOME SANGER INSTITUTE	EBI	PRJEB114587;PRJEB115341;PRJEB40665;PRJEB43510;PRJEB43745;PRJNA533106			no_sra_center
GCA_963576895.1	Ceraclea dissimilis	2023-11-04	SAMEA112963029	WELLCOME SANGER INSTITUTE	EBI	PRJEB40665;PRJEB43510;PRJEB43745;PRJEB66416;PRJEB68066;PRJNA533106			no_sra_center
GCA_963859965.1	Ceramica pisi	2023-12-17	SAMEA112198383	WELLCOME SANGER INSTITUTE	EBI	PRJEB40665;PRJEB43510;PRJEB43745;PRJEB65408;PRJEB71319;PRJEB71705;PRJNA533106			no_sra_center
GCA_965112785.1	Cerapteryx graminis	2025-01-24	SAMEA112819854	WELLCOME SANGER INSTITUTE	EBI	PRJEB40665;PRJEB43510;PRJEB43745;PRJEB71705;PRJEB76335;PRJEB84407;PRJNA533106			no_sra_center
GCA_963082945.1	Cerastis leucographa	2023-08-09	SAMEA10107014	WELLCOME SANGER INSTITUTE	EBI	PRJEB40665;PRJEB43510;PRJEB43745;PRJEB64156;PRJEB64840;PRJEB71705;PRJNA533106			no_sra_center
GCA_949152445.1	Cerastis rubricosa	2023-03-10	SAMEA10107029	WELLCOME SANGER INSTITUTE	EBI	PRJEB40665;PRJEB43510;PRJEB43745;PRJEB59288;PRJEB59852;PRJEB71705;PRJNA533106			no_sra_center
GCA_985607225.1	Cerastium alpinum	2026-07-04	SAMEA114215219	WELLCOME SANGER INSTITUTE	EBI	PRJEB112492;PRJEB115017;PRJEB125134;PRJEB40665;PRJEB43510;PRJEB43745;PRJEB80366;PRJNA533106			no_sra_center
GCA_963989375.1	Cerastoderma edule	2024-03-14	SAMEA7522842	WELLCOME SANGER INSTITUTE	EBI	PRJEB40665;PRJEB43510;PRJEB43745;PRJEB68234;PRJEB73772;PRJNA533106			no_sra_center
GCA_964341395.1	Cerastoderma glaucum	2024-11-27	SAMEA8534451	WELLCOME SANGER INSTITUTE	EBI	PRJEB40665;PRJEB43510;PRJEB43745;PRJEB73952;PRJEB82821;PRJNA533106			no_sra_center
GCA_984660805.1	Ceratinostoma ostiorum	2026-06-22	SAMEA118559555	WELLCOME SANGER INSTITUTE	EBI	PRJEB109914;PRJEB114293;PRJEB40665;PRJEB43510;PRJEB43745;PRJNA533106			no_sra_center
GCA_984589495.1	Ceratocapnos claviculata	2026-06-22	SAMEA14449822	WELLCOME SANGER INSTITUTE	EBI	PRJEB113098;PRJEB114165;PRJEB40665;PRJEB43510;PRJEB43745;PRJNA533106			no_sra_center
GCA_984589235.1	Ceratocapnos claviculata	2026-06-22	SAMEA14449822	WELLCOME SANGER INSTITUTE	EBI	PRJEB113098;PRJEB114166;PRJEB40665;PRJEB43510;PRJEB43745;PRJNA533106			no_sra_center
GCA_974992335.1	Ceratodon purpureus	2025-10-07	SAMEA10983404	WELLCOME SANGER INSTITUTE	EBI	PRJEB40665;PRJEB43510;PRJEB43745;PRJEB94778;PRJEB96765;PRJNA533106			no_sra_center
GCA_963969495.1	Ceratothoa steindachneri	2024-02-27	SAMEA112652167	WELLCOME SANGER INSTITUTE	EBI	PRJEB40665;PRJEB43510;PRJEB43745;PRJEB72113;PRJEB73293;PRJNA533106			no_sra_center
GCA_963989415.1	Cerceris ruficornis	2024-03-14	SAMEA112964329	WELLCOME SANGER INSTITUTE	EBI	PRJEB40665;PRJEB43510;PRJEB43745;PRJEB66742;PRJEB73777;PRJNA533106			no_sra_center
GCA_910591515.1	Cerceris rybyensis	2021-07-07	SAMEA7701329	WELLCOME SANGER INSTITUTE	EBI	PRJEB40665;PRJEB43510;PRJEB43745;PRJEB45199;PRJEB45455;PRJNA533106			no_sra_center
GCA_963169105.1	Ceriagrion tenellum	2023-08-19	SAMEA14448441	WELLCOME SANGER INSTITUTE	EBI	PRJEB40665;PRJEB43510;PRJEB43745;PRJEB62052;PRJEB64911;PRJNA533106			no_sra_center
GCA_988280705.1	Certhia familiaris	2026-09-17	SAMEA117632796	WELLCOME SANGER INSTITUTE	EBI	PRJEB126635;PRJEB40665;PRJEB43510;PRJEB43745;PRJEB98748;PRJNA489243;PRJNA533106			no_sra_center
GCA_964276795.1	Cerura vinula	2024-10-28	SAMEA114805616	WELLCOME SANGER INSTITUTE	EBI	PRJEB40665;PRJEB43510;PRJEB43745;PRJEB71705;PRJEB78778;PRJEB81293;PRJNA533106			no_sra_center
GCA_910594005.2	Cervus elaphus	2026-02-26	SAMEA7523520	WELLCOME SANGER INSTITUTE	EBI	PRJEB40665;PRJEB43510;PRJEB43745;PRJEB45171;PRJEB45838;PRJNA489243;PRJNA533106			no_sra_center
GCA_910593805.2	Cervus elaphus	2026-02-26	SAMEA7523520	WELLCOME SANGER INSTITUTE	EBI	PRJEB40665;PRJEB43510;PRJEB43745;PRJEB45171;PRJEB45837;PRJNA489243;PRJNA533106			no_sra_center
GCA_949128085.1	Cetonia aurata	2023-04-08	SAMEA11025137	WELLCOME SANGER INSTITUTE	EBI	PRJEB40665;PRJEB43510;PRJEB43745;PRJEB58657;PRJEB59502;PRJNA533106			no_sra_center
GCA_964194155.1	Cetorhinus maximus	2024-06-28	SAMEA113902670	WELLCOME SANGER INSTITUTE	EBI	PRJEB107229;PRJEB40665;PRJEB43510;PRJEB43745;PRJEB75718;PRJEB76905;PRJNA489243;PRJNA533106			no_sra_center
GCA_988281345.1	Cettia cetti	2026-09-17	SAMEA117632791	WELLCOME SANGER INSTITUTE	EBI	PRJEB102873;PRJEB126638;PRJEB40665;PRJEB43510;PRJEB43745;PRJNA489243;PRJNA533106			no_sra_center
GCA_965178145.1	Ceutorhynchus obstrictus	2025-03-04	SAMEA111458184	WELLCOME SANGER INSTITUTE	EBI	PRJEB40665;PRJEB43510;PRJEB43745;PRJEB59808;PRJEB86217;PRJNA533106			no_sra_center
GCA_965653155.1	Chaetocnema hortensis	2025-08-01	SAMEA14448422	WELLCOME SANGER INSTITUTE	EBI	PRJEB40665;PRJEB43510;PRJEB43745;PRJEB83738;PRJEB94557;PRJNA533106			no_sra_center
GCA_965653175.1	Chaetocnema hortensis	2025-08-01	SAMEA14448422	WELLCOME SANGER INSTITUTE	EBI	PRJEB40665;PRJEB43510;PRJEB43745;PRJEB83738;PRJEB94556;PRJNA533106			no_sra_center
GCA_982494465.1	Chaetopeltis orbicularis	2026-04-17	SAMEA12753543	WELLCOME SANGER INSTITUTE	EBI	PRJEB110348;PRJEB111508;PRJEB40665;PRJEB43510;PRJEB43745;PRJNA533106			no_sra_center
GCA_949987625.1	Chalcis sispes	2023-05-03	SAMEA11025062	WELLCOME SANGER INSTITUTE	EBI	PRJEB40665;PRJEB43510;PRJEB43745;PRJEB59203;PRJEB61588;PRJNA533106			no_sra_center
GCA_949716465.1	Chalcosyrphus nemorum	2023-04-08	SAMEA110451636	WELLCOME SANGER INSTITUTE	EBI	PRJEB40665;PRJEB43510;PRJEB43745;PRJEB57103;PRJEB60763;PRJNA533106			no_sra_center
GCA_946814005.1	Chamaenerion angustifolium	2022-09-15	SAMEA7522629	WELLCOME SANGER INSTITUTE	EBI	PRJEB125134;PRJEB40665;PRJEB43510;PRJEB43745;PRJEB47394;PRJEB55768;PRJEB80366;PRJNA533106			no_sra_center
GCA_986885715.1	Chamelea striatula	2026-09-01	SAMEA110449628	WELLCOME SANGER INSTITUTE	EBI	PRJEB112968;PRJEB121032;PRJEB40665;PRJEB43510;PRJEB43745;PRJNA533106			no_sra_center
GCA_988281325.1	Charadrius hiaticula	2026-09-17	SAMEA115433016	WELLCOME SANGER INSTITUTE	European Bioinformatics Institute	PRJEB102883;PRJEB125134;PRJEB126639;PRJEB40665;PRJEB43510;PRJEB43745;PRJEB80366;PRJNA489243;PRJNA533106			no_sra_center
GCA_988280785.1	Charadrius hiaticula	2026-09-17	SAMEA115433016	WELLCOME SANGER INSTITUTE	European Bioinformatics Institute	PRJEB102883;PRJEB125134;PRJEB126640;PRJEB40665;PRJEB43510;PRJEB43745;PRJEB80366;PRJNA489243;PRJNA533106			no_sra_center
GCA_947361185.1	Charanyca ferruginea	2022-12-04	SAMEA7631559	WELLCOME SANGER INSTITUTE	EBI	PRJEB40665;PRJEB43510;PRJEB43745;PRJEB55737;PRJEB57640;PRJEB71705;PRJNA533106			no_sra_center
GCA_965151675.1	Charanyca trigrammica	2025-02-15	SAMEA10979135	WELLCOME SANGER INSTITUTE	EBI	PRJEB40665;PRJEB43510;PRJEB43745;PRJEB71705;PRJEB85024;PRJEB85812;PRJNA533106			no_sra_center
GCA_977112175.2	Cheilosia fraterna	2026-01-24	SAMEA114644728	WELLCOME SANGER INSTITUTE	EBI	PRJEB104610;PRJEB40665;PRJEB43510;PRJEB43745;PRJEB80040;PRJNA533106			no_sra_center
GCA_963082955.1	Cheilosia grossa	2023-08-09	SAMEA110054238	WELLCOME SANGER INSTITUTE	EBI	PRJEB40665;PRJEB43510;PRJEB43745;PRJEB63511;PRJEB64828;PRJNA533106			no_sra_center
GCA_966185155.1	Cheilosia illustrata	2025-08-23	SAMEA7701486	WELLCOME SANGER INSTITUTE	EBI	PRJEB40665;PRJEB43510;PRJEB43745;PRJEB71278;PRJEB95846;PRJNA533106			no_sra_center
GCA_948293265.1	Cheilosia impressa	2023-01-24	SAMEA7746449	WELLCOME SANGER INSTITUTE	EBI	PRJEB40665;PRJEB43510;PRJEB43745;PRJEB58422;PRJEB58971;PRJNA533106			no_sra_center
GCA_936431705.1	Cheilosia pagana	2022-05-03	SAMEA7746768	WELLCOME SANGER INSTITUTE	EBI	PRJEB40665;PRJEB43510;PRJEB43745;PRJEB51466;PRJEB52065;PRJNA533106			no_sra_center
GCA_955612985.1	Cheilosia scutellata	2023-07-14	SAMEA7746785	WELLCOME SANGER INSTITUTE	EBI	PRJEB40665;PRJEB43510;PRJEB43745;PRJEB62181;PRJEB63341;PRJNA533106			no_sra_center
GCA_949372485.1	Cheilosia soror	2023-03-10	SAMEA10979008	WELLCOME SANGER INSTITUTE	EBI	PRJEB40665;PRJEB43510;PRJEB43745;PRJEB55942;PRJEB60416;PRJNA533106			no_sra_center
GCA_948107745.1	Cheilosia soror	2023-01-12	SAMEA7520031	WELLCOME SANGER INSTITUTE	EBI	PRJEB40665;PRJEB43510;PRJEB43745;PRJEB55942;PRJEB58803;PRJNA533106			no_sra_center
GCA_946477585.1	Cheilosia urbana	2022-09-13	SAMEA10166768	WELLCOME SANGER INSTITUTE	EBI	PRJEB40665;PRJEB43510;PRJEB43745;PRJEB54805;PRJEB55556;PRJNA533106			no_sra_center
GCA_951230905.1	Cheilosia variabilis	2023-05-11	SAMEA110451622	WELLCOME SANGER INSTITUTE	EBI	PRJEB40665;PRJEB43510;PRJEB43745;PRJEB59374;PRJEB61902;PRJNA533106			no_sra_center
GCA_949126925.1	Cheilosia vernalis	2023-04-08	SAMEA10157806	WELLCOME SANGER INSTITUTE	EBI	PRJEB40665;PRJEB43510;PRJEB43745;PRJEB59141;PRJEB59453;PRJNA533106			no_sra_center
GCA_916610125.1	Cheilosia vulpina	2021-10-01	SAMEA7746587	WELLCOME SANGER INSTITUTE	EBI	PRJEB40665;PRJEB43510;PRJEB43745;PRJEB46307;PRJEB47738;PRJNA533106			no_sra_center
GCA_986271425.1	Cheiracanthium erraticum	2026-07-06	SAMEA114644820	WELLCOME SANGER INSTITUTE	EBI	PRJEB112657;PRJEB115713;PRJEB40665;PRJEB43510;PRJEB43745;PRJNA533106			no_sra_center
GCA_971798655.1	Chelidonichthys cuculus	2025-09-13	SAMEA111562157	WELLCOME SANGER INSTITUTE	EBI	PRJEB40665;PRJEB43510;PRJEB43745;PRJEB74605;PRJEB96096;PRJNA489243;PRJNA533106			no_sra_center
GCA_965644535.1	Chelidonichthys lucerna	2025-07-28	SAMEA112765707	WELLCOME SANGER INSTITUTE	EBI	PRJEB40665;PRJEB43510;PRJEB43745;PRJEB74613;PRJEB94208;PRJNA489243;PRJNA533106			no_sra_center
GCA_963514085.1	Chelon labrosus	2023-09-29	SAMEA111562027	WELLCOME SANGER INSTITUTE	EBI	PRJEB40665;PRJEB43510;PRJEB43745;PRJEB63499;PRJEB66430;PRJNA489243;PRJNA533106			no_sra_center
GCA_948465745.1	Chenopodium album	2023-02-03	SAMEA9335283	WELLCOME SANGER INSTITUTE	EBI	PRJEB125134;PRJEB40665;PRJEB43510;PRJEB43745;PRJEB58230;PRJEB59126;PRJEB80366;PRJNA533106			no_sra_center
GCA_947359385.1	Chesias legatella	2022-12-03	SAMEA14448143	WELLCOME SANGER INSTITUTE	EBI	PRJEB40665;PRJEB43510;PRJEB43745;PRJEB55725;PRJEB57609;PRJEB71705;PRJNA533106			no_sra_center
GCA_964234795.1	Chiasmia clathrata	2024-08-31	SAMEA112198373	WELLCOME SANGER INSTITUTE	EBI	PRJEB40665;PRJEB43510;PRJEB43745;PRJEB71705;PRJEB77634;PRJEB79081;PRJNA533106			no_sra_center
GCA_986497585.1	Chironomus sp. SAN22000474	2026-08-22	SAMEA115128741	WELLCOME SANGER INSTITUTE	EBI	PRJEB112188;PRJEB116809;PRJEB40665;PRJEB43510;PRJEB43745;PRJNA533106			no_sra_center
GCA_963573255.1	Chironomus tentans	2023-10-29	SAMEA10107053	WELLCOME SANGER INSTITUTE	EBI	PRJEB40665;PRJEB43510;PRJEB43745;PRJEB56408;PRJEB67690;PRJNA533106			no_sra_center
GCA_987196555.1	Chloris chloris	2026-09-03	SAMEA118680302	WELLCOME SANGER INSTITUTE	EBI	PRJEB115861;PRJEB122703;PRJEB40665;PRJEB43510;PRJEB43745;PRJNA489243;PRJNA533106			no_sra_center
GCA_984658185.1	Chlorochytrium lemnae	2026-06-22	SAMEA12753557	WELLCOME SANGER INSTITUTE	EBI	PRJEB110346;PRJEB114329;PRJEB40665;PRJEB43510;PRJEB43745;PRJNA533106			no_sra_center
GCA_932294275.1	Chloroclysta siterata	2022-03-11	SAMEA8603199	WELLCOME SANGER INSTITUTE	EBI	PRJEB40665;PRJEB43510;PRJEB43745;PRJEB50736;PRJEB51275;PRJEB71705;PRJNA533106			no_sra_center
GCA_963691955.1	Chloroclystis v-ata	2023-12-06	SAMEA7701460	WELLCOME SANGER INSTITUTE	EBI	PRJEB40665;PRJEB43510;PRJEB43745;PRJEB66055;PRJEB70593;PRJEB71705;PRJNA533106			no_sra_center
GCA_964017055.1	Chloromyia formosa	2024-03-22	SAMEA7524274	WELLCOME SANGER INSTITUTE	EBI	PRJEB40665;PRJEB43510;PRJEB43745;PRJEB70502;PRJEB74128;PRJNA533106			no_sra_center
GCA_963576785.1	Chlorophyllum brunneum	2023-11-04	SAMEA110757067	WELLCOME SANGER INSTITUTE	EBI	PRJEB40665;PRJEB43510;PRJEB43745;PRJEB62724;PRJEB68071;PRJNA533106			no_sra_center
GCA_982375285.1	Chlorops pumilionis	2026-04-04	SAMEA112232547	WELLCOME SANGER INSTITUTE	EBI	PRJEB111058;PRJEB40665;PRJEB43510;PRJEB43745;PRJEB97546;PRJNA533106			no_sra_center
GCA_982093775.1	Choerades gilvus	2026-03-08	SAMEA114663939	WELLCOME SANGER INSTITUTE	EBI	PRJEB108961;PRJEB40665;PRJEB43510;PRJEB43745;PRJEB80961;PRJNA533106			no_sra_center
GCA_965278725.1	Choneiulus palmatus	2025-05-10	SAMEA110034692	WELLCOME SANGER INSTITUTE	EBI	PRJEB40665;PRJEB43510;PRJEB43745;PRJEB81632;PRJEB89289;PRJNA533106			no_sra_center
GCA_949316135.1	Choreutis nemorana	2023-03-24	SAMEA111458725	WELLCOME SANGER INSTITUTE	EBI	PRJEB40665;PRJEB43510;PRJEB43745;PRJEB59772;PRJEB60117;PRJEB71705;PRJNA533106			no_sra_center
GCA_963669355.1	Chorisops tibialis	2023-12-06	SAMEA112221794	WELLCOME SANGER INSTITUTE	EBI	PRJEB40665;PRJEB43510;PRJEB43745;PRJEB66239;PRJEB69247;PRJNA533106			no_sra_center
GCA_988221955.1	Chortodes pygminus	2026-09-09	SAMEA14448321	WELLCOME SANGER INSTITUTE	EBI	PRJEB123494;PRJEB124466;PRJEB40665;PRJEB43510;PRJEB43745;PRJEB71705;PRJNA533106			no_sra_center
GCA_963924245.1	Chroicocephalus ridibundus	2024-01-20	SAMEA112468038	WELLCOME SANGER INSTITUTE	EBI	PRJEB125134;PRJEB40665;PRJEB43510;PRJEB43745;PRJEB68288;PRJEB71951;PRJEB80366;PRJNA489243;PRJNA533106			no_sra_center
GCA_965642015.1	Chrysis angustula	2025-07-19	SAMEA11025014	WELLCOME SANGER INSTITUTE	EBI	PRJEB40665;PRJEB43510;PRJEB43745;PRJEB74579;PRJEB92171;PRJNA533106			no_sra_center
GCA_987217035.1	Chrysogaster coemiteriorum	2026-09-08	SAMEA7746608	WELLCOME SANGER INSTITUTE	EBI	PRJEB112986;PRJEB123193;PRJEB40665;PRJEB43510;PRJEB43745;PRJNA533106			no_sra_center
GCA_958502065.1	Chrysolina americana	2023-07-18	SAMEA111458185	WELLCOME SANGER INSTITUTE	EBI	PRJEB40665;PRJEB43510;PRJEB43745;PRJEB58936;PRJEB64387;PRJNA533106			no_sra_center
GCA_964197785.1	Chrysolina graminis	2024-07-06	SAMEA9654295	WELLCOME SANGER INSTITUTE	EBI	PRJEB40665;PRJEB43510;PRJEB43745;PRJEB73683;PRJEB77184;PRJNA533106			no_sra_center
GCA_958298965.1	Chrysolina haemoptera	2023-07-06	SAMEA112221797	WELLCOME SANGER INSTITUTE	EBI	PRJEB40665;PRJEB43510;PRJEB43745;PRJEB60718;PRJEB64038;PRJNA533106			no_sra_center
GCA_979300175.1	Chrysolina herbacea	2026-02-27	SAMEA112221779	WELLCOME SANGER INSTITUTE	EBI	PRJEB104596;PRJEB107946;PRJEB40665;PRJEB43510;PRJEB43745;PRJNA533106			no_sra_center
GCA_982264245.1	Chrysolina hyperici	2026-03-14	SAMEA118540797	WELLCOME SANGER INSTITUTE	EBI	PRJEB103880;PRJEB109775;PRJEB40665;PRJEB43510;PRJEB43745;PRJNA533106			no_sra_center
GCA_944452925.2	Chrysolina oricalcia	2022-09-24	SAMEA7520950	WELLCOME SANGER INSTITUTE	EBI	PRJEB40665;PRJEB43510;PRJEB43745;PRJEB52653;PRJEB53643;PRJNA533106			no_sra_center
GCA_965642295.1	Chrysomela populi	2025-07-19	SAMEA115574609	WELLCOME SANGER INSTITUTE	EBI	PRJEB40665;PRJEB43510;PRJEB43745;PRJEB80038;PRJEB93767;PRJNA533106			no_sra_center
GCA_965121785.1	Chrysomela saliceti	2025-02-11	SAMEA114806286	WELLCOME SANGER INSTITUTE	EBI	PRJEB40665;PRJEB43510;PRJEB43745;PRJEB79783;PRJEB85414;PRJNA533106			no_sra_center
GCA_905475395.1	Chrysoperla carnea	2021-04-15	SAMEA7520372	WELLCOME SANGER INSTITUTE	EBI	PRJEB40665;PRJEB43510;PRJEB43745;PRJEB43807;PRJEB44056;PRJNA533106			no_sra_center
GCA_964034945.1	Chrysopilus asiliformis	2024-04-27	SAMEA112232524	WELLCOME SANGER INSTITUTE	EBI	PRJEB40665;PRJEB43510;PRJEB43745;PRJEB62173;PRJEB75311;PRJNA533106			no_sra_center
GCA_963971475.1	Chrysops caecutiens	2024-03-07	SAMEA112963032	WELLCOME SANGER INSTITUTE	EBI	PRJEB40665;PRJEB43510;PRJEB43745;PRJEB66259;PRJEB73533;PRJNA533106			no_sra_center
GCA_982340685.1	Chrysops relictus	2026-03-23	SAMEA112963068	WELLCOME SANGER INSTITUTE	EBI	PRJEB110374;PRJEB40665;PRJEB43510;PRJEB43745;PRJEB97820;PRJNA533106			no_sra_center
GCA_964274935.1	Chrysops viduatus	2024-11-08	SAMEA112964067	WELLCOME SANGER INSTITUTE	EBI	PRJEB40665;PRJEB43510;PRJEB43745;PRJEB67427;PRJEB80881;PRJNA533106			no_sra_center
GCA_982518215.1	Chrysosplenium oppositifolium	2026-04-24	SAMEA9143094	WELLCOME SANGER INSTITUTE	EBI	PRJEB110149;PRJEB111617;PRJEB40665;PRJEB43510;PRJEB43745;PRJNA533106			no_sra_center
GCA_910589605.1	Chrysoteuchia culmella	2021-07-07	SAMEA7701502	WELLCOME SANGER INSTITUTE	EBI	PRJEB40665;PRJEB43510;PRJEB43745;PRJEB45126;PRJEB45323;PRJEB71705;PRJNA533106			no_sra_center
GCA_911387755.1	Chrysotoxum bicinctum	2021-07-21	SAMEA7520032	WELLCOME SANGER INSTITUTE	EBI	PRJEB40665;PRJEB43510;PRJEB43745;PRJEB45198;PRJEB46425;PRJNA533106			no_sra_center
GCA_965637335.1	Chrysotoxum verralli	2025-07-09	SAMEA112964448	WELLCOME SANGER INSTITUTE	EBI	PRJEB40665;PRJEB43510;PRJEB43745;PRJEB89595;PRJEB91497;PRJNA533106			no_sra_center
GCA_949987675.1	Chymomyza fuscimana	2023-05-03	SAMEA12110601	WELLCOME SANGER INSTITUTE	EBI	PRJEB40665;PRJEB43510;PRJEB43745;PRJEB57111;PRJEB61578;PRJNA533106			no_sra_center
GCA_988322895.1	Cicadella lasiocarpae	2026-10-03	SAMEA118256504	WELLCOME SANGER INSTITUTE	EBI	PRJEB125625;PRJEB127727;PRJEB40665;PRJEB43510;PRJEB43745;PRJNA533106			no_sra_center
GCA_964205205.1	Cicadella viridis	2024-07-29	SAMEA112774796	WELLCOME SANGER INSTITUTE	EBI	PRJEB40665;PRJEB43510;PRJEB43745;PRJEB76371;PRJEB78453;PRJNA533106			no_sra_center
GCA_984589255.1	Cicerbita muralis	2026-06-22	SAMEA7522285	WELLCOME SANGER INSTITUTE	EBI	PRJEB112490;PRJEB114152;PRJEB40665;PRJEB43510;PRJEB43745;PRJNA533106			no_sra_center
GCA_984589265.1	Cicerbita muralis	2026-06-22	SAMEA7522285	WELLCOME SANGER INSTITUTE	EBI	PRJEB112490;PRJEB114151;PRJEB40665;PRJEB43510;PRJEB43745;PRJNA533106			no_sra_center
GCA_987196565.1	Ciconia ciconia	2026-09-08	SAMEA118427542	WELLCOME SANGER INSTITUTE	EBI	PRJEB113400;PRJEB122704;PRJEB40665;PRJEB43510;PRJEB43745;PRJNA489243;PRJNA533106			no_sra_center
GCA_988324075.1	Ciconia episcopus	2026-10-04	SAMEA118680507	WELLCOME SANGER INSTITUTE	EBI	PRJEB120909;PRJEB127414;PRJEB40665;PRJEB43510;PRJEB43745;PRJNA489243;PRJNA533106			no_sra_center
GCA_964340525.1	Cidaria fulvata	2024-11-18	SAMEA115163329	WELLCOME SANGER INSTITUTE	EBI	PRJEB40665;PRJEB43510;PRJEB43745;PRJEB71705;PRJEB82151;PRJEB82583;PRJNA533106			no_sra_center
GCA_987197175.1	Ciliata mustela	2026-09-03	SAMEA12231779	WELLCOME SANGER INSTITUTE	EBI	PRJEB122776;PRJEB40665;PRJEB43510;PRJEB43745;PRJEB70735;PRJNA489243;PRJNA533106			no_sra_center
GCA_987196945.1	Ciliata mustela	2026-09-09	SAMEA12231779	WELLCOME SANGER INSTITUTE	EBI	PRJEB122775;PRJEB40665;PRJEB43510;PRJEB43745;PRJEB70735;PRJNA489243;PRJNA533106			no_sra_center
GCA_978407195.1	Cinara cedri	2026-03-01	SAMEA118280431	WELLCOME SANGER INSTITUTE	EBI	PRJEB103870;PRJEB107256;PRJEB40665;PRJEB43510;PRJEB43745;PRJNA533106			no_sra_center
GCA_976225425.1	Cinara pinea	2025-10-26	SAMEA114805685	WELLCOME SANGER INSTITUTE	EBI	PRJEB40665;PRJEB43510;PRJEB43745;PRJEB97304;PRJEB97894;PRJNA533106			no_sra_center
GCA_963662255.1	Cinclus cinclus	2023-12-11	SAMEA9679959	WELLCOME SANGER INSTITUTE	EBI	PRJEB40665;PRJEB43510;PRJEB43745;PRJEB61999;PRJEB68422;PRJNA489243;PRJNA533106			no_sra_center
GCA_987196875.1	Circus cyaneus	2026-09-03	SAMEA117649658	WELLCOME SANGER INSTITUTE	EBI	PRJEB122706;PRJEB125134;PRJEB40665;PRJEB43510;PRJEB43745;PRJEB80366;PRJEB98752;PRJNA489243;PRJNA533106			no_sra_center
GCA_987196495.1	Circus cyaneus	2026-09-03	SAMEA117649658	WELLCOME SANGER INSTITUTE	EBI	PRJEB122707;PRJEB125134;PRJEB40665;PRJEB43510;PRJEB43745;PRJEB80366;PRJEB98752;PRJNA489243;PRJNA533106			no_sra_center
GCA_982303585.1	Cirriformia tentaculata	2026-03-20	SAMEA112183864	WELLCOME SANGER INSTITUTE	EBI	PRJEB106993;PRJEB110120;PRJEB40665;PRJEB43510;PRJEB43745;PRJNA533106			no_sra_center
GCA_965276805.1	Cirsium dissectum	2025-05-03	SAMEA114563213	WELLCOME SANGER INSTITUTE	EBI	PRJEB40665;PRJEB43510;PRJEB43745;PRJEB85034;PRJEB89100;PRJNA533106			no_sra_center
GCA_965225835.1	Cirsium heterophyllum	2025-03-28	SAMEA112689510	WELLCOME SANGER INSTITUTE	EBI	PRJEB125134;PRJEB40665;PRJEB43510;PRJEB43745;PRJEB80366;PRJEB84093;PRJEB87558;PRJNA533106			no_sra_center
GCA_977930235.1	Cis bilamellatus	2026-01-29	SAMEA112232597	WELLCOME SANGER INSTITUTE	EBI	PRJEB105253;PRJEB40665;PRJEB43510;PRJEB43745;PRJEB76355;PRJNA533106			no_sra_center
GCA_937654795.1	Cistogaster globosa	2022-05-03	SAMEA7746478	WELLCOME SANGER INSTITUTE	EBI	PRJEB40665;PRJEB43510;PRJEB43745;PRJEB51333;PRJEB52244;PRJNA533106			no_sra_center
GCA_947623385.2	Cladonia squamosa	2023-05-13	SAMEA8597056	WELLCOME SANGER INSTITUTE	EBI	PRJEB40665;PRJEB43510;PRJEB43745;PRJEB53491;PRJEB58325;PRJNA533106			no_sra_center
GCA_988291785.1	Clangula hyemalis	2026-09-25	SAMEA112468035	WELLCOME SANGER INSTITUTE	EBI	PRJEB125134;PRJEB40665;PRJEB43510;PRJEB43745;PRJEB68290;PRJEB73781;PRJEB80366;PRJNA489243;PRJNA533106			no_sra_center
GCA_988425235.1	Clava multicornis	2026-10-07	SAMEA117760708	WELLCOME SANGER INSTITUTE	EBI	PRJEB126052;PRJEB127948;PRJEB40665;PRJEB43510;PRJEB43745;PRJNA533106			no_sra_center
GCA_951802425.1	Clavaria fumosa	2023-05-28	SAMEA110449780	WELLCOME SANGER INSTITUTE	EBI	PRJEB40665;PRJEB43510;PRJEB43745;PRJEB60629;PRJEB62661;PRJNA533106			no_sra_center
GCA_982319285.1	Clavariadelphus pistillaris	2026-03-22	SAMEA110757122	WELLCOME SANGER INSTITUTE	EBI	PRJEB110204;PRJEB40665;PRJEB43510;PRJEB43745;PRJEB81658;PRJNA533106			no_sra_center
GCA_947623445.1	Clavelina lepadiformis	2022-12-19	SAMEA7536527	WELLCOME SANGER INSTITUTE	EBI	PRJEB40665;PRJEB43510;PRJEB43745;PRJEB57668;PRJEB58329;PRJNA533106			no_sra_center
GCA_977969855.1	Claytonia sibirica	2026-02-01	SAMEA10369518	WELLCOME SANGER INSTITUTE	EBI	PRJEB104574;PRJEB105566;PRJEB125134;PRJEB40665;PRJEB43510;PRJEB43745;PRJEB80366;PRJNA533106			no_sra_center
GCA_984589715.1	Cleorodes lichenaria	2026-06-21	SAMEA118768456	WELLCOME SANGER INSTITUTE	EBI	PRJEB112669;PRJEB114193;PRJEB40665;PRJEB43510;PRJEB43745;PRJEB71705;PRJNA533106			no_sra_center
GCA_965362255.1	Clepsis consimilana	2025-07-04	SAMEA115574975	WELLCOME SANGER INSTITUTE	European Bioinformatics Institute	PRJEB40665;PRJEB43510;PRJEB43745;PRJEB71705;PRJEB82137;PRJEB82941;PRJNA533106			no_sra_center
GCA_965362275.1	Clepsis consimilana	2025-06-27	SAMEA115574975	WELLCOME SANGER INSTITUTE	European Bioinformatics Institute	PRJEB40665;PRJEB43510;PRJEB43745;PRJEB71705;PRJEB82137;PRJEB82940;PRJNA533106			no_sra_center
GCA_963691665.1	Clepsis dumicolana	2023-12-11	SAMEA7849245	WELLCOME SANGER INSTITUTE	EBI	PRJEB40665;PRJEB43510;PRJEB43745;PRJEB65191;PRJEB70581;PRJEB71705;PRJNA533106			no_sra_center
GCA_950106755.1	Climacium dendroides	2023-05-01	SAMEA10332383	WELLCOME SANGER INSTITUTE	EBI	PRJEB40665;PRJEB43510;PRJEB43745;PRJEB60208;PRJEB61679;PRJNA533106			no_sra_center
GCA_947507545.1	Clistopyga incitator	2022-12-06	SAMEA110044016	WELLCOME SANGER INSTITUTE	EBI	PRJEB40665;PRJEB43510;PRJEB43745;PRJEB55729;PRJEB57962;PRJNA533106			no_sra_center
GCA_965649405.1	Clitopilus prunulus	2025-07-30	SAMEA9873921	WELLCOME SANGER INSTITUTE	EBI	PRJEB40665;PRJEB43510;PRJEB43745;PRJEB79543;PRJEB94435;PRJNA533106			no_sra_center
GCA_965649415.1	Clitopilus prunulus	2025-07-30	SAMEA9873921	WELLCOME SANGER INSTITUTE	EBI	PRJEB40665;PRJEB43510;PRJEB43745;PRJEB79543;PRJEB94434;PRJNA533106			no_sra_center
GCA_963966155.1	Clivina fossor	2024-02-12	SAMEA10107093	WELLCOME SANGER INSTITUTE	EBI	PRJEB40665;PRJEB43510;PRJEB43745;PRJEB57316;PRJEB72557;PRJNA533106			no_sra_center
GCA_949628265.1	Cloeon dipterum	2023-03-17	SAMEA7520803	WELLCOME SANGER INSTITUTE	EBI	PRJEB40665;PRJEB43510;PRJEB43745;PRJEB45177;PRJEB60543;PRJNA533106			no_sra_center
GCA_965637365.1	Clogmia albipunctata	2025-07-09	SAMEA115574651	WELLCOME SANGER INSTITUTE	EBI	PRJEB40665;PRJEB43510;PRJEB43745;PRJEB84313;PRJEB91500;PRJNA533106			no_sra_center
GCA_905475355.2	Clostera curtula	2022-02-02	SAMEA7520526	WELLCOME SANGER INSTITUTE	EBI	PRJEB40665;PRJEB43510;PRJEB43745;PRJEB43795;PRJEB43986;PRJEB71705;PRJNA533106			no_sra_center
GCA_985689795.1	Closterotomus norwegicus	2026-07-04	SAMEA7521511	WELLCOME SANGER INSTITUTE	EBI	PRJEB108379;PRJEB115092;PRJEB40665;PRJEB43510;PRJEB43745;PRJNA533106			no_sra_center
GCA_965211935.1	Closterotomus trivialis	2025-03-17	SAMEA9359418	WELLCOME SANGER INSTITUTE	EBI	PRJEB40665;PRJEB43510;PRJEB43745;PRJEB53562;PRJEB86967;PRJNA533106			no_sra_center
GCA_982447075.1	Clubiona comta	2026-04-16	SAMEA114644647	WELLCOME SANGER INSTITUTE	EBI	PRJEB105634;PRJEB111445;PRJEB40665;PRJEB43510;PRJEB43745;PRJNA533106			no_sra_center
GCA_977902005.1	Clubiona pallidula	2026-01-29	SAMEA118540718	WELLCOME SANGER INSTITUTE	EBI	PRJEB101171;PRJEB105062;PRJEB40665;PRJEB43510;PRJEB43745;PRJNA533106			no_sra_center
GCA_986269935.1	Clubiona phragmitis	2026-07-06	SAMEA118256560	WELLCOME SANGER INSTITUTE	EBI	PRJEB113396;PRJEB115616;PRJEB40665;PRJEB43510;PRJEB43745;PRJNA533106			no_sra_center
GCA_920105625.2	Clusia tigrina	2022-10-25	SAMEA7701567	WELLCOME SANGER INSTITUTE	EBI	PRJEB40665;PRJEB43510;PRJEB43745;PRJEB46850;PRJEB48877;PRJNA533106			no_sra_center
GCA_987217105.1	Cnaemidophorus rhododactyla	2026-09-08	SAMEA121309983	WELLCOME SANGER INSTITUTE	EBI	PRJEB118601;PRJEB123203;PRJEB40665;PRJEB43510;PRJEB43745;PRJEB71705;PRJNA533106			no_sra_center
GCA_951640355.2	Cnephaeus nilssonii	2026-09-09	SAMEA14098186	WELLCOME SANGER INSTITUTE	EBI	PRJEB40665;PRJEB43510;PRJEB43745;PRJEB61925;PRJEB62200;PRJNA489243;PRJNA489245;PRJNA533106			no_sra_center
GCA_978041815.1	Cnephasia longana	2026-01-30	SAMEA118768573	WELLCOME SANGER INSTITUTE	EBI	PRJEB106021;PRJEB106868;PRJEB40665;PRJEB43510;PRJEB43745;PRJEB71705;PRJNA533106			no_sra_center
GCA_978041855.1	Cnephasia longana	2026-01-25	SAMEA118768573	WELLCOME SANGER INSTITUTE	EBI	PRJEB106021;PRJEB106867;PRJEB40665;PRJEB43510;PRJEB43745;PRJEB71705;PRJNA533106			no_sra_center
GCA_964276465.1	Cnephasia stephensiana	2024-10-28	SAMEA114644768	WELLCOME SANGER INSTITUTE	EBI	PRJEB40665;PRJEB43510;PRJEB43745;PRJEB71705;PRJEB79704;PRJEB81209;PRJNA533106			no_sra_center
GCA_987197225.1	Cobitis taenia	2026-09-08	SAMEA118573199	WELLCOME SANGER INSTITUTE	EBI	PRJEB122778;PRJEB40665;PRJEB43510;PRJEB43745;PRJEB98774;PRJNA489243;PRJNA533106			no_sra_center
GCA_965178175.1	Coccidula rufa	2025-03-04	SAMEA112232602	WELLCOME SANGER INSTITUTE	EBI	PRJEB40665;PRJEB43510;PRJEB43745;PRJEB74687;PRJEB86219;PRJNA533106			no_sra_center
GCA_965644565.1	Coccinella magnifica	2025-07-28	SAMEA114805687	WELLCOME SANGER INSTITUTE	EBI	PRJEB40665;PRJEB43510;PRJEB43745;PRJEB81375;PRJEB94210;PRJNA533106			no_sra_center
GCA_907165205.1	Coccinella septempunctata	2021-05-17	SAMEA7520205	WELLCOME SANGER INSTITUTE	EBI	PRJEB40665;PRJEB43510;PRJEB43745;PRJEB44629;PRJEB44834;PRJNA533106			no_sra_center
GCA_986269875.1	Coccinella undecimpunctata	2026-07-06	SAMEA118767888	WELLCOME SANGER INSTITUTE	EBI	PRJEB112964;PRJEB115625;PRJEB40665;PRJEB43510;PRJEB43745;PRJNA533106			no_sra_center
GCA_986270055.1	Coccinella undecimpunctata	2026-07-05	SAMEA118767888	WELLCOME SANGER INSTITUTE	EBI	PRJEB112964;PRJEB115624;PRJEB40665;PRJEB43510;PRJEB43745;PRJNA533106			no_sra_center
GCA_964257065.1	Coccus hesperidum	2024-08-30	SAMEA12110666	WELLCOME SANGER INSTITUTE	EBI	PRJEB40665;PRJEB43510;PRJEB43745;PRJEB78941;PRJEB79387;PRJNA533106			no_sra_center
GCA_985557465.1	Cochlearia danica	2026-07-04	SAMEA110043456	WELLCOME SANGER INSTITUTE	EBI	PRJEB112486;PRJEB114836;PRJEB40665;PRJEB43510;PRJEB43745;PRJNA533106			no_sra_center
GCA_965636705.1	Cochlostoma elegans	2025-07-09	SAMEA112232839	WELLCOME SANGER INSTITUTE	EBI	PRJEB40665;PRJEB43510;PRJEB43745;PRJEB81901;PRJEB91281;PRJNA533106			no_sra_center
GCA_984660675.1	Cochylidia implicitana	2026-06-22	SAMEA118767911	WELLCOME SANGER INSTITUTE	EBI	PRJEB110740;PRJEB114304;PRJEB40665;PRJEB43510;PRJEB43745;PRJEB71705;PRJNA533106			no_sra_center
GCA_978258895.1	Cochylidia rupicola	2026-02-14	SAMEA118768533	WELLCOME SANGER INSTITUTE	EBI	PRJEB106023;PRJEB107208;PRJEB40665;PRJEB43510;PRJEB43745;PRJEB71705;PRJNA533106			no_sra_center
GCA_965605805.1	Cochylidia subroseana	2025-07-07	SAMEA117573431	WELLCOME SANGER INSTITUTE	EBI	PRJEB40665;PRJEB43510;PRJEB43745;PRJEB71705;PRJEB89136;PRJEB90565;PRJNA533106			no_sra_center
GCA_965605785.1	Cochylidia subroseana	2025-07-07	SAMEA117573431	WELLCOME SANGER INSTITUTE	EBI	PRJEB40665;PRJEB43510;PRJEB43745;PRJEB71705;PRJEB89136;PRJEB90564;PRJNA533106			no_sra_center
GCA_971847545.1	Cochylis atricapitana	2025-09-13	SAMEA116129968	WELLCOME SANGER INSTITUTE	EBI	PRJEB40665;PRJEB43510;PRJEB43745;PRJEB71705;PRJEB92298;PRJEB96117;PRJNA533106			no_sra_center
GCA_971878185.1	Cochylis nana	2025-09-14	SAMEA115574934	WELLCOME SANGER INSTITUTE	European Bioinformatics Institute	PRJEB40665;PRJEB43510;PRJEB43745;PRJEB71705;PRJEB94672;PRJEB96119;PRJNA533106			no_sra_center
GCA_984573665.1	Codriophorus aciculare	2026-06-15	SAMEA112690048	WELLCOME SANGER INSTITUTE	EBI	PRJEB110535;PRJEB113476;PRJEB40665;PRJEB43510;PRJEB43745;PRJNA533106			no_sra_center
GCA_965643745.1	Coelichneumon leucocerus	2025-07-19	SAMEA113425808	WELLCOME SANGER INSTITUTE	EBI	PRJEB40665;PRJEB43510;PRJEB43745;PRJEB73641;PRJEB94009;PRJNA533106			no_sra_center
GCA_947623535.1	Coelioxys conoideus	2022-12-19	SAMEA14448263	WELLCOME SANGER INSTITUTE	EBI	PRJEB40665;PRJEB43510;PRJEB43745;PRJEB55747;PRJEB58327;PRJNA533106			no_sra_center
GCA_981559755.1	Coelopa frigida	2026-03-01	SAMEA111458182	WELLCOME SANGER INSTITUTE	EBI	PRJEB108817;PRJEB40665;PRJEB43510;PRJEB43745;PRJEB76353;PRJNA533106			no_sra_center
GCA_947389925.1	Coelopa pilipes	2022-12-04	SAMEA12505748	WELLCOME SANGER INSTITUTE	EBI	PRJEB40665;PRJEB43510;PRJEB43745;PRJEB56563;PRJEB57757;PRJNA533106			no_sra_center
GCA_979606585.1	Coelostoma orbiculare	2026-02-27	SAMEA114644754	WELLCOME SANGER INSTITUTE	EBI	PRJEB108172;PRJEB40665;PRJEB43510;PRJEB43745;PRJEB97872;PRJNA533106			no_sra_center
GCA_988330955.1	Coenagrion pulchellum	2026-10-05	SAMEA114805932	WELLCOME SANGER INSTITUTE	EBI	PRJEB124696;PRJEB127871;PRJEB40665;PRJEB43510;PRJEB43745;PRJNA533106			no_sra_center
GCA_977012855.1	Coenobia rufa	2025-11-07	SAMEA118256487	WELLCOME SANGER INSTITUTE	EBI	PRJEB101241;PRJEB40665;PRJEB43510;PRJEB43745;PRJEB71705;PRJEB98738;PRJNA533106			no_sra_center
GCA_986281025.1	Coenophila subrosea	2026-08-14	SAMEA120504851	WELLCOME SANGER INSTITUTE	EBI	PRJEB114891;PRJEB115758;PRJEB40665;PRJEB43510;PRJEB43745;PRJEB71705;PRJNA533106			no_sra_center
GCA_987216955.1	Coenosia tigrina	2026-09-08	SAMEA118768668	WELLCOME SANGER INSTITUTE	EBI	PRJEB112724;PRJEB123194;PRJEB40665;PRJEB43510;PRJEB43745;PRJNA533106			no_sra_center
GCA_984577335.1	Coincya wrightii	2026-06-17	SAMEA9335248	WELLCOME SANGER INSTITUTE	EBI	PRJEB112942;PRJEB113654;PRJEB40665;PRJEB43510;PRJEB43745;PRJNA533106			no_sra_center
GCA_984577385.1	Coincya wrightii	2026-06-17	SAMEA9335248	WELLCOME SANGER INSTITUTE	EBI	PRJEB112942;PRJEB113653;PRJEB40665;PRJEB43510;PRJEB43745;PRJNA533106			no_sra_center
GCA_984574005.1	Colchicum autumnale	2026-06-15	SAMEA9143080	WELLCOME SANGER INSTITUTE	EBI	PRJEB110236;PRJEB113606;PRJEB40665;PRJEB43510;PRJEB43745;PRJNA533106			no_sra_center
GCA_988222105.1	Coleophora ahenella	2026-09-03	SAMEA120504880	WELLCOME SANGER INSTITUTE	EBI	PRJEB123480;PRJEB124467;PRJEB40665;PRJEB43510;PRJEB43745;PRJEB71705;PRJNA533106			no_sra_center
GCA_988322655.1	Coleophora albicosta	2026-10-03	SAMEA118768396	WELLCOME SANGER INSTITUTE	EBI	PRJEB124397;PRJEB127737;PRJEB40665;PRJEB43510;PRJEB43745;PRJEB71705;PRJNA533106			no_sra_center
GCA_977013745.1	Coleophora alticolella	2025-11-07	SAMEA117575381	WELLCOME SANGER INSTITUTE	EBI	PRJEB101394;PRJEB40665;PRJEB43510;PRJEB43745;PRJEB71705;PRJEB96988;PRJNA533106			no_sra_center
GCA_982551595.1	Coleophora argentula	2026-04-27	SAMEA118257022	WELLCOME SANGER INSTITUTE	EBI	PRJEB109858;PRJEB110601;PRJEB40665;PRJEB43510;PRJEB43745;PRJEB71705;PRJNA533106			no_sra_center
GCA_958295455.1	Coleophora deauratella	2023-07-06	SAMEA112226473	WELLCOME SANGER INSTITUTE	EBI	PRJEB40665;PRJEB43510;PRJEB43745;PRJEB62177;PRJEB63671;PRJEB71705;PRJNA533106			no_sra_center
GCA_947284805.1	Coleophora flavipennella	2022-11-08	SAMEA10978959	WELLCOME SANGER INSTITUTE	EBI	PRJEB40665;PRJEB43510;PRJEB43745;PRJEB56048;PRJEB57304;PRJEB71705;PRJNA533106			no_sra_center
GCA_986694545.1	Coleophora follicularis	2026-08-28	SAMEA118768222	WELLCOME SANGER INSTITUTE	EBI	PRJEB113348;PRJEB120819;PRJEB40665;PRJEB43510;PRJEB43745;PRJEB71705;PRJNA533106			no_sra_center
GCA_986449135.1	Coleophora galbulipennella	2026-08-25	SAMEA118768453	WELLCOME SANGER INSTITUTE	EBI	PRJEB114603;PRJEB116034;PRJEB40665;PRJEB43510;PRJEB43745;PRJEB71705;PRJNA533106			no_sra_center
GCA_982551685.1	Coleophora gryphipennella	2026-04-27	SAMEA118280508	WELLCOME SANGER INSTITUTE	EBI	PRJEB109872;PRJEB110604;PRJEB40665;PRJEB43510;PRJEB43745;PRJEB71705;PRJNA533106			no_sra_center
GCA_982551485.1	Coleophora lixella	2026-04-25	SAMEA118768039	WELLCOME SANGER INSTITUTE	EBI	PRJEB109844;PRJEB110605;PRJEB40665;PRJEB43510;PRJEB43745;PRJEB71705;PRJNA533106			no_sra_center
GCA_985758345.1	Coleophora lutipennella	2026-07-04	SAMEA118768029	WELLCOME SANGER INSTITUTE	EBI	PRJEB112453;PRJEB115129;PRJEB40665;PRJEB43510;PRJEB43745;PRJEB71705;PRJNA533106			no_sra_center
GCA_976917495.1	Coleophora mayrella	2025-10-08	SAMEA117573928	WELLCOME SANGER INSTITUTE	EBI	PRJEB40665;PRJEB43510;PRJEB43745;PRJEB71705;PRJEB96612;PRJEB97140;PRJNA533106			no_sra_center
GCA_987312975.1	Coleophora niveicostella	2026-09-08	SAMEA118768034	WELLCOME SANGER INSTITUTE	EBI	PRJEB114631;PRJEB123424;PRJEB40665;PRJEB43510;PRJEB43745;PRJEB71705;PRJNA533106			no_sra_center
GCA_987193225.1	Coleophora otidipennella	2026-09-01	SAMEA118768285	WELLCOME SANGER INSTITUTE	EBI	PRJEB114633;PRJEB122837;PRJEB40665;PRJEB43510;PRJEB43745;PRJEB71705;PRJNA533106			no_sra_center
GCA_982585925.1	Coleophora pennella	2026-04-27	SAMEA118559885	WELLCOME SANGER INSTITUTE	EBI	PRJEB109876;PRJEB111826;PRJEB40665;PRJEB43510;PRJEB43745;PRJEB71705;PRJNA533106			no_sra_center
GCA_988228175.1	Coleophora serratella	2026-09-09	SAMEA117573477	WELLCOME SANGER INSTITUTE	EBI	PRJEB118589;PRJEB125188;PRJEB40665;PRJEB43510;PRJEB43745;PRJEB71705;PRJNA533106			no_sra_center
GCA_984659125.1	Coleophora solitariella	2026-06-22	SAMEA118559836	WELLCOME SANGER INSTITUTE	EBI	PRJEB109874;PRJEB114306;PRJEB40665;PRJEB43510;PRJEB43745;PRJEB71705;PRJNA533106			no_sra_center
GCA_986708425.1	Coleophora striatipennella	2026-08-22	SAMEA118768243	WELLCOME SANGER INSTITUTE	EBI	PRJEB114605;PRJEB120922;PRJEB40665;PRJEB43510;PRJEB43745;PRJEB71705;PRJNA533106			no_sra_center
GCA_988143455.1	Coleophora sylvaticella	2026-09-09	SAMEA118768298	WELLCOME SANGER INSTITUTE	EBI	PRJEB115843;PRJEB124128;PRJEB40665;PRJEB43510;PRJEB43745;PRJEB71705;PRJNA533106			no_sra_center
GCA_905220415.1	Colias croceus	2021-02-16	SAMEA7523360	WELLCOME SANGER INSTITUTE	EBI	PRJEB40665;PRJEB42878;PRJEB42949;PRJEB43510;PRJEB43745;PRJEB71705;PRJNA533106			no_sra_center
GCA_988323835.1	Collybia odora	2026-10-03	SAMEA110757104	WELLCOME SANGER INSTITUTE	EBI	PRJEB127094;PRJEB40665;PRJEB43510;PRJEB43745;PRJEB64726;PRJNA533106			no_sra_center
GCA_964235245.1	Collybia sordida	2024-08-31	SAMEA7521677	WELLCOME SANGER INSTITUTE	EBI	PRJEB40665;PRJEB43510;PRJEB43745;PRJEB77630;PRJEB79086;PRJNA533106			no_sra_center
GCA_981124135.1	Collyria trichophthalma	2026-02-28	SAMEA112221827	WELLCOME SANGER INSTITUTE	EBI	PRJEB108625;PRJEB40665;PRJEB43510;PRJEB43745;PRJEB82730;PRJNA533106			no_sra_center
GCA_986268485.1	Colobochyla salicalis	2026-06-30	SAMEA120504878	WELLCOME SANGER INSTITUTE	EBI	PRJEB114863;PRJEB115559;PRJEB40665;PRJEB43510;PRJEB43745;PRJEB71705;PRJNA533106			no_sra_center
GCA_986268605.1	Colobochyla salicalis	2026-07-02	SAMEA120504878	WELLCOME SANGER INSTITUTE	EBI	PRJEB114863;PRJEB115558;PRJEB40665;PRJEB43510;PRJEB43745;PRJEB71705;PRJNA533106			no_sra_center
GCA_965285835.1	Colocasia coryli	2025-06-07	SAMEA112775018	WELLCOME SANGER INSTITUTE	EBI	PRJEB40665;PRJEB43510;PRJEB43745;PRJEB71705;PRJEB89322;PRJEB89764;PRJNA533106			no_sra_center
GCA_965178535.1	Coloeus monedula	2025-03-04	SAMEA115433023	WELLCOME SANGER INSTITUTE	European Bioinformatics Institute	PRJEB40665;PRJEB43510;PRJEB43745;PRJEB78336;PRJEB86323;PRJNA489243;PRJNA533106			no_sra_center
GCA_965178545.1	Coloeus monedula	2025-03-04	SAMEA115433023	WELLCOME SANGER INSTITUTE	European Bioinformatics Institute	PRJEB40665;PRJEB43510;PRJEB43745;PRJEB78336;PRJEB86324;PRJNA489243;PRJNA533106			no_sra_center
GCA_965278185.1	Colostygia multistrigaria	2025-05-08	SAMEA113425853	WELLCOME SANGER INSTITUTE	EBI	PRJEB40665;PRJEB43510;PRJEB43745;PRJEB71705;PRJEB84117;PRJEB89206;PRJNA533106			no_sra_center
GCA_951394395.1	Colostygia pectinataria	2023-06-15	SAMEA7520182	WELLCOME SANGER INSTITUTE	EBI	PRJEB40665;PRJEB43510;PRJEB43745;PRJEB61341;PRJEB62081;PRJEB71705;PRJNA533106			no_sra_center
GCA_964258875.1	Colotois pennaria	2024-09-01	SAMEA8603206	WELLCOME SANGER INSTITUTE	EBI	PRJEB40665;PRJEB43510;PRJEB43745;PRJEB71705;PRJEB78923;PRJEB79465;PRJNA533106			no_sra_center
GCA_987196055.1	Columba oenas	2026-09-08	SAMEA117632806	WELLCOME SANGER INSTITUTE	EBI	PRJEB122709;PRJEB40665;PRJEB43510;PRJEB43745;PRJEB96568;PRJNA489243;PRJNA533106			no_sra_center
GCA_988290405.1	Columba palumbus	2026-09-24	SAMEA113398963	WELLCOME SANGER INSTITUTE	EBI	PRJEB40665;PRJEB43510;PRJEB43745;PRJEB75629;PRJEB88629;PRJNA489243;PRJNA533106			no_sra_center
GCA_964656385.1	Colydium elongatum	2025-01-02	SAMEA112232558	WELLCOME SANGER INSTITUTE	EBI	PRJEB40665;PRJEB43510;PRJEB43745;PRJEB74681;PRJEB83423;PRJNA533106			no_sra_center
GCA_951800085.1	Comarum palustre	2023-05-27	SAMEA7522399	WELLCOME SANGER INSTITUTE	EBI	PRJEB125134;PRJEB40665;PRJEB43510;PRJEB43745;PRJEB61204;PRJEB62584;PRJEB80366;PRJNA533106			no_sra_center
GCA_965153335.1	Comibaena bajularia	2025-02-26	SAMEA114644782	WELLCOME SANGER INSTITUTE	EBI	PRJEB40665;PRJEB43510;PRJEB43745;PRJEB71705;PRJEB85370;PRJEB85961;PRJNA533106			no_sra_center
GCA_964341535.1	Commophila aeneana	2024-11-28	SAMEA115574531	WELLCOME SANGER INSTITUTE	EBI	PRJEB40665;PRJEB43510;PRJEB43745;PRJEB71705;PRJEB82139;PRJEB82857;PRJNA533106			no_sra_center
GCA_964341585.1	Commophila aeneana	2024-11-28	SAMEA115574531	WELLCOME SANGER INSTITUTE	EBI	PRJEB40665;PRJEB43510;PRJEB43745;PRJEB71705;PRJEB82139;PRJEB82858;PRJNA533106			no_sra_center
GCA_963514075.1	Conger conger	2023-09-29	SAMEA12219431	WELLCOME SANGER INSTITUTE	EBI	PRJEB40665;PRJEB43510;PRJEB43745;PRJEB65259;PRJEB66426;PRJNA489243;PRJNA533106			no_sra_center
GCA_965278235.1	Conistra ligula	2025-05-08	SAMEA115163565	WELLCOME SANGER INSTITUTE	EBI	PRJEB40665;PRJEB43510;PRJEB43745;PRJEB71705;PRJEB88356;PRJEB89208;PRJNA533106			no_sra_center
GCA_948150665.1	Conistra vaccinii	2023-01-18	SAMEA9359439	WELLCOME SANGER INSTITUTE	EBI	PRJEB40665;PRJEB43510;PRJEB43745;PRJEB57660;PRJEB58875;PRJEB71705;PRJNA533106			no_sra_center
GCA_979326425.1	Conocephalum conicum	2026-02-27	SAMEA7515984	WELLCOME SANGER INSTITUTE	EBI	PRJEB107284;PRJEB108040;PRJEB40665;PRJEB43510;PRJEB43745;PRJNA533106			no_sra_center
GCA_948455865.1	Conomelus anceps	2023-02-03	SAMEA12997853	WELLCOME SANGER INSTITUTE	EBI	PRJEB40665;PRJEB43510;PRJEB43745;PRJEB58256;PRJEB59110;PRJNA533106			no_sra_center
GCA_949752815.1	Conops quadrifasciatus	2023-04-03	SAMEA8603151	WELLCOME SANGER INSTITUTE	EBI	PRJEB40665;PRJEB43510;PRJEB43745;PRJEB59143;PRJEB60888;PRJNA533106			no_sra_center
GCA_964199945.1	Convolvulus arvensis	2024-07-19	SAMEA7521938	WELLCOME SANGER INSTITUTE	EBI	PRJEB125134;PRJEB40665;PRJEB43510;PRJEB43745;PRJEB76345;PRJEB77676;PRJEB80366;PRJNA533106			no_sra_center
GCA_976988905.1	Conwentzia psociformis	2025-11-07	SAMEA113425647	WELLCOME SANGER INSTITUTE	EBI	PRJEB40665;PRJEB43510;PRJEB43745;PRJEB97308;PRJEB98820;PRJNA533106			no_sra_center
GCA_951394405.1	Coprinellus micaceus	2023-06-15	SAMEA9461306	WELLCOME SANGER INSTITUTE	EBI	PRJEB40665;PRJEB43510;PRJEB43745;PRJEB58952;PRJEB62080;PRJNA533106			no_sra_center
GCA_977065745.1	Coprinopsis atramentaria	2025-11-28	SAMEA113940406	WELLCOME SANGER INSTITUTE	EBI	PRJEB103783;PRJEB40665;PRJEB43510;PRJEB43745;PRJEB81634;PRJNA533106			no_sra_center
GCA_963682025.1	Cordilura impudica	2023-12-07	SAMEA113425408	WELLCOME SANGER INSTITUTE	EBI	PRJEB40665;PRJEB43510;PRJEB43745;PRJEB67603;PRJEB70526;PRJNA533106			no_sra_center
GCA_965663625.1	Cordulegaster boltonii	2025-08-23	SAMEA10800108	WELLCOME SANGER INSTITUTE	EBI	PRJEB40665;PRJEB43510;PRJEB43745;PRJEB78902;PRJEB94995;PRJNA533106			no_sra_center
GCA_965663745.1	Cordulegaster boltonii	2025-08-23	SAMEA10800108	WELLCOME SANGER INSTITUTE	EBI	PRJEB40665;PRJEB43510;PRJEB43745;PRJEB78902;PRJEB94996;PRJNA533106			no_sra_center
GCA_963580265.1	Cordyceps fumosorosea	2023-11-04	SAMEA110757071	WELLCOME SANGER INSTITUTE	EBI	PRJEB40665;PRJEB43510;PRJEB43745;PRJEB62050;PRJEB67928;PRJNA533106			no_sra_center
GCA_963082875.1	Corella eumyota	2023-08-09	SAMEA7536466	WELLCOME SANGER INSTITUTE	EBI	PRJEB40665;PRJEB43510;PRJEB43745;PRJEB59956;PRJEB64846;PRJNA489243;PRJNA533106			no_sra_center
GCA_981110275.1	Corella parallelogramma	2026-02-28	SAMEA115106914	WELLCOME SANGER INSTITUTE	EBI	PRJEB108631;PRJEB40665;PRJEB43510;PRJEB43745;PRJEB80431;PRJNA533106			no_sra_center
GCA_914767935.1	Coremacera marginata	2021-09-16	SAMEA7521524	WELLCOME SANGER INSTITUTE	EBI	PRJEB40665;PRJEB43510;PRJEB43745;PRJEB45188;PRJEB47370;PRJNA533106			no_sra_center
GCA_964187895.1	Cornu aspersum	2024-06-18	SAMEA8534452	WELLCOME SANGER INSTITUTE	EBI	PRJEB40665;PRJEB43510;PRJEB43745;PRJEB75283;PRJEB76641;PRJNA533106			no_sra_center
GCA_984573785.1	Cornus sanguinea	2026-06-15	SAMEA7535983	WELLCOME SANGER INSTITUTE	EBI	PRJEB111274;PRJEB113491;PRJEB40665;PRJEB43510;PRJEB43745;PRJNA533106			no_sra_center
GCA_986885575.1	Cornus sericea	2026-08-30	SAMEA120793081	WELLCOME SANGER INSTITUTE	EBI	PRJEB115887;PRJEB121003;PRJEB125134;PRJEB40665;PRJEB43510;PRJEB43745;PRJEB80366;PRJNA533106			no_sra_center
GCA_963922005.1	Cornus suecica	2024-02-09	SAMEA9335126	WELLCOME SANGER INSTITUTE	EBI	PRJEB125134;PRJEB40665;PRJEB43510;PRJEB43745;PRJEB71027;PRJEB71851;PRJEB80366;PRJNA533106			no_sra_center
GCA_988223195.1	Corrigiola litoralis	2026-09-06	SAMEA114564250	WELLCOME SANGER INSTITUTE	EBI	PRJEB123962;PRJEB124613;PRJEB40665;PRJEB43510;PRJEB43745;PRJNA533106			no_sra_center
GCA_982551715.1	Cortinarius acutus	2026-04-27	SAMEA113940409	WELLCOME SANGER INSTITUTE	EBI	PRJEB110576;PRJEB40665;PRJEB43510;PRJEB43745;PRJEB78650;PRJNA533106			no_sra_center
GCA_986708555.1	Cortinarius anomalus	2026-08-20	SAMEA113940408	WELLCOME SANGER INSTITUTE	EBI	PRJEB114559;PRJEB120916;PRJEB40665;PRJEB43510;PRJEB43745;PRJNA533106			no_sra_center
GCA_982554175.1	Cortinarius flexipes	2026-04-27	SAMEA113940393	WELLCOME SANGER INSTITUTE	EBI	PRJEB110797;PRJEB40665;PRJEB43510;PRJEB43745;PRJEB78660;PRJNA533106			no_sra_center
GCA_988264995.1	Cortinarius hemitrichus	2026-09-14	SAMEA110449746	WELLCOME SANGER INSTITUTE	EBI	PRJEB126002;PRJEB40665;PRJEB43510;PRJEB43745;PRJEB63495;PRJNA533106			no_sra_center
GCA_984799035.1	Cortinarius torvus	2026-06-26	SAMEA113940392	WELLCOME SANGER INSTITUTE	EBI	PRJEB114408;PRJEB40665;PRJEB43510;PRJEB43745;PRJEB80036;PRJNA533106			no_sra_center
GCA_987196915.1	Corvus corax	2026-09-08	SAMEA118680308	WELLCOME SANGER INSTITUTE	EBI	PRJEB115863;PRJEB122712;PRJEB125134;PRJEB40665;PRJEB43510;PRJEB43745;PRJEB80366;PRJNA489243;PRJNA533106			no_sra_center
GCA_987196955.1	Corvus corone	2026-09-08	SAMEA118680279	WELLCOME SANGER INSTITUTE	EBI	PRJEB111344;PRJEB122710;PRJEB40665;PRJEB43510;PRJEB43745;PRJNA489243;PRJNA533106			no_sra_center
GCA_987196625.1	Corvus frugilegus	2026-09-08	SAMEA118680420	WELLCOME SANGER INSTITUTE	EBI	PRJEB115853;PRJEB122715;PRJEB40665;PRJEB43510;PRJEB43745;PRJNA489243;PRJNA533106			no_sra_center
GCA_965113065.2	Corylus avellana	2025-10-26	SAMEA9335273	WELLCOME SANGER INSTITUTE	EBI	PRJEB40665;PRJEB43510;PRJEB43745;PRJEB81049;PRJEB84928;PRJNA533106			no_sra_center
GCA_965233425.2	Corylus colurna	2026-04-27	SAMEA114782709	WELLCOME SANGER INSTITUTE	EBI	PRJEB40665;PRJEB43510;PRJEB43745;PRJEB81051;PRJEB87808;PRJNA533106			no_sra_center
GCA_979016875.1	Corynactis viridis	2026-02-27	SAMEA110449866	WELLCOME SANGER INSTITUTE	EBI	PRJEB107950;PRJEB40665;PRJEB43510;PRJEB43745;PRJEB81903;PRJNA533106			no_sra_center
GCA_965218605.1	Cosmia affinis	2025-03-23	SAMEA115575031	WELLCOME SANGER INSTITUTE	European Bioinformatics Institute	PRJEB40665;PRJEB43510;PRJEB43745;PRJEB71705;PRJEB83742;PRJEB87360;PRJNA533106			no_sra_center
GCA_946251885.1	Cosmia pyralina	2022-09-12	SAMEA10979084	WELLCOME SANGER INSTITUTE	EBI	PRJEB40665;PRJEB43510;PRJEB43745;PRJEB54090;PRJEB55433;PRJEB71705;PRJNA533106			no_sra_center
GCA_905163495.3	Cosmia trapezina	2022-10-25	SAMEA7519851	Wellcome Sanger Institute	EBI	PRJEB40665;PRJEB42026;PRJEB42119;PRJEB43510;PRJEB43745;PRJEB71705;PRJNA533106			no_sra_center
GCA_963675405.1	Cosmorhoe ocellata	2023-12-06	SAMEA112221818	WELLCOME SANGER INSTITUTE	EBI	PRJEB40665;PRJEB43510;PRJEB43745;PRJEB66760;PRJEB69570;PRJEB71705;PRJNA533106			no_sra_center
GCA_965117205.1	Cossus cossus	2025-01-25	SAMEA115163354	WELLCOME SANGER INSTITUTE	EBI	PRJEB40665;PRJEB43510;PRJEB43745;PRJEB71705;PRJEB83479;PRJEB85145;PRJNA533106			no_sra_center
GCA_987573005.1	Crabro cribrarius	2026-09-09	SAMEA10978999	WELLCOME SANGER INSTITUTE	EBI	PRJEB115855;PRJEB123857;PRJEB40665;PRJEB43510;PRJEB43745;PRJNA533106			no_sra_center
GCA_949710035.1	Crambus lathoniellus	2023-03-28	SAMEA10979181	WELLCOME SANGER INSTITUTE	EBI	PRJEB40665;PRJEB43510;PRJEB43745;PRJEB57115;PRJEB60731;PRJEB71705;PRJNA533106			no_sra_center
GCA_964341515.1	Crambus pascuella	2024-11-29	SAMEA115163332	WELLCOME SANGER INSTITUTE	EBI	PRJEB40665;PRJEB43510;PRJEB43745;PRJEB71705;PRJEB82173;PRJEB82860;PRJNA533106			no_sra_center
GCA_964341525.1	Crambus pascuella	2024-11-29	SAMEA115163332	WELLCOME SANGER INSTITUTE	EBI	PRJEB40665;PRJEB43510;PRJEB43745;PRJEB71705;PRJEB82173;PRJEB82859;PRJNA533106			no_sra_center
GCA_986177315.1	Crambus perlellus	2026-06-27	SAMEA113425620	WELLCOME SANGER INSTITUTE	EBI	PRJEB112196;PRJEB115226;PRJEB40665;PRJEB43510;PRJEB43745;PRJEB71705;PRJNA533106			no_sra_center
GCA_905163465.1	Craniophora ligustri	2021-01-27	SAMEA7519852	SC	EBI	PRJEB40665;PRJEB42029;PRJEB42120;PRJEB43510;PRJEB43745;PRJEB71705;PRJNA533106			no_sra_center
GCA_982518275.1	Crassula aquatica	2026-04-24	SAMEA114564262	WELLCOME SANGER INSTITUTE	EBI	PRJEB103044;PRJEB111619;PRJEB125134;PRJEB40665;PRJEB43510;PRJEB43745;PRJEB80366;PRJNA533106			no_sra_center
GCA_963580275.1	Crataegus laevigata	2023-11-05	SAMEA9143073	WELLCOME SANGER INSTITUTE	EBI	PRJEB40665;PRJEB43510;PRJEB43745;PRJEB65686;PRJEB67925;PRJNA533106			no_sra_center
GCA_977072135.1	Crataegus monogyna	2025-12-05	SAMEA9143089	WELLCOME SANGER INSTITUTE	EBI	PRJEB103866;PRJEB104360;PRJEB40665;PRJEB43510;PRJEB43745;PRJNA533106			no_sra_center
GCA_949710015.1	Crataerina pallida	2023-03-19	SAMEA10166867	WELLCOME SANGER INSTITUTE	EBI	PRJEB40665;PRJEB43510;PRJEB43745;PRJEB58667;PRJEB60738;PRJNA533106			no_sra_center
GCA_964340565.2	Cratoneuron filicinum	2025-10-14	SAMEA111383310	WELLCOME SANGER INSTITUTE	EBI	PRJEB40665;PRJEB43510;PRJEB43745;PRJEB82195;PRJEB82567;PRJNA533106			no_sra_center
GCA_965645225.1	Crepidodera aurata	2025-07-28	SAMEA14448381	WELLCOME SANGER INSTITUTE	EBI	PRJEB40665;PRJEB43510;PRJEB43745;PRJEB83754;PRJEB94310;PRJNA533106			no_sra_center
GCA_949320105.2	Crepidodera aurea	2023-07-18	SAMEA10167050	WELLCOME SANGER INSTITUTE	EBI	PRJEB40665;PRJEB43510;PRJEB43745;PRJEB58254;PRJEB60253;PRJNA533106			no_sra_center
GCA_965615805.1	Crepidodera fulvicornis	2025-07-08	SAMEA112963075	WELLCOME SANGER INSTITUTE	EBI	PRJEB40665;PRJEB43510;PRJEB43745;PRJEB83507;PRJEB90966;PRJNA533106			no_sra_center
GCA_973897325.1	Crepis capillaris	2025-10-26	SAMEA14449828	WELLCOME SANGER INSTITUTE	EBI	PRJEB125134;PRJEB40665;PRJEB43510;PRJEB43745;PRJEB79866;PRJEB80366;PRJEB96429;PRJNA533106			no_sra_center
GCA_987197635.1	Crex crex	2026-09-02	SAMEA118680292	WELLCOME SANGER INSTITUTE	EBI	PRJEB118579;PRJEB122717;PRJEB40665;PRJEB43510;PRJEB43745;PRJNA489243;PRJNA533106			no_sra_center
GCA_987196195.1	Crex crex	2026-09-02	SAMEA118680292	WELLCOME SANGER INSTITUTE	EBI	PRJEB118579;PRJEB122716;PRJEB40665;PRJEB43510;PRJEB43745;PRJNA489243;PRJNA533106			no_sra_center
GCA_958507055.1	Crioceris asparagi	2023-07-18	SAMEA111458050	WELLCOME SANGER INSTITUTE	EBI	PRJEB40665;PRJEB43510;PRJEB43745;PRJEB59077;PRJEB64385;PRJNA533106			no_sra_center
GCA_951813785.1	Criorhina ranunculi	2023-07-14	SAMEA10157809	WELLCOME SANGER INSTITUTE	EBI	PRJEB40665;PRJEB43510;PRJEB43745;PRJEB61615;PRJEB62936;PRJNA533106			no_sra_center
GCA_907269065.1	Crocallis elinguaria	2021-05-19	SAMEA7701527	WELLCOME SANGER INSTITUTE	EBI	PRJEB40665;PRJEB43510;PRJEB43745;PRJEB44955;PRJEB44984;PRJEB71705;PRJNA533106			no_sra_center
GCA_966184185.1	Crocus tommasinianus	2025-08-23	SAMEA113970331	WELLCOME SANGER INSTITUTE	EBI	PRJEB40665;PRJEB43510;PRJEB43745;PRJEB81103;PRJEB95872;PRJNA533106			no_sra_center
GCA_980886745.1	Crossocerus annulipes	2026-02-28	SAMEA113425414	WELLCOME SANGER INSTITUTE	EBI	PRJEB106283;PRJEB108571;PRJEB40665;PRJEB43510;PRJEB43745;PRJNA533106			no_sra_center
GCA_963675795.1	Crossocerus cetratus	2023-12-11	SAMEA110451628	WELLCOME SANGER INSTITUTE	EBI	PRJEB40665;PRJEB43510;PRJEB43745;PRJEB60653;PRJEB69359;PRJNA533106			no_sra_center
GCA_963678965.1	Cruciata laevipes	2023-12-06	SAMEA9143078	WELLCOME SANGER INSTITUTE	EBI	PRJEB40665;PRJEB43510;PRJEB43745;PRJEB68392;PRJEB70271;PRJNA533106			no_sra_center
GCA_978018155.1	Crudosilis ruficollis	2026-02-01	SAMEA112964270	WELLCOME SANGER INSTITUTE	EBI	PRJEB106235;PRJEB40665;PRJEB43510;PRJEB43745;PRJEB75882;PRJNA533106			no_sra_center
GCA_982473415.1	Cryphaea heteromalla	2026-04-16	SAMEA111383187	WELLCOME SANGER INSTITUTE	EBI	PRJEB110260;PRJEB111485;PRJEB40665;PRJEB43510;PRJEB43745;PRJNA533106			no_sra_center
GCA_986271485.1	Cryphaea heteromalla	2026-07-05	SAMEA111383185	WELLCOME SANGER INSTITUTE	EBI	PRJEB110260;PRJEB115707;PRJEB40665;PRJEB43510;PRJEB43745;PRJNA533106			no_sra_center
GCA_964341545.1	Cryphia algae	2024-11-29	SAMEA115163337	WELLCOME SANGER INSTITUTE	EBI	PRJEB40665;PRJEB43510;PRJEB43745;PRJEB71705;PRJEB82175;PRJEB82861;PRJNA533106			no_sra_center
GCA_964341565.1	Cryphia algae	2024-11-29	SAMEA115163337	WELLCOME SANGER INSTITUTE	EBI	PRJEB40665;PRJEB43510;PRJEB43745;PRJEB71705;PRJEB82175;PRJEB82862;PRJNA533106			no_sra_center
GCA_946251905.1	Cryptocephalus moraei	2022-09-12	SAMEA11025075	WELLCOME SANGER INSTITUTE	EBI	PRJEB40665;PRJEB43510;PRJEB43745;PRJEB54797;PRJEB55436;PRJNA533106			no_sra_center
GCA_963576515.1	Cryptocephalus primarius	2023-11-03	SAMEA14448122	WELLCOME SANGER INSTITUTE	EBI	PRJEB40665;PRJEB43510;PRJEB43745;PRJEB56483;PRJEB68110;PRJNA533106			no_sra_center
GCA_965663585.1	Cryptocephalus pusillus	2025-08-23	SAMEA112232770	WELLCOME SANGER INSTITUTE	EBI	PRJEB40665;PRJEB43510;PRJEB43745;PRJEB83519;PRJEB94975;PRJNA533106			no_sra_center
GCA_963556235.1	Cryptophagus acutangulus	2023-10-10	SAMEA14448405	WELLCOME SANGER INSTITUTE	EBI	PRJEB40665;PRJEB43510;PRJEB43745;PRJEB58934;PRJEB67290;PRJNA533106			no_sra_center
GCA_988323305.1	Cryptops hortensis	2026-10-03	SAMEA111457914	WELLCOME SANGER INSTITUTE	EBI	PRJEB127782;PRJEB40665;PRJEB43510;PRJEB43745;PRJEB77757;PRJNA533106			no_sra_center
GCA_988280845.1	Cryptopygus clavatus	2026-09-17	SAMEA114426389	WELLCOME SANGER INSTITUTE	EBI	PRJEB121402;PRJEB126661;PRJEB40665;PRJEB43510;PRJEB43745;PRJNA533106			no_sra_center
GCA_965641385.1	Cryptorhynchus lapathi	2025-07-09	SAMEA112964191	WELLCOME SANGER INSTITUTE	EBI	PRJEB40665;PRJEB43510;PRJEB43745;PRJEB78302;PRJEB91872;PRJNA533106			no_sra_center
GCA_945261195.1	Cryptosula pallasiana	2022-07-13	SAMEA7536579	WELLCOME SANGER INSTITUTE	EBI	PRJEB40665;PRJEB43510;PRJEB43745;PRJEB53477;PRJEB54601;PRJNA533106			no_sra_center
GCA_963971235.1	Cryptus armator	2024-03-04	SAMEA112232624	WELLCOME SANGER INSTITUTE	EBI	PRJEB40665;PRJEB43510;PRJEB43745;PRJEB62889;PRJEB73496;PRJNA533106			no_sra_center
GCA_964006125.1	Cryptus viduatorius	2024-03-18	SAMEA112232772	WELLCOME SANGER INSTITUTE	EBI	PRJEB40665;PRJEB43510;PRJEB43745;PRJEB66408;PRJEB74012;PRJNA533106			no_sra_center
GCA_958336395.1	Ctenicera cuprea	2023-07-14	SAMEA112360817	WELLCOME SANGER INSTITUTE	EBI	PRJEB40665;PRJEB43510;PRJEB43745;PRJEB62738;PRJEB64316;PRJNA533106			no_sra_center
GCA_988225385.1	Cucullia asteris	2026-09-09	SAMEA120953191	WELLCOME SANGER INSTITUTE	EBI	PRJEB123644;PRJEB124733;PRJEB40665;PRJEB43510;PRJEB43745;PRJEB71705;PRJNA533106			no_sra_center
GCA_988225355.1	Cucullia asteris	2026-09-09	SAMEA120953191	WELLCOME SANGER INSTITUTE	EBI	PRJEB123644;PRJEB124734;PRJEB40665;PRJEB43510;PRJEB43745;PRJEB71705;PRJNA533106			no_sra_center
GCA_977035755.1	Culiseta annulata	2025-11-13	SAMEA112964300	WELLCOME SANGER INSTITUTE	EBI	PRJEB102670;PRJEB40665;PRJEB43510;PRJEB43745;PRJEB74159;PRJNA533106			no_sra_center
GCA_965195375.1	Cupido minimus	2025-03-10	SAMEA7523306	WELLCOME SANGER INSTITUTE	EBI	PRJEB40665;PRJEB43510;PRJEB43745;PRJEB71182;PRJEB71705;PRJEB86500;PRJNA533106			no_sra_center
GCA_965648435.1	Curculio glandium	2025-07-28	SAMEA8603219	WELLCOME SANGER INSTITUTE	EBI	PRJEB40665;PRJEB43510;PRJEB43745;PRJEB80665;PRJEB94373;PRJNA533106			no_sra_center
GCA_987195945.1	Curruca communis	2026-09-03	SAMEA118680312	WELLCOME SANGER INSTITUTE	EBI	PRJEB115925;PRJEB122754;PRJEB40665;PRJEB43510;PRJEB43745;PRJNA489243;PRJNA533106			no_sra_center
GCA_965620575.2	Cuscuta epithymum	2026-04-25	SAMEA110450278	WELLCOME SANGER INSTITUTE	EBI	PRJEB40665;PRJEB43510;PRJEB43745;PRJEB80995;PRJEB91271;PRJNA533106			no_sra_center
GCA_905187585.1	Cyaniris semiargus	2021-02-02	SAMEA7523311	Wellcome Sanger Institute	EBI	PRJEB40665;PRJEB41908;PRJEB42123;PRJEB43510;PRJEB43745;PRJEB71705;PRJNA533106			no_sra_center
GCA_971803275.1	Cyanistes caeruleus	2025-09-13	SAMEA115433025	WELLCOME SANGER INSTITUTE	European Bioinformatics Institute	PRJEB40665;PRJEB43510;PRJEB43745;PRJEB78338;PRJEB96090;PRJNA489243;PRJNA533106			no_sra_center
GCA_971808865.1	Cyanistes caeruleus	2025-09-13	SAMEA115433025	WELLCOME SANGER INSTITUTE	European Bioinformatics Institute	PRJEB40665;PRJEB43510;PRJEB43745;PRJEB78338;PRJEB96091;PRJNA489243;PRJNA533106			no_sra_center
GCA_946251805.1	Cybosia mesomella	2022-09-12	SAMEA11025018	WELLCOME SANGER INSTITUTE	EBI	PRJEB40665;PRJEB43510;PRJEB43745;PRJEB54057;PRJEB55432;PRJEB71705;PRJNA533106			no_sra_center
GCA_963082685.1	Cyclophora albipunctata	2023-08-09	SAMEA112198466	WELLCOME SANGER INSTITUTE	EBI	PRJEB40665;PRJEB43510;PRJEB43745;PRJEB64086;PRJEB64823;PRJEB71705;PRJNA533106			no_sra_center
GCA_987569885.1	Cyclophora annularia	2026-09-09	SAMEA115575027	WELLCOME SANGER INSTITUTE	European Bioinformatics Institute	PRJEB123853;PRJEB40665;PRJEB43510;PRJEB43745;PRJEB71705;PRJEB88864;PRJNA533106			no_sra_center
GCA_965112375.1	Cyclophora linearia	2025-01-17	SAMEA111458034	WELLCOME SANGER INSTITUTE	EBI	PRJEB40665;PRJEB43510;PRJEB43745;PRJEB71705;PRJEB81921;PRJEB84222;PRJNA533106			no_sra_center
GCA_951394245.1	Cyclophora punctaria	2023-06-15	SAMEA7849243	WELLCOME SANGER INSTITUTE	EBI	PRJEB40665;PRJEB43510;PRJEB43745;PRJEB60833;PRJEB62074;PRJEB71705;PRJNA533106			no_sra_center
GCA_976986405.1	Cyclophora puppillaria	2025-10-14	SAMEA117491999	WELLCOME SANGER INSTITUTE	EBI	PRJEB40665;PRJEB43510;PRJEB43745;PRJEB71705;PRJEB96586;PRJEB98492;PRJNA533106			no_sra_center
GCA_963457625.1	Cyclopterus lumpus	2023-09-20	SAMEA112789128	WELLCOME SANGER INSTITUTE	EBI	PRJEB40665;PRJEB43510;PRJEB43745;PRJEB65376;PRJEB66140;PRJNA489243;PRJNA533106			no_sra_center
GCA_948474715.1	Cydia amplana	2023-02-03	SAMEA111458729	WELLCOME SANGER INSTITUTE	EBI	PRJEB40665;PRJEB43510;PRJEB43745;PRJEB58926;PRJEB59260;PRJEB71705;PRJNA533106			no_sra_center
GCA_963556715.1	Cydia fagiglandana	2023-10-23	SAMEA7701453	WELLCOME SANGER INSTITUTE	EBI	PRJEB40665;PRJEB43510;PRJEB43745;PRJEB66764;PRJEB67652;PRJEB71705;PRJNA533106			no_sra_center
GCA_988322675.1	Cydia pomonella	2026-10-03	SAMEA120504272	WELLCOME SANGER INSTITUTE	EBI	PRJEB118545;PRJEB127739;PRJEB40665;PRJEB43510;PRJEB43745;PRJEB71705;PRJNA533106			no_sra_center
GCA_910591565.2	Cydia splendana	2022-10-14	SAMEA7701547	WELLCOME SANGER INSTITUTE	EBI	PRJEB40665;PRJEB43510;PRJEB43745;PRJEB45179;PRJEB45453;PRJEB71705;PRJNA533106			no_sra_center
GCA_947568885.1	Cydia strobilella	2022-12-16	SAMEA110451554	WELLCOME SANGER INSTITUTE	EBI	PRJEB40665;PRJEB43510;PRJEB43745;PRJEB57682;PRJEB58205;PRJEB71705;PRJNA533106			no_sra_center
GCA_988290555.1	Cygnus columbianus	2026-09-24	SAMEA112468031	WELLCOME SANGER INSTITUTE	EBI	PRJEB40665;PRJEB43510;PRJEB43745;PRJEB65211;PRJEB85807;PRJNA489243;PRJNA533106			no_sra_center
GCA_965278775.1	Cygnus cygnus	2025-05-10	SAMEA113398829	WELLCOME SANGER INSTITUTE	EBI	PRJEB40665;PRJEB43510;PRJEB43745;PRJEB74984;PRJEB89278;PRJNA489243;PRJNA533106			no_sra_center
GCA_987198675.1	Cygnus olor	2026-09-08	SAMEA113398849	WELLCOME SANGER INSTITUTE	EBI	PRJEB122906;PRJEB40665;PRJEB43510;PRJEB43745;PRJEB73914;PRJNA489243;PRJNA533106			no_sra_center
GCA_965125795.1	Cylindroiulus punctatus	2025-02-11	SAMEA8603225	WELLCOME SANGER INSTITUTE	EBI	PRJEB40665;PRJEB43510;PRJEB43745;PRJEB68093;PRJEB85687;PRJNA533106			no_sra_center
GCA_984089045.1	Cylindromyia interrupta	2026-06-15	SAMEA114644823	WELLCOME SANGER INSTITUTE	EBI	PRJEB112797;PRJEB40665;PRJEB43510;PRJEB43745;PRJEB80979;PRJNA533106			no_sra_center
GCA_963942595.1	Cylloceria caligata	2024-02-09	SAMEA14448408	WELLCOME SANGER INSTITUTE	EBI	PRJEB40665;PRJEB43510;PRJEB43745;PRJEB66049;PRJEB72473;PRJNA533106			no_sra_center
GCA_986264775.1	Cymatophorima diluta	2026-07-01	SAMEA118768648	WELLCOME SANGER INSTITUTE	EBI	PRJEB113350;PRJEB115342;PRJEB40665;PRJEB43510;PRJEB43745;PRJEB71705;PRJNA533106			no_sra_center
GCA_965199525.2	Cymbalaria muralis	2026-04-27	SAMEA110054531	WELLCOME SANGER INSTITUTE	EBI	PRJEB40665;PRJEB43510;PRJEB43745;PRJEB81009;PRJEB86856;PRJNA533106			no_sra_center
GCA_965199565.2	Cymbalaria muralis	2026-04-27	SAMEA110054531	WELLCOME SANGER INSTITUTE	EBI	PRJEB40665;PRJEB43510;PRJEB43745;PRJEB81009;PRJEB86857;PRJNA533106			no_sra_center
GCA_973838815.1	Cynodontium bruntonii	2025-10-25	SAMEA112690473	WELLCOME SANGER INSTITUTE	EBI	PRJEB40665;PRJEB43510;PRJEB43745;PRJEB94780;PRJEB96475;PRJNA533106			no_sra_center
GCA_987270445.1	Cynomya mortuorum	2026-09-08	SAMEA112198532	WELLCOME SANGER INSTITUTE	EBI	PRJEB123339;PRJEB40665;PRJEB43510;PRJEB43745;PRJEB77543;PRJNA533106			no_sra_center
GCA_964656925.2	Cyperus fuscus	2025-10-25	SAMEA112287374	WELLCOME SANGER INSTITUTE	EBI	PRJEB40665;PRJEB43510;PRJEB43745;PRJEB81077;PRJEB83607;PRJNA533106			no_sra_center
GCA_976982355.1	Cyphostethus tristriatus	2025-10-26	SAMEA112775055	WELLCOME SANGER INSTITUTE	EBI	PRJEB40665;PRJEB43510;PRJEB43745;PRJEB97312;PRJEB98217;PRJNA533106			no_sra_center
GCA_971800845.1	Cyrtopogon pulchripes	2025-09-13	SAMEA114663811	WELLCOME SANGER INSTITUTE	EBI	PRJEB40665;PRJEB43510;PRJEB43745;PRJEB80967;PRJEB96101;PRJNA533106			no_sra_center
GCA_984806785.1	Cystoderma amianthinum	2026-06-26	SAMEA110757147	WELLCOME SANGER INSTITUTE	EBI	PRJEB111264;PRJEB114496;PRJEB40665;PRJEB43510;PRJEB43745;PRJNA533106			no_sra_center
GCA_986268515.1	Dactylorhiza fuchsii	2026-07-04	SAMEA9335275	WELLCOME SANGER INSTITUTE	EBI	PRJEB112958;PRJEB115567;PRJEB40665;PRJEB43510;PRJEB43745;PRJNA533106			no_sra_center
GCA_965112895.1	Dalopius marginatus	2025-01-24	SAMEA10978897	WELLCOME SANGER INSTITUTE	EBI	PRJEB40665;PRJEB43510;PRJEB43745;PRJEB71426;PRJEB84404;PRJNA533106			no_sra_center
GCA_949768715.1	Dascillus cervinus	2023-04-08	SAMEA11025002	WELLCOME SANGER INSTITUTE	EBI	PRJEB40665;PRJEB43510;PRJEB43745;PRJEB57312;PRJEB60919;PRJNA533106			no_sra_center
GCA_982499815.1	Dasypoda hirtipes	2026-04-17	SAMEA112964242	WELLCOME SANGER INSTITUTE	EBI	PRJEB111559;PRJEB40665;PRJEB43510;PRJEB43745;PRJEB82734;PRJNA533106			no_sra_center
GCA_963555695.1	Dasypolia templi	2023-10-05	SAMEA112819851	WELLCOME SANGER INSTITUTE	EBI	PRJEB40665;PRJEB43510;PRJEB43745;PRJEB65412;PRJEB66511;PRJEB71705;PRJNA533106			no_sra_center
GCA_946251815.1	Dasysyrphus albostriatus	2022-09-12	SAMEA10166817	WELLCOME SANGER INSTITUTE	EBI	PRJEB40665;PRJEB43510;PRJEB43745;PRJEB54801;PRJEB55426;PRJNA533106			no_sra_center
GCA_963921185.1	Dasysyrphus tricinctus	2024-01-05	SAMEA7520034	WELLCOME SANGER INSTITUTE	EBI	PRJEB40665;PRJEB43510;PRJEB43745;PRJEB64114;PRJEB71663;PRJNA533106			no_sra_center
GCA_982551395.1	Daucus carota	2026-04-25	SAMEA10369516	WELLCOME SANGER INSTITUTE	EBI	PRJEB110019;PRJEB110573;PRJEB125134;PRJEB40665;PRJEB43510;PRJEB43745;PRJEB80366;PRJNA533106			no_sra_center
GCA_965653185.1	Daudebardia rufa	2025-08-01	SAMEA10800152	WELLCOME SANGER INSTITUTE	EBI	PRJEB40665;PRJEB43510;PRJEB43745;PRJEB78925;PRJEB94570;PRJNA533106			no_sra_center
GCA_949752805.1	Deilephila elpenor	2023-04-03	SAMEA8603126	WELLCOME SANGER INSTITUTE	EBI	PRJEB40665;PRJEB43510;PRJEB43745;PRJEB59948;PRJEB60891;PRJEB71705;PRJNA533106			no_sra_center
GCA_905220455.2	Deilephila porcellus	2022-02-02	SAMEA7520522	WELLCOME SANGER INSTITUTE	EBI	PRJEB40665;PRJEB42881;PRJEB42950;PRJEB43510;PRJEB43745;PRJEB71705;PRJNA533106			no_sra_center
GCA_979463655.1	Delia radicum	2026-02-27	SAMEA114644713	WELLCOME SANGER INSTITUTE	EBI	PRJEB108105;PRJEB40665;PRJEB43510;PRJEB43745;PRJEB80963;PRJNA533106			no_sra_center
GCA_988324195.1	Delichon urbicum	2026-10-04	SAMEA120960993	WELLCOME SANGER INSTITUTE	EBI	PRJEB124387;PRJEB127160;PRJEB40665;PRJEB43510;PRJEB43745;PRJNA489243;PRJNA533106			no_sra_center
GCA_949987515.2	Delphinus delphis	2024-09-07	SAMEA111380534	WELLCOME SANGER INSTITUTE	EBI	PRJEB40665;PRJEB43510;PRJEB43745;PRJEB60667;PRJEB61571;PRJNA1020146;PRJNA489243;PRJNA533106			no_sra_center
GCA_979326695.1	Delplanqueia inscriptella	2026-02-14	SAMEA118257099	WELLCOME SANGER INSTITUTE	EBI	PRJEB106035;PRJEB108048;PRJEB40665;PRJEB43510;PRJEB43745;PRJEB71705;PRJNA533106			no_sra_center
GCA_977927385.1	Demoticus plebejus	2026-02-01	SAMEA114663829	WELLCOME SANGER INSTITUTE	EBI	PRJEB105147;PRJEB40665;PRJEB43510;PRJEB43745;PRJEB80949;PRJNA533106			no_sra_center
GCA_987197325.1	Dendrocopos major	2026-09-08	SAMEA117632803	WELLCOME SANGER INSTITUTE	EBI	PRJEB122760;PRJEB40665;PRJEB43510;PRJEB43745;PRJEB98760;PRJNA489243;PRJNA533106			no_sra_center
GCA_949752895.1	Dendrolimus pini	2023-04-03	SAMEA112198464	WELLCOME SANGER INSTITUTE	EBI	PRJEB40665;PRJEB43510;PRJEB43745;PRJEB60712;PRJEB60896;PRJEB71705;PRJNA533106			no_sra_center
GCA_964205235.1	Denticollis linearis	2024-07-29	SAMEA8603228	WELLCOME SANGER INSTITUTE	EBI	PRJEB40665;PRJEB43510;PRJEB43745;PRJEB59796;PRJEB78455;PRJNA533106			no_sra_center
GCA_976954725.1	Depressaria daucella	2025-10-08	SAMEA117574989	WELLCOME SANGER INSTITUTE	EBI	PRJEB40665;PRJEB43510;PRJEB43745;PRJEB71705;PRJEB96608;PRJEB98131;PRJNA533106			no_sra_center
GCA_986176505.1	Depressaria douglasella	2026-06-27	SAMEA118768167	WELLCOME SANGER INSTITUTE	EBI	PRJEB113352;PRJEB115229;PRJEB40665;PRJEB43510;PRJEB43745;PRJEB71705;PRJNA533106			no_sra_center
GCA_987195525.1	Deschampsia cespitosa	2026-09-08	SAMEA110451268	WELLCOME SANGER INSTITUTE	EBI	PRJEB120878;PRJEB122840;PRJEB125134;PRJEB40665;PRJEB43510;PRJEB43745;PRJEB80366;PRJNA533106			no_sra_center
GCA_965275845.1	Descurainia sophia	2025-05-02	SAMEA111431203	WELLCOME SANGER INSTITUTE	EBI	PRJEB125134;PRJEB40665;PRJEB43510;PRJEB43745;PRJEB80366;PRJEB81628;PRJEB89045;PRJNA533106			no_sra_center
GCA_963924685.1	Dexiosoma caninum	2024-01-29	SAMEA112964244	WELLCOME SANGER INSTITUTE	EBI	PRJEB40665;PRJEB43510;PRJEB43745;PRJEB66253;PRJEB72094;PRJNA533106			no_sra_center
GCA_932294365.1	Diachrysia chrysitis	2022-03-11	SAMEA8603181	WELLCOME SANGER INSTITUTE	EBI	PRJEB40665;PRJEB43510;PRJEB43745;PRJEB50737;PRJEB51278;PRJEB71705;PRJNA533106			no_sra_center
GCA_987562535.1	Diadocidia ferruginosa	2026-09-09	SAMEA115792948	WELLCOME SANGER INSTITUTE	EBI	PRJEB121406;PRJEB123837;PRJEB40665;PRJEB43510;PRJEB43745;PRJNA533106			no_sra_center
GCA_918843875.1	Diadumene lineata	2021-11-18	SAMEA7536572	WELLCOME SANGER INSTITUTE	EBI	PRJEB40665;PRJEB43510;PRJEB43745;PRJEB46855;PRJEB48678;PRJNA533106			no_sra_center
GCA_983030115.1	Diapensia lapponica	2026-05-18	SAMEA10983560	WELLCOME SANGER INSTITUTE	EBI	PRJEB111326;PRJEB112347;PRJEB125134;PRJEB40665;PRJEB43510;PRJEB43745;PRJEB80366;PRJNA533106			no_sra_center
GCA_963583935.1	Diaperis boleti	2023-11-05	SAMEA112963026	WELLCOME SANGER INSTITUTE	EBI	PRJEB40665;PRJEB43510;PRJEB43745;PRJEB66249;PRJEB68176;PRJNA533106			no_sra_center
GCA_949125395.1	Diaphora mendica	2023-03-11	SAMEA10979149	WELLCOME SANGER INSTITUTE	EBI	PRJEB40665;PRJEB43510;PRJEB43745;PRJEB58228;PRJEB59428;PRJEB71705;PRJNA533106			no_sra_center
GCA_949774965.1	Diarsia brunnea	2023-04-07	SAMEA112198376	WELLCOME SANGER INSTITUTE	EBI	PRJEB40665;PRJEB43510;PRJEB43745;PRJEB60714;PRJEB60986;PRJEB71705;PRJNA533106			no_sra_center
GCA_949775195.1	Diarsia dahlii	2023-04-07	SAMEA110034688	WELLCOME SANGER INSTITUTE	EBI	PRJEB40665;PRJEB43510;PRJEB43745;PRJEB60641;PRJEB61023;PRJEB71705;PRJNA533106			no_sra_center
GCA_949316265.1	Diarsia mendica	2023-03-10	SAMEA10979138	WELLCOME SANGER INSTITUTE	EBI	PRJEB40665;PRJEB43510;PRJEB43745;PRJEB58240;PRJEB60132;PRJEB71705;PRJNA533106			no_sra_center
GCA_932274075.1	Diarsia rubi	2022-03-10	SAMEA8603186	WELLCOME SANGER INSTITUTE	EBI	PRJEB40665;PRJEB43510;PRJEB43745;PRJEB50480;PRJEB51191;PRJEB71705;PRJNA533106			no_sra_center
GCA_980750685.1	Diazona violacea	2026-02-22	SAMEA110449834	WELLCOME SANGER INSTITUTE	EBI	PRJEB108513;PRJEB40665;PRJEB43510;PRJEB43745;PRJEB81196;PRJNA533106			no_sra_center
GCA_963920525.1	Dichetophora obliterata	2023-12-22	SAMEA10979120	WELLCOME SANGER INSTITUTE	EBI	PRJEB40665;PRJEB43510;PRJEB43745;PRJEB70855;PRJEB71451;PRJNA533106			no_sra_center
GCA_977013505.1	Dichomeris marginella	2025-11-07	SAMEA116823125	WELLCOME SANGER INSTITUTE	EBI	PRJEB100643;PRJEB40665;PRJEB43510;PRJEB43745;PRJEB71705;PRJEB96574;PRJNA533106			no_sra_center
GCA_988322985.1	Dichrorampha alpinana	2026-10-03	SAMEA117573957	WELLCOME SANGER INSTITUTE	EBI	PRJEB123482;PRJEB127741;PRJEB40665;PRJEB43510;PRJEB43745;PRJEB71705;PRJNA533106			no_sra_center
GCA_977020425.1	Dichrorampha plumbagana	2025-11-10	SAMEA117574847	WELLCOME SANGER INSTITUTE	EBI	PRJEB102548;PRJEB40665;PRJEB43510;PRJEB43745;PRJEB71705;PRJEB96590;PRJNA533106			no_sra_center
GCA_978407275.1	Dichrorampha sequana	2026-03-01	SAMEA118768470	WELLCOME SANGER INSTITUTE	EBI	PRJEB106039;PRJEB107258;PRJEB40665;PRJEB43510;PRJEB43745;PRJEB71705;PRJNA533106			no_sra_center
GCA_965648445.1	Dicraeus fennicus	2025-07-28	SAMEA112964445	WELLCOME SANGER INSTITUTE	EBI	PRJEB40665;PRJEB43510;PRJEB43745;PRJEB89629;PRJEB94378;PRJNA533106			no_sra_center
GCA_966197065.1	Dicranodontium denudatum	2025-08-23	SAMEA111383169	WELLCOME SANGER INSTITUTE	EBI	PRJEB40665;PRJEB43510;PRJEB43745;PRJEB94782;PRJEB95906;PRJNA533106			no_sra_center
GCA_976358135.1	Dicranoweisia cirrata	2025-10-09	SAMEA10983075	WELLCOME SANGER INSTITUTE	EBI	PRJEB40665;PRJEB43510;PRJEB43745;PRJEB94784;PRJEB96221;PRJNA533106			no_sra_center
GCA_978264295.1	Dicranum bonjeanii	2026-03-01	SAMEA114215550	WELLCOME SANGER INSTITUTE	EBI	PRJEB107201;PRJEB40665;PRJEB43510;PRJEB43745;PRJEB97834;PRJNA533106			no_sra_center
GCA_977013415.1	Dicranum flexicaule	2025-11-08	SAMEA114782854	WELLCOME SANGER INSTITUTE	EBI	PRJEB100758;PRJEB40665;PRJEB43510;PRJEB43745;PRJEB97989;PRJNA533106			no_sra_center
GCA_975465555.1	Dicranum scottianum	2025-10-26	SAMEA111383058	WELLCOME SANGER INSTITUTE	EBI	PRJEB40665;PRJEB43510;PRJEB43745;PRJEB94736;PRJEB96415;PRJNA533106			no_sra_center
GCA_974117265.1	Dicranum tauricum	2025-10-26	SAMEA14392164	WELLCOME SANGER INSTITUTE	EBI	PRJEB40665;PRJEB43510;PRJEB43745;PRJEB94734;PRJEB96416;PRJNA533106			no_sra_center
GCA_948252095.1	Dicycla oo	2023-01-18	SAMEA111458042	WELLCOME SANGER INSTITUTE	EBI	PRJEB40665;PRJEB43510;PRJEB43745;PRJEB58346;PRJEB58968;PRJEB71705;PRJNA533106			no_sra_center
GCA_949802685.1	Dicyrtomina minuta	2023-04-12	SAMEA7701574	WELLCOME SANGER INSTITUTE	EBI	PRJEB40665;PRJEB43510;PRJEB43745;PRJEB58248;PRJEB61238;PRJNA533106			no_sra_center
GCA_982319255.1	Dicyrtomina saundersi	2026-03-22	SAMEA115163260	WELLCOME SANGER INSTITUTE	EBI	PRJEB110208;PRJEB40665;PRJEB43510;PRJEB43745;PRJEB97602;PRJNA533106			no_sra_center
GCA_975145935.1	Didymodon rigidulus	2025-10-13	SAMEA112690750	WELLCOME SANGER INSTITUTE	EBI	PRJEB40665;PRJEB43510;PRJEB43745;PRJEB94710;PRJEB96803;PRJNA533106			no_sra_center
GCA_964212565.1	Digitaria sanguinalis	2024-08-04	SAMEA10369515	WELLCOME SANGER INSTITUTE	EBI	PRJEB40665;PRJEB43510;PRJEB43745;PRJEB77511;PRJEB78628;PRJNA533106			no_sra_center
GCA_965363005.2	Digitivalva pulicariae	2026-01-29	SAMEA115574530	WELLCOME SANGER INSTITUTE	EBI	PRJEB40665;PRJEB43510;PRJEB43745;PRJEB71705;PRJEB88862;PRJEB90221;PRJNA533106			no_sra_center
GCA_947459985.1	Diloba caeruleocephala	2022-12-06	SAMEA110451510	WELLCOME SANGER INSTITUTE	EBI	PRJEB40665;PRJEB43510;PRJEB43745;PRJEB57680;PRJEB57902;PRJEB71705;PRJNA533106			no_sra_center
GCA_958336335.1	Dilophus febrilis	2023-07-14	SAMEA7746643	WELLCOME SANGER INSTITUTE	EBI	PRJEB40665;PRJEB43510;PRJEB43745;PRJEB59378;PRJEB64321;PRJNA533106			no_sra_center
GCA_977927335.1	Dilophus femoratus	2026-02-01	SAMEA114645005	WELLCOME SANGER INSTITUTE	EBI	PRJEB105149;PRJEB40665;PRJEB43510;PRJEB43745;PRJEB97822;PRJNA533106			no_sra_center
GCA_977014425.1	Dilutineuron fasciculare	2025-11-08	SAMEA112690077	WELLCOME SANGER INSTITUTE	EBI	PRJEB101460;PRJEB40665;PRJEB43510;PRJEB43745;PRJEB94720;PRJNA533106			no_sra_center
GCA_963920625.1	Dinocampus coccinellae	2023-12-24	SAMEA112221962	WELLCOME SANGER INSTITUTE	EBI	PRJEB40665;PRJEB43510;PRJEB43745;PRJEB70757;PRJEB71524;PRJNA533106			no_sra_center
GCA_965637155.1	Dinocras cephalotes	2025-07-09	SAMEA7521175	WELLCOME SANGER INSTITUTE	EBI	PRJEB40665;PRJEB43510;PRJEB43745;PRJEB88768;PRJEB91528;PRJNA533106			no_sra_center
GCA_965653115.1	Dioctria baumhaueri	2025-08-01	SAMEA112964113	WELLCOME SANGER INSTITUTE	EBI	PRJEB40665;PRJEB43510;PRJEB43745;PRJEB79439;PRJEB94559;PRJNA533106			no_sra_center
GCA_965653125.1	Dioctria baumhaueri	2025-08-01	SAMEA112964113	WELLCOME SANGER INSTITUTE	EBI	PRJEB40665;PRJEB43510;PRJEB43745;PRJEB79439;PRJEB94558;PRJNA533106			no_sra_center
GCA_963930735.1	Dioctria linearis	2024-01-31	SAMEA112232525	WELLCOME SANGER INSTITUTE	EBI	PRJEB40665;PRJEB43510;PRJEB43745;PRJEB64104;PRJEB72174;PRJNA533106			no_sra_center
GCA_963924295.1	Dioctria rufipes	2024-01-22	SAMEA7520648	WELLCOME SANGER INSTITUTE	EBI	PRJEB40665;PRJEB43510;PRJEB43745;PRJEB70941;PRJEB71986;PRJNA533106			no_sra_center
GCA_963693315.1	Diogma glabrata	2023-12-11	SAMEA112232520	WELLCOME SANGER INSTITUTE	EBI	PRJEB40665;PRJEB43510;PRJEB43745;PRJEB64102;PRJEB70789;PRJNA533106			no_sra_center
GCA_977930225.1	Dioryctria abietella	2026-01-21	SAMEA117573935	WELLCOME SANGER INSTITUTE	EBI	PRJEB104556;PRJEB105262;PRJEB40665;PRJEB43510;PRJEB43745;PRJEB71705;PRJNA533106			no_sra_center
GCA_988143885.1	Dioryctria simplicella	2026-09-03	SAMEA120504070	WELLCOME SANGER INSTITUTE	EBI	PRJEB118549;PRJEB124131;PRJEB40665;PRJEB43510;PRJEB43745;PRJEB71705;PRJNA533106			no_sra_center
GCA_965230465.1	Diphasiastrum alpinum	2025-03-28	SAMEA10241382	WELLCOME SANGER INSTITUTE	EBI	PRJEB40665;PRJEB43510;PRJEB43745;PRJEB77448;PRJEB87582;PRJNA533106			no_sra_center
GCA_963662125.1	Diplazon laetatorius	2023-12-10	SAMEA14448324	WELLCOME SANGER INSTITUTE	EBI	PRJEB40665;PRJEB43510;PRJEB43745;PRJEB60631;PRJEB68347;PRJNA533106			no_sra_center
GCA_976916555.1	Diplecogaster bimaculata	2025-10-26	SAMEA115106925	WELLCOME SANGER INSTITUTE	EBI	PRJEB40665;PRJEB43510;PRJEB43745;PRJEB78921;PRJEB97445;PRJNA489243;PRJNA533106			no_sra_center
GCA_976919225.1	Diplecogaster bimaculata	2025-10-26	SAMEA115106925	WELLCOME SANGER INSTITUTE	EBI	PRJEB40665;PRJEB43510;PRJEB43745;PRJEB78921;PRJEB97446;PRJNA489243;PRJNA533106			no_sra_center
GCA_975146085.1	Diplocoelus fagi	2025-10-26	SAMEA114644560	WELLCOME SANGER INSTITUTE	EBI	PRJEB40665;PRJEB43510;PRJEB43745;PRJEB80657;PRJEB96811;PRJNA533106			no_sra_center
GCA_965643625.1	Diplosoma listerianum	2025-07-19	SAMEA112765689	WELLCOME SANGER INSTITUTE	EBI	PRJEB40665;PRJEB43510;PRJEB43745;PRJEB74675;PRJEB93947;PRJNA533106			no_sra_center
GCA_982093745.1	Diplosoma spongiforme	2026-03-08	SAMEA110449815	WELLCOME SANGER INSTITUTE	EBI	PRJEB108967;PRJEB40665;PRJEB43510;PRJEB43745;PRJEB97280;PRJNA533106			no_sra_center
GCA_977013065.1	Dipsacus fullonum	2025-11-08	SAMEA110450216	WELLCOME SANGER INSTITUTE	EBI	PRJEB101221;PRJEB40665;PRJEB43510;PRJEB43745;PRJEB98326;PRJNA533106			no_sra_center
GCA_983203605.1	Dipturus intermedius	2026-06-15	SAMEA118932450	WELLCOME SANGER INSTITUTE	EBI	PRJEB109163;PRJEB112603;PRJEB40665;PRJEB43510;PRJEB43745;PRJNA489243;PRJNA533106			no_sra_center
GCA_983203515.1	Dipturus intermedius	2026-06-15	SAMEA118932450	WELLCOME SANGER INSTITUTE	EBI	PRJEB109163;PRJEB112602;PRJEB40665;PRJEB43510;PRJEB43745;PRJNA489243;PRJNA533106			no_sra_center
GCA_975146355.1	Distichium capillaceum	2025-10-26	SAMEA10904401	WELLCOME SANGER INSTITUTE	EBI	PRJEB40665;PRJEB43510;PRJEB43745;PRJEB94718;PRJEB96804;PRJNA533106			no_sra_center
GCA_984653095.1	Ditrichum cornubicum	2026-06-22	SAMEA117801551	WELLCOME SANGER INSTITUTE	EBI	PRJEB110268;PRJEB114271;PRJEB40665;PRJEB43510;PRJEB43745;PRJNA533106			no_sra_center
GCA_963691745.1	Ditula angustiorana	2023-12-09	SAMEA7701319	WELLCOME SANGER INSTITUTE	EBI	PRJEB40665;PRJEB43510;PRJEB43745;PRJEB66768;PRJEB70573;PRJEB71705;PRJNA533106			no_sra_center
GCA_964059355.1	Diurnea fagella	2024-06-05	SAMEA112222195	WELLCOME SANGER INSTITUTE	EBI	PRJEB40665;PRJEB43510;PRJEB43745;PRJEB71705;PRJEB75054;PRJEB76074;PRJNA533106			no_sra_center
GCA_964258865.1	Diurnea lipsiella	2024-09-01	SAMEA114644429	WELLCOME SANGER INSTITUTE	EBI	PRJEB40665;PRJEB43510;PRJEB43745;PRJEB71705;PRJEB78790;PRJEB79463;PRJNA533106			no_sra_center
GCA_982345085.2	Dixa nubilipennis	2026-09-11	SAMEA115792972	WELLCOME SANGER INSTITUTE	EBI	PRJEB102877;PRJEB110452;PRJEB40665;PRJEB43510;PRJEB43745;PRJNA533106			no_sra_center
GCA_984589175.1	Dolerus asper	2026-06-21	SAMEA114644515	WELLCOME SANGER INSTITUTE	EBI	PRJEB109215;PRJEB114220;PRJEB40665;PRJEB43510;PRJEB43745;PRJNA533106			no_sra_center
GCA_984806795.1	Dolerus haematodes	2026-06-26	SAMEA114805841	WELLCOME SANGER INSTITUTE	EBI	PRJEB110228;PRJEB114502;PRJEB40665;PRJEB43510;PRJEB43745;PRJNA533106			no_sra_center
GCA_984806765.1	Dolerus haematodes	2026-06-26	SAMEA114805841	WELLCOME SANGER INSTITUTE	EBI	PRJEB110228;PRJEB114501;PRJEB40665;PRJEB43510;PRJEB43745;PRJNA533106			no_sra_center
GCA_986267865.1	Dolerus madidus	2026-07-04	SAMEA114805888	WELLCOME SANGER INSTITUTE	EBI	PRJEB109217;PRJEB115495;PRJEB40665;PRJEB43510;PRJEB43745;PRJNA533106			no_sra_center
GCA_982560505.1	Dolerus nigratus	2026-04-27	SAMEA114644751	WELLCOME SANGER INSTITUTE	EBI	PRJEB109219;PRJEB111835;PRJEB40665;PRJEB43510;PRJEB43745;PRJNA533106			no_sra_center
GCA_982500815.1	Dolerus triplicatus	2026-04-17	SAMEA115574682	WELLCOME SANGER INSTITUTE	EBI	PRJEB110232;PRJEB111562;PRJEB40665;PRJEB43510;PRJEB43745;PRJNA533106			no_sra_center
GCA_982500845.1	Dolerus triplicatus	2026-04-17	SAMEA115574682	WELLCOME SANGER INSTITUTE	EBI	PRJEB110232;PRJEB111561;PRJEB40665;PRJEB43510;PRJEB43745;PRJNA533106			no_sra_center
GCA_964273575.1	Dolichomitus mesocentrus	2024-10-04	SAMEA112232586	WELLCOME SANGER INSTITUTE	EBI	PRJEB40665;PRJEB43510;PRJEB43745;PRJEB66057;PRJEB80756;PRJNA533106			no_sra_center
GCA_963082915.1	Dolichopus griseipennis	2023-08-09	SAMEA7521634	WELLCOME SANGER INSTITUTE	EBI	PRJEB40665;PRJEB43510;PRJEB43745;PRJEB60317;PRJEB64821;PRJNA533106			no_sra_center
GCA_982319375.1	Dolichopus picipes	2026-03-22	SAMEA114644990	WELLCOME SANGER INSTITUTE	EBI	PRJEB110298;PRJEB40665;PRJEB43510;PRJEB43745;PRJEB80959;PRJNA533106			no_sra_center
GCA_965140195.1	Dolichopus virgultorum	2025-02-13	SAMEA112232509	WELLCOME SANGER INSTITUTE	EBI	PRJEB40665;PRJEB43510;PRJEB43745;PRJEB79603;PRJEB85710;PRJNA533106			no_sra_center
GCA_911387685.1	Dolichovespula media	2021-07-22	SAMEA7520488	WELLCOME SANGER INSTITUTE	EBI	PRJEB40665;PRJEB43510;PRJEB43745;PRJEB45201;PRJEB46435;PRJNA533106			no_sra_center
GCA_911387935.1	Dolichovespula saxonica	2021-07-21	SAMEA7520489	WELLCOME SANGER INSTITUTE	EBI	PRJEB40665;PRJEB43510;PRJEB43745;PRJEB45173;PRJEB46444;PRJNA533106			no_sra_center
GCA_918808275.2	Dolichovespula sylvestris	2022-01-09	SAMEA7746475	WELLCOME SANGER INSTITUTE	EBI	PRJEB40665;PRJEB43510;PRJEB43745;PRJEB46852;PRJEB48682;PRJNA533106			no_sra_center
GCA_977930485.1	Donacaula forficella	2026-01-27	SAMEA116117172	WELLCOME SANGER INSTITUTE	EBI	PRJEB105265;PRJEB40665;PRJEB43510;PRJEB43745;PRJEB71705;PRJEB96994;PRJNA533106			no_sra_center
GCA_977018515.1	Donacaula mucronella	2025-11-08	SAMEA116117313	WELLCOME SANGER INSTITUTE	EBI	PRJEB102035;PRJEB40665;PRJEB43510;PRJEB43745;PRJEB71705;PRJEB96976;PRJNA533106			no_sra_center
GCA_977018485.1	Donacaula mucronella	2025-11-08	SAMEA116117313	WELLCOME SANGER INSTITUTE	EBI	PRJEB102036;PRJEB40665;PRJEB43510;PRJEB43745;PRJEB71705;PRJEB96976;PRJNA533106			no_sra_center
GCA_982382505.1	Doratura stylata	2026-04-06	SAMEA115574550	WELLCOME SANGER INSTITUTE	EBI	PRJEB108369;PRJEB111111;PRJEB40665;PRJEB43510;PRJEB43745;PRJNA533106			no_sra_center
GCA_958336345.1	Dorcus parallelipipedus	2023-07-14	SAMEA7701270	WELLCOME SANGER INSTITUTE	EBI	PRJEB40665;PRJEB43510;PRJEB43745;PRJEB59788;PRJEB64318;PRJNA533106			no_sra_center
GCA_975526185.1	Douinia ovata	2025-10-13	SAMEA13831588	WELLCOME SANGER INSTITUTE	EBI	PRJEB40665;PRJEB43510;PRJEB43745;PRJEB95079;PRJEB96425;PRJNA533106			no_sra_center
GCA_963576765.1	Draba incana	2023-11-03	SAMEA111431329	WELLCOME SANGER INSTITUTE	EBI	PRJEB40665;PRJEB43510;PRJEB43745;PRJEB65227;PRJEB68116;PRJNA533106			no_sra_center
GCA_964234985.1	Draba verna	2024-08-31	SAMEA114215340	WELLCOME SANGER INSTITUTE	EBI	PRJEB40665;PRJEB43510;PRJEB43745;PRJEB77632;PRJEB79093;PRJNA533106			no_sra_center
GCA_984660365.1	Drassodes cupreus	2026-07-10	SAMEA118560096	WELLCOME SANGER INSTITUTE	EBI	PRJEB112944;PRJEB114323;PRJEB40665;PRJEB43510;PRJEB43745;PRJNA533106			no_sra_center
GCA_984660065.1	Drassodes cupreus	2026-07-10	SAMEA118560096	WELLCOME SANGER INSTITUTE	EBI	PRJEB112944;PRJEB114322;PRJEB40665;PRJEB43510;PRJEB43745;PRJNA533106			no_sra_center
GCA_984589295.1	Dreissena polymorpha	2026-06-22	SAMEA7520945	WELLCOME SANGER INSTITUTE	EBI	PRJEB114226;PRJEB40665;PRJEB43510;PRJEB43745;PRJEB89144;PRJNA533106			no_sra_center
GCA_945859725.1	Drepana falcataria	2022-07-22	SAMEA10979061	WELLCOME SANGER INSTITUTE	EBI	PRJEB40665;PRJEB43510;PRJEB43745;PRJEB54059;PRJEB54849;PRJEB71705;PRJNA533106			no_sra_center
GCA_948098885.1	Drepanosiphum platanoidis	2023-01-09	SAMEA10978756	WELLCOME SANGER INSTITUTE	EBI	PRJEB40665;PRJEB43510;PRJEB43745;PRJEB58087;PRJEB58768;PRJNA533106			no_sra_center
GCA_973896625.1	Drilus flavescens	2025-10-26	SAMEA112222340	WELLCOME SANGER INSTITUTE	EBI	PRJEB40665;PRJEB43510;PRJEB43745;PRJEB77444;PRJEB96437;PRJNA533106			no_sra_center
GCA_973896695.1	Drilus flavescens	2025-10-26	SAMEA112222340	WELLCOME SANGER INSTITUTE	EBI	PRJEB40665;PRJEB43510;PRJEB43745;PRJEB77444;PRJEB96436;PRJNA533106			no_sra_center
GCA_963989225.1	Dromius quadrimaculatus	2024-03-11	SAMEA7520206	WELLCOME SANGER INSTITUTE	EBI	PRJEB40665;PRJEB43510;PRJEB43745;PRJEB65203;PRJEB73740;PRJNA533106			no_sra_center
GCA_958295475.1	Drosophila funebris	2023-07-06	SAMEA12110453	WELLCOME SANGER INSTITUTE	EBI	PRJEB40665;PRJEB43510;PRJEB43745;PRJEB57268;PRJEB63667;PRJNA533106			no_sra_center
GCA_963969585.1	Drosophila helvetica	2024-02-27	SAMEA12110609	WELLCOME SANGER INSTITUTE	EBI	PRJEB40665;PRJEB43510;PRJEB43745;PRJEB57109;PRJEB73295;PRJNA533106			no_sra_center
GCA_958299025.2	Drosophila histrio	2023-09-11	SAMEA12110565	WELLCOME SANGER INSTITUTE	EBI	PRJEB40665;PRJEB43510;PRJEB43745;PRJEB57264;PRJEB64030;PRJNA533106			no_sra_center
GCA_978041835.1	Drosophila immigrans	2026-02-01	SAMEA7523545	WELLCOME SANGER INSTITUTE	EBI	PRJEB106865;PRJEB40665;PRJEB43510;PRJEB43745;PRJEB77576;PRJNA533106			no_sra_center
GCA_963583835.1	Drosophila immigrans	2023-11-05	SAMEA7523538	WELLCOME SANGER INSTITUTE	EBI	PRJEB40665;PRJEB43510;PRJEB43745;PRJEB68150;PRJEB77576;PRJNA533106			no_sra_center
GCA_963584065.1	Drosophila immigrans	2023-11-05	SAMEA7523539	WELLCOME SANGER INSTITUTE	EBI	PRJEB40665;PRJEB43510;PRJEB43745;PRJEB68175;PRJEB77576;PRJNA533106			no_sra_center
GCA_963924055.1	Drosophila limbata	2024-01-19	SAMEA12110471	WELLCOME SANGER INSTITUTE	EBI	PRJEB40665;PRJEB43510;PRJEB43745;PRJEB68012;PRJEB71907;PRJNA533106			no_sra_center
GCA_963583975.1	Drosophila obscura	2023-11-05	SAMEA7523669	WELLCOME SANGER INSTITUTE	EBI	PRJEB40665;PRJEB43510;PRJEB43745;PRJEB64742;PRJEB68181;PRJNA533106			no_sra_center
GCA_963584055.1	Drosophila obscura	2023-11-05	SAMEA7523670	WELLCOME SANGER INSTITUTE	EBI	PRJEB40665;PRJEB43510;PRJEB43745;PRJEB64742;PRJEB68179;PRJNA533106			no_sra_center
GCA_964023925.1	Drosophila obscura	2024-04-12	SAMEA7523726	WELLCOME SANGER INSTITUTE	EBI	PRJEB40665;PRJEB43510;PRJEB43745;PRJEB64742;PRJEB74732;PRJNA533106			no_sra_center
GCA_951394115.2	Drosophila phalerata	2023-09-11	SAMEA12110457	WELLCOME SANGER INSTITUTE	EBI	PRJEB40665;PRJEB43510;PRJEB43745;PRJEB57266;PRJEB62015;PRJNA533106			no_sra_center
GCA_963583985.1	Drosophila subobscura	2023-11-05	SAMEA7523521	WELLCOME SANGER INSTITUTE	EBI	PRJEB40665;PRJEB43510;PRJEB43745;PRJEB68174;PRJEB98340;PRJNA533106			no_sra_center
GCA_963584095.1	Drosophila subobscura	2023-11-05	SAMEA7523522	WELLCOME SANGER INSTITUTE	EBI	PRJEB40665;PRJEB43510;PRJEB43745;PRJEB68183;PRJEB98340;PRJNA533106			no_sra_center
GCA_978045335.1	Drosophila subobscura	2026-02-24	SAMEA7523527	WELLCOME SANGER INSTITUTE	EBI	PRJEB106975;PRJEB40665;PRJEB43510;PRJEB43745;PRJEB98340;PRJNA533106			no_sra_center
GCA_986694505.1	Drosophila suzukii	2026-08-21	SAMEA112775045	WELLCOME SANGER INSTITUTE	EBI	PRJEB120818;PRJEB40665;PRJEB43510;PRJEB43745;PRJEB74966;PRJNA533106			no_sra_center
GCA_965644065.1	Drusilla canaliculata	2025-07-27	SAMEA112232657	WELLCOME SANGER INSTITUTE	EBI	PRJEB40665;PRJEB43510;PRJEB43745;PRJEB74976;PRJEB94098;PRJNA533106			no_sra_center
GCA_963921425.1	Dryas octopetala	2024-01-10	SAMEA9335141	WELLCOME SANGER INSTITUTE	EBI	PRJEB125134;PRJEB40665;PRJEB43510;PRJEB43745;PRJEB70984;PRJEB71728;PRJEB80366;PRJNA533106			no_sra_center
GCA_965178025.1	Drymonia dodonaea	2025-03-03	SAMEA114644434	WELLCOME SANGER INSTITUTE	EBI	PRJEB40665;PRJEB43510;PRJEB43745;PRJEB71705;PRJEB85001;PRJEB86230;PRJNA533106			no_sra_center
GCA_947859195.1	Drymonia ruficornis	2023-01-09	SAMEA110451594	WELLCOME SANGER INSTITUTE	EBI	PRJEB40665;PRJEB43510;PRJEB43745;PRJEB57276;PRJEB58742;PRJEB71705;PRJNA533106			no_sra_center
GCA_984577405.1	Drymus sylvaticus	2026-06-17	SAMEA114644870	WELLCOME SANGER INSTITUTE	EBI	PRJEB108371;PRJEB113658;PRJEB40665;PRJEB43510;PRJEB43745;PRJNA533106			no_sra_center
GCA_947523025.1	Dryobota labecula	2022-12-07	SAMEA110451497	WELLCOME SANGER INSTITUTE	EBI	PRJEB40665;PRJEB43510;PRJEB43745;PRJEB57678;PRJEB58008;PRJEB71705;PRJNA533106			no_sra_center
GCA_917490735.1	Dryobotodes eremita	2021-10-15	SAMEA8603190	WELLCOME SANGER INSTITUTE	EBI	PRJEB40665;PRJEB43510;PRJEB43745;PRJEB46319;PRJEB48057;PRJEB71705;PRJNA533106			no_sra_center
GCA_984577645.1	Dryobotodes tenebrosa	2026-06-17	SAMEA118257150	WELLCOME SANGER INSTITUTE	EBI	PRJEB112671;PRJEB113666;PRJEB40665;PRJEB43510;PRJEB43745;PRJEB71705;PRJNA533106			no_sra_center
GCA_951804985.1	Dryomyza anilis	2023-06-02	SAMEA110049601	WELLCOME SANGER INSTITUTE	EBI	PRJEB40665;PRJEB43510;PRJEB43745;PRJEB60311;PRJEB62770;PRJNA533106			no_sra_center
GCA_914767535.2	Dunaliella primolecta	2023-07-14	SAMEA8100039	WELLCOME SANGER INSTITUTE	EBI	PRJEB40665;PRJEB43510;PRJEB43745;PRJEB46323;PRJEB47344;PRJNA533106			no_sra_center
GCA_981950845.1	Dypterygia scabriuscula	2026-03-08	SAMEA116117124	WELLCOME SANGER INSTITUTE	EBI	PRJEB106011;PRJEB108925;PRJEB40665;PRJEB43510;PRJEB43745;PRJEB71705;PRJNA533106			no_sra_center
GCA_949715965.1	Dysmachus trigonus	2023-04-03	SAMEA11025082	WELLCOME SANGER INSTITUTE	EBI	PRJEB40665;PRJEB43510;PRJEB43745;PRJEB56561;PRJEB60759;PRJNA533106			no_sra_center
GCA_963669185.1	Dyspetes luteomarginatus	2023-12-06	SAMEA111458565	WELLCOME SANGER INSTITUTE	EBI	PRJEB40665;PRJEB43510;PRJEB43745;PRJEB61489;PRJEB69228;PRJNA533106			no_sra_center
GCA_984589405.1	Dytaster grandis	2026-06-22	SAMEA112858158	WELLCOME SANGER INSTITUTE	EBI	PRJEB112718;PRJEB114175;PRJEB40665;PRJEB43510;PRJEB43745;PRJNA533106			no_sra_center
GCA_984589345.1	Dytaster grandis	2026-06-22	SAMEA112858158	WELLCOME SANGER INSTITUTE	EBI	PRJEB112718;PRJEB114176;PRJEB40665;PRJEB43510;PRJEB43745;PRJNA533106			no_sra_center
GCA_988332125.1	Eana argentana	2026-10-05	SAMEA117574969	WELLCOME SANGER INSTITUTE	EBI	PRJEB121400;PRJEB127867;PRJEB40665;PRJEB43510;PRJEB43745;PRJEB71705;PRJNA533106			no_sra_center
GCA_988331635.1	Eana argentana	2026-10-05	SAMEA117574969	WELLCOME SANGER INSTITUTE	EBI	PRJEB121400;PRJEB127868;PRJEB40665;PRJEB43510;PRJEB43745;PRJEB71705;PRJNA533106			no_sra_center
GCA_964662145.1	Eana incanana	2025-01-02	SAMEA115575021	WELLCOME SANGER INSTITUTE	European Bioinformatics Institute	PRJEB40665;PRJEB43510;PRJEB43745;PRJEB71705;PRJEB82141;PRJEB83780;PRJNA533106			no_sra_center
GCA_964341335.1	Earias clorana	2024-11-27	SAMEA112963218	WELLCOME SANGER INSTITUTE	EBI	PRJEB40665;PRJEB43510;PRJEB43745;PRJEB71705;PRJEB74982;PRJEB82809;PRJNA533106			no_sra_center
GCA_964276565.1	Earophila badiata	2024-10-28	SAMEA114426663	WELLCOME SANGER INSTITUTE	EBI	PRJEB40665;PRJEB43510;PRJEB43745;PRJEB71705;PRJEB79449;PRJEB81259;PRJNA533106			no_sra_center
GCA_949318235.1	Ecdyonurus torrentis	2023-04-08	SAMEA7520824	WELLCOME SANGER INSTITUTE	EBI	PRJEB40665;PRJEB43510;PRJEB43745;PRJEB57424;PRJEB60220;PRJNA533106			no_sra_center
GCA_963691815.1	Echiichthys vipera	2023-12-07	SAMEA112765695	WELLCOME SANGER INSTITUTE	EBI	PRJEB40665;PRJEB43510;PRJEB43745;PRJEB69498;PRJEB70560;PRJNA489243;PRJNA533106			no_sra_center
GCA_965644145.1	Echinocardium cordatum	2025-07-27	SAMEA110449674	WELLCOME SANGER INSTITUTE	EBI	PRJEB40665;PRJEB43510;PRJEB43745;PRJEB83475;PRJEB94095;PRJNA533106			no_sra_center
GCA_976925275.1	Echinus esculentus	2025-10-26	SAMEA7522988	WELLCOME SANGER INSTITUTE	EBI	PRJEB40665;PRJEB43510;PRJEB43745;PRJEB76337;PRJEB97231;PRJNA533106			no_sra_center
GCA_932527185.1	Ecliptopera silaceata	2022-03-23	SAMEA7701534	WELLCOME SANGER INSTITUTE	EBI	PRJEB40665;PRJEB43510;PRJEB43745;PRJEB50733;PRJEB51395;PRJEB71705;PRJNA533106			no_sra_center
GCA_964023945.1	Ectemnius cavifrons	2024-04-12	SAMEA10978752	WELLCOME SANGER INSTITUTE	EBI	PRJEB40665;PRJEB43510;PRJEB43745;PRJEB66041;PRJEB74731;PRJNA533106			no_sra_center
GCA_910591665.1	Ectemnius continuus	2021-07-07	SAMEA7520490	WELLCOME SANGER INSTITUTE	EBI	PRJEB40665;PRJEB43510;PRJEB43745;PRJEB45183;PRJEB45456;PRJNA533106			no_sra_center
GCA_910593735.2	Ectemnius lituratus	2022-02-09	SAMEA7520491	WELLCOME SANGER INSTITUTE	EBI	PRJEB40665;PRJEB43510;PRJEB43745;PRJEB45182;PRJEB45835;PRJNA533106			no_sra_center
GCA_964059185.1	Ectobius pallidus	2024-06-05	SAMEA111458022	WELLCOME SANGER INSTITUTE	EBI	PRJEB40665;PRJEB43510;PRJEB43745;PRJEB73637;PRJEB75920;PRJNA533106			no_sra_center
GCA_988242185.1	Ectoedemia albifasciella	2026-09-11	SAMEA117575380	WELLCOME SANGER INSTITUTE	EBI	PRJEB118575;PRJEB125756;PRJEB40665;PRJEB43510;PRJEB43745;PRJEB71705;PRJNA533106			no_sra_center
GCA_964235475.1	Ectoedemia decentella	2024-08-31	SAMEA7520680	WELLCOME SANGER INSTITUTE	EBI	PRJEB40665;PRJEB43510;PRJEB43745;PRJEB71705;PRJEB74970;PRJEB79065;PRJNA533106			no_sra_center
GCA_978473255.1	Ectopleura larynx	2026-03-01	SAMEA115106907	WELLCOME SANGER INSTITUTE	EBI	PRJEB104976;PRJEB107310;PRJEB40665;PRJEB43510;PRJEB43745;PRJNA533106			no_sra_center
GCA_963693475.1	Ectropis crepuscularia	2023-12-10	SAMEA7701526	WELLCOME SANGER INSTITUTE	EBI	PRJEB40665;PRJEB43510;PRJEB43745;PRJEB67599;PRJEB70811;PRJEB71705;PRJNA533106			no_sra_center
GCA_965112495.1	Egira conspicillaris	2025-01-22	SAMEA114644457	WELLCOME SANGER INSTITUTE	EBI	PRJEB40665;PRJEB43510;PRJEB43745;PRJEB71705;PRJEB83477;PRJEB84225;PRJNA533106			no_sra_center
GCA_949126895.1	Eilema caniola	2023-04-08	SAMEA111458562	WELLCOME SANGER INSTITUTE	EBI	PRJEB40665;PRJEB43510;PRJEB43745;PRJEB58964;PRJEB59458;PRJEB71705;PRJNA533106			no_sra_center
GCA_914767945.1	Eilema depressum	2021-09-16	SAMEA7746611	WELLCOME SANGER INSTITUTE	EBI	PRJEB40665;PRJEB43510;PRJEB43745;PRJEB46309;PRJEB47360;PRJEB71705;PRJNA533106			no_sra_center
GCA_963662185.1	Eilema griseolum	2023-12-07	SAMEA112139641	WELLCOME SANGER INSTITUTE	EBI	PRJEB40665;PRJEB43510;PRJEB43745;PRJEB65195;PRJEB68343;PRJEB71705;PRJNA533106			no_sra_center
GCA_977071765.1	Eilema lurideolum	2025-12-05	SAMEA118804104	WELLCOME SANGER INSTITUTE	EBI	PRJEB104305;PRJEB40665;PRJEB43510;PRJEB43745;PRJEB71705;PRJEB98306;PRJNA533106			no_sra_center
GCA_914829495.1	Eilema sororculum	2021-09-28	SAMEA7631555	WELLCOME SANGER INSTITUTE	EBI	PRJEB40665;PRJEB43510;PRJEB43745;PRJEB46305;PRJEB47353;PRJEB71705;PRJNA533106			no_sra_center
GCA_981118555.1	Eimeria acervulina	2026-02-25	SAMEA9142975	WELLCOME SANGER INSTITUTE	EBI	PRJEB108632;PRJEB40665;PRJEB43510;PRJEB43745;PRJEB71232;PRJNA533106			no_sra_center
GCA_977970315.1	Eimeria maxima	2025-12-20	SAMEA7524402	WELLCOME SANGER INSTITUTE	EBI	PRJEB105669;PRJEB40665;PRJEB43510;PRJEB43745;PRJEB59778;PRJNA533106			no_sra_center
GCA_963920595.1	Eimeria praecox	2023-12-23	SAMEA9399802	WELLCOME SANGER INSTITUTE	EBI	PRJEB40665;PRJEB43510;PRJEB43745;PRJEB65267;PRJEB71489;PRJNA533106			no_sra_center
GCA_905310635.1	Eimeria tenella	2021-03-06	SAMEA7524401	WELLCOME SANGER INSTITUTE	EBI	PRJEB40665;PRJEB43130;PRJEB43184;PRJEB43510;PRJEB43745;PRJNA533106			no_sra_center
GCA_977012625.1	Elachista alpinella	2025-11-07	SAMEA117574669	WELLCOME SANGER INSTITUTE	EBI	PRJEB101243;PRJEB40665;PRJEB43510;PRJEB43745;PRJEB71705;PRJEB97010;PRJNA533106			no_sra_center
GCA_984589575.1	Elachista bedellella	2026-06-22	SAMEA118768579	WELLCOME SANGER INSTITUTE	EBI	PRJEB110742;PRJEB114200;PRJEB40665;PRJEB43510;PRJEB43745;PRJEB71705;PRJNA533106			no_sra_center
GCA_982587095.1	Elachista cinereopunctella	2026-04-27	SAMEA118768457	WELLCOME SANGER INSTITUTE	EBI	PRJEB109880;PRJEB111828;PRJEB40665;PRJEB43510;PRJEB43745;PRJEB71705;PRJNA533106			no_sra_center
GCA_982586005.1	Elachista cinereopunctella	2026-04-27	SAMEA118768457	WELLCOME SANGER INSTITUTE	EBI	PRJEB109880;PRJEB111827;PRJEB40665;PRJEB43510;PRJEB43745;PRJEB71705;PRJNA533106			no_sra_center
GCA_977013205.1	Elachista maculicerusella	2025-11-07	SAMEA117575336	WELLCOME SANGER INSTITUTE	EBI	PRJEB100646;PRJEB40665;PRJEB43510;PRJEB43745;PRJEB71705;PRJEB98522;PRJNA533106			no_sra_center
GCA_986708465.1	Elachista stabilella	2026-08-22	SAMEA118768010	WELLCOME SANGER INSTITUTE	EBI	PRJEB112922;PRJEB120924;PRJEB40665;PRJEB43510;PRJEB43745;PRJEB71705;PRJNA533106			no_sra_center
GCA_982551325.1	Elasmostethus interstinctus	2026-04-25	SAMEA14448300	WELLCOME SANGER INSTITUTE	EBI	PRJEB108373;PRJEB110589;PRJEB40665;PRJEB43510;PRJEB43745;PRJNA533106			no_sra_center
GCA_947095575.1	Electrophaes corylata	2022-10-21	SAMEA10979139	WELLCOME SANGER INSTITUTE	EBI	PRJEB40665;PRJEB43510;PRJEB43745;PRJEB56050;PRJEB56845;PRJEB56854;PRJEB71705;PRJNA533106			no_sra_center
GCA_964023215.2	Eledona agricola	2025-03-28	SAMEA112232587	WELLCOME SANGER INSTITUTE	EBI	PRJEB40665;PRJEB43510;PRJEB43745;PRJEB71655;PRJEB74607;PRJNA533106			no_sra_center
GCA_964016885.1	Eledone cirrhosa	2024-03-22	SAMEA110450072	WELLCOME SANGER INSTITUTE	EBI	PRJEB40665;PRJEB43510;PRJEB43745;PRJEB70262;PRJEB74118;PRJNA533106			no_sra_center
GCA_947532085.1	Elegia similella	2022-12-07	SAMEA10978763	WELLCOME SANGER INSTITUTE	EBI	PRJEB40665;PRJEB43510;PRJEB43745;PRJEB56060;PRJEB58026;PRJEB71705;PRJNA533106			no_sra_center
GCA_986264755.1	Eleocharis palustris	2026-07-04	SAMEA111431312	WELLCOME SANGER INSTITUTE	EBI	PRJEB112622;PRJEB115347;PRJEB125134;PRJEB40665;PRJEB43510;PRJEB43745;PRJEB80366;PRJNA533106			no_sra_center
GCA_965641875.2	Eleocharis parvula	2025-11-15	SAMEA114564258	WELLCOME SANGER INSTITUTE	EBI	PRJEB40665;PRJEB43510;PRJEB43745;PRJEB81079;PRJEB92050;PRJNA533106			no_sra_center
GCA_964058905.1	Eleocharis quinqueflora	2024-06-05	SAMEA10983533	WELLCOME SANGER INSTITUTE	EBI	PRJEB125134;PRJEB40665;PRJEB43510;PRJEB43745;PRJEB66392;PRJEB75839;PRJEB80366;PRJNA533106			no_sra_center
GCA_982374665.1	Elgiva cucularia	2026-04-04	SAMEA114644707	WELLCOME SANGER INSTITUTE	EBI	PRJEB110946;PRJEB40665;PRJEB43510;PRJEB43745;PRJEB97610;PRJNA533106			no_sra_center
GCA_947652605.1	Elmis aenea	2022-12-21	SAMEA7521014	WELLCOME SANGER INSTITUTE	EBI	PRJEB40665;PRJEB43510;PRJEB43745;PRJEB57664;PRJEB58378;PRJNA533106			no_sra_center
GCA_955850985.1	Elophila nymphaeata	2023-07-14	SAMEA7701303	WELLCOME SANGER INSTITUTE	EBI	PRJEB40665;PRJEB43510;PRJEB43745;PRJEB62163;PRJEB63345;PRJEB71705;PRJNA533106			no_sra_center
GCA_988240425.1	Emberiza calandra	2026-09-10	SAMEA118680291	WELLCOME SANGER INSTITUTE	EBI	PRJEB115865;PRJEB125134;PRJEB125555;PRJEB40665;PRJEB43510;PRJEB43745;PRJEB80366;PRJNA489243;PRJNA533106			no_sra_center
GCA_987217005.1	Emberiza citrinella	2026-09-08	SAMEA117632795	WELLCOME SANGER INSTITUTE	EBI	PRJEB102896;PRJEB123181;PRJEB125134;PRJEB40665;PRJEB43510;PRJEB43745;PRJEB80366;PRJNA489243;PRJNA533106			no_sra_center
GCA_916618145.1	Emmelina monodactyla	2021-10-01	SAMEA8603203	WELLCOME SANGER INSTITUTE	EBI	PRJEB40665;PRJEB43510;PRJEB43745;PRJEB46324;PRJEB47749;PRJEB71705;PRJNA533106			no_sra_center
GCA_982345055.1	Emmesomyia grisea	2026-03-25	SAMEA113425752	WELLCOME SANGER INSTITUTE	EBI	PRJEB110453;PRJEB40665;PRJEB43510;PRJEB43745;PRJEB97612;PRJNA533106			no_sra_center
GCA_977035805.1	Empetrum nigrum	2025-11-13	SAMEA114782703	WELLCOME SANGER INSTITUTE	EBI	PRJEB102666;PRJEB125134;PRJEB40665;PRJEB43510;PRJEB43745;PRJEB80050;PRJEB80366;PRJNA533106			no_sra_center
GCA_963932195.1	Empis livida	2024-02-07	SAMEA8603147	WELLCOME SANGER INSTITUTE	EBI	PRJEB40665;PRJEB43510;PRJEB43745;PRJEB49541;PRJEB72342;PRJNA533106			no_sra_center
GCA_965283295.1	Empis opaca	2025-05-18	SAMEA114644982	WELLCOME SANGER INSTITUTE	EBI	PRJEB40665;PRJEB43510;PRJEB43745;PRJEB85030;PRJEB89565;PRJNA533106			no_sra_center
GCA_949752835.1	Empis stercorea	2023-04-04	SAMEA10166869	WELLCOME SANGER INSTITUTE	EBI	PRJEB40665;PRJEB43510;PRJEB43745;PRJEB58077;PRJEB60898;PRJNA533106			no_sra_center
GCA_976988785.1	Encalypta ciliata	2025-11-07	SAMEA13832412	WELLCOME SANGER INSTITUTE	EBI	PRJEB40665;PRJEB43510;PRJEB43745;PRJEB97993;PRJEB98797;PRJNA533106			no_sra_center
GCA_986265225.1	Encalypta streptocarpa	2026-06-28	SAMEA7688721	WELLCOME SANGER INSTITUTE	EBI	PRJEB112948;PRJEB115447;PRJEB40665;PRJEB43510;PRJEB43745;PRJNA533106			no_sra_center
GCA_986194495.1	Encephalitozoon sp. gmOTU3 Ox001895	2026-06-23	SAMEA122212996	WELLCOME SANGER INSTITUTE	EBI	PRJEB115282;PRJEB40665;PRJEB43510;PRJEB43745;PRJEB55723;PRJEB71705;PRJNA533106			no_sra_center
GCA_977071025.1	Endeis spinosa	2025-11-29	SAMEA12813538	WELLCOME SANGER INSTITUTE	EBI	PRJEB104233;PRJEB40665;PRJEB43510;PRJEB43745;PRJEB64995;PRJNA533106			no_sra_center
GCA_958510875.1	Endomychus coccineus	2023-07-18	SAMEA8534362	WELLCOME SANGER INSTITUTE	EBI	PRJEB40665;PRJEB43510;PRJEB43745;PRJEB62175;PRJEB64394;PRJNA533106			no_sra_center
GCA_982319505.1	Endothenia marginana	2026-03-22	SAMEA118280314	WELLCOME SANGER INSTITUTE	EBI	PRJEB109171;PRJEB110306;PRJEB40665;PRJEB43510;PRJEB43745;PRJEB71705;PRJNA533106			no_sra_center
GCA_982382435.1	Endothenia ustulana	2026-04-06	SAMEA118768232	WELLCOME SANGER INSTITUTE	EBI	PRJEB106037;PRJEB111114;PRJEB40665;PRJEB43510;PRJEB43745;PRJEB71705;PRJNA533106			no_sra_center
GCA_905163395.2	Endotricha flammealis	2022-02-13	SAMEA7519855	Wellcome Sanger Institute	EBI	PRJEB40665;PRJEB42005;PRJEB42124;PRJEB43510;PRJEB43745;PRJEB71705;PRJNA533106			no_sra_center
GCA_964306285.1	Endromis versicolora	2024-11-07	SAMEA114644456	WELLCOME SANGER INSTITUTE	EBI	PRJEB40665;PRJEB43510;PRJEB43745;PRJEB71705;PRJEB81590;PRJEB81958;PRJNA533106			no_sra_center
GCA_976954455.1	Endromopoda detrita	2025-10-08	SAMEA114805657	WELLCOME SANGER INSTITUTE	EBI	PRJEB40665;PRJEB43510;PRJEB43745;PRJEB97302;PRJEB98053;PRJNA533106			no_sra_center
GCA_987570705.1	Endromopoda phragmitidis	2026-09-05	SAMEA114805556	WELLCOME SANGER INSTITUTE	EBI	PRJEB113392;PRJEB123858;PRJEB40665;PRJEB43510;PRJEB43745;PRJNA533106			no_sra_center
GCA_977066375.1	Ennomos autumnarius	2025-11-28	SAMEA118260590	WELLCOME SANGER INSTITUTE	EBI	PRJEB103983;PRJEB40665;PRJEB43510;PRJEB43745;PRJEB71705;PRJEB98308;PRJNA533106			no_sra_center
GCA_963580505.1	Ennomos erosarius	2023-11-05	SAMEA7701438	WELLCOME SANGER INSTITUTE	EBI	PRJEB40665;PRJEB43510;PRJEB43745;PRJEB66772;PRJEB67935;PRJEB71705;PRJNA533106			no_sra_center
GCA_905220475.3	Ennomos fuscantarius	2022-10-25	SAMEA7520185	WELLCOME SANGER INSTITUTE	EBI	PRJEB40665;PRJEB42882;PRJEB42951;PRJEB43510;PRJEB43745;PRJEB71705;PRJNA533106			no_sra_center
GCA_910589525.2	Ennomos quercinarius	2022-10-14	SAMEA7701560	WELLCOME SANGER INSTITUTE	EBI	PRJEB40665;PRJEB43510;PRJEB43745;PRJEB45117;PRJEB45324;PRJEB71705;PRJNA533106			no_sra_center
GCA_978270025.1	Ensis siliqua	2026-03-01	SAMEA110449624	WELLCOME SANGER INSTITUTE	EBI	PRJEB107221;PRJEB40665;PRJEB43510;PRJEB43745;PRJEB94708;PRJNA533106			no_sra_center
GCA_986885585.1	Entoloma atromadidum	2026-08-28	SAMEA110449654	WELLCOME SANGER INSTITUTE	EBI	PRJEB114565;PRJEB121007;PRJEB40665;PRJEB43510;PRJEB43745;PRJNA533106			no_sra_center
GCA_963565915.2	Entoloma clypeatum	2024-07-28	SAMEA13743903	WELLCOME SANGER INSTITUTE	EBI	PRJEB40665;PRJEB43510;PRJEB43745;PRJEB60821;PRJEB67671;PRJNA533106			no_sra_center
GCA_978258905.1	Entomobrya petri	2026-02-20	SAMEA115163240	WELLCOME SANGER INSTITUTE	EBI	PRJEB101173;PRJEB107218;PRJEB40665;PRJEB43510;PRJEB43745;PRJNA533106			no_sra_center
GCA_963573315.1	Entomortierella parvispora	2023-10-29	SAMEA13759876	WELLCOME SANGER INSTITUTE	EBI	PRJEB40665;PRJEB43510;PRJEB43745;PRJEB63114;PRJEB67687;PRJNA533106			no_sra_center
GCA_964235415.1	Epermenia chaerophyllella	2024-08-31	SAMEA111457881	WELLCOME SANGER INSTITUTE	EBI	PRJEB40665;PRJEB43510;PRJEB43745;PRJEB71214;PRJEB71705;PRJEB79067;PRJNA533106			no_sra_center
GCA_965113265.1	Ephebe lanata	2025-01-24	SAMEA114750002	WELLCOME SANGER INSTITUTE	EBI	PRJEB40665;PRJEB43510;PRJEB43743;PRJEB43745;PRJEB83734;PRJEB84971;PRJNA533106			no_sra_center
GCA_977061575.1	Ephemera vulgata	2025-11-14	SAMEA112232678	WELLCOME SANGER INSTITUTE	EBI	PRJEB102772;PRJEB40665;PRJEB43510;PRJEB43745;PRJEB65390;PRJNA533106			no_sra_center
GCA_977061585.1	Ephemera vulgata	2025-11-14	SAMEA112232678	WELLCOME SANGER INSTITUTE	EBI	PRJEB102771;PRJEB40665;PRJEB43510;PRJEB43745;PRJEB65390;PRJNA533106			no_sra_center
GCA_984589555.1	Ephestia kuehniella	2026-06-21	SAMEA118540493	WELLCOME SANGER INSTITUTE	EBI	PRJEB112726;PRJEB114202;PRJEB40665;PRJEB43510;PRJEB43745;PRJEB71705;PRJNA533106			no_sra_center
GCA_977020505.1	Ephestia unicolorella	2025-11-10	SAMEA116117528	WELLCOME SANGER INSTITUTE	EBI	PRJEB102549;PRJEB40665;PRJEB43510;PRJEB43745;PRJEB71705;PRJEB96576;PRJNA533106			no_sra_center
GCA_963970395.1	Ephialtes manifestator	2024-03-04	SAMEA10979204	WELLCOME SANGER INSTITUTE	EBI	PRJEB40665;PRJEB43510;PRJEB43745;PRJEB59151;PRJEB73375;PRJNA533106			no_sra_center
GCA_964346515.1	Epiblema cirsiana	2024-11-29	SAMEA115574753	WELLCOME SANGER INSTITUTE	EBI	PRJEB40665;PRJEB43510;PRJEB43745;PRJEB71705;PRJEB82153;PRJEB82910;PRJNA533106			no_sra_center
GCA_964291015.1	Epiblema costipunctana	2024-10-28	SAMEA112964165	WELLCOME SANGER INSTITUTE	EBI	PRJEB40665;PRJEB43510;PRJEB43745;PRJEB71705;PRJEB75052;PRJEB81489;PRJNA533106			no_sra_center
GCA_963556455.1	Epiblema foenella	2023-10-17	SAMEA112232693	WELLCOME SANGER INSTITUTE	EBI	PRJEB40665;PRJEB43510;PRJEB43745;PRJEB63438;PRJEB67388;PRJEB71705;PRJNA533106			no_sra_center
GCA_932526305.1	Epicampocera succincta	2022-03-23	SAMEA7746593	WELLCOME SANGER INSTITUTE	EBI	PRJEB40665;PRJEB43510;PRJEB43745;PRJEB50854;PRJEB51388;PRJNA533106			no_sra_center
GCA_978041805.1	Epidalea calamita	2026-02-28	SAMEA118427538	WELLCOME SANGER INSTITUTE	EBI	PRJEB104960;PRJEB106859;PRJEB40665;PRJEB43510;PRJEB43745;PRJNA489243;PRJNA533106			no_sra_center
GCA_978041865.1	Epidalea calamita	2026-02-28	SAMEA118427538	WELLCOME SANGER INSTITUTE	EBI	PRJEB104960;PRJEB106860;PRJEB40665;PRJEB43510;PRJEB43745;PRJNA489243;PRJNA533106			no_sra_center
GCA_965637465.1	Epilobium ciliatum	2025-07-09	SAMEA114782695	WELLCOME SANGER INSTITUTE	EBI	PRJEB40665;PRJEB43510;PRJEB43745;PRJEB81636;PRJEB91630;PRJNA533106			no_sra_center
GCA_965153245.1	Epilobium hirsutum	2025-02-26	SAMEA11478583	WELLCOME SANGER INSTITUTE	EBI	PRJEB40665;PRJEB43510;PRJEB43745;PRJEB79884;PRJEB85954;PRJNA533106			no_sra_center
GCA_986419195.1	Epinotia abbreviana	2026-08-23	SAMEA118768241	WELLCOME SANGER INSTITUTE	EBI	PRJEB114607;PRJEB115974;PRJEB40665;PRJEB43510;PRJEB43745;PRJEB71705;PRJNA533106			no_sra_center
GCA_947049275.1	Epinotia bilunana	2022-10-09	SAMEA10979172	WELLCOME SANGER INSTITUTE	EBI	PRJEB40665;PRJEB43510;PRJEB43745;PRJEB55885;PRJEB56555;PRJEB71705;PRJNA533106			no_sra_center
GCA_963854355.1	Epinotia brunnichana	2023-12-15	SAMEA7701529	WELLCOME SANGER INSTITUTE	EBI	PRJEB40665;PRJEB43510;PRJEB43745;PRJEB66766;PRJEB70820;PRJEB71705;PRJNA533106			no_sra_center
GCA_988330735.1	Epinotia cinereana	2026-10-05	SAMEA120504869	WELLCOME SANGER INSTITUTE	EBI	PRJEB118551;PRJEB127870;PRJEB40665;PRJEB43510;PRJEB43745;PRJEB71705;PRJNA533106			no_sra_center
GCA_977071775.1	Epinotia cruciana	2025-12-05	SAMEA117574671	WELLCOME SANGER INSTITUTE	EBI	PRJEB104307;PRJEB40665;PRJEB43510;PRJEB43745;PRJEB71705;PRJEB97606;PRJNA533106			no_sra_center
GCA_945867215.1	Epinotia demarniana	2022-09-09	SAMEA10979166	WELLCOME SANGER INSTITUTE	EBI	PRJEB40665;PRJEB43510;PRJEB43745;PRJEB54049;PRJEB54911;PRJEB71705;PRJNA533106			no_sra_center
GCA_932294315.1	Epinotia nisella	2022-03-11	SAMEA8603184	WELLCOME SANGER INSTITUTE	EBI	PRJEB40665;PRJEB43510;PRJEB43745;PRJEB50738;PRJEB51285;PRJEB71705;PRJNA533106			no_sra_center
GCA_947578815.1	Epinotia ramella	2022-12-18	SAMEA7746614	WELLCOME SANGER INSTITUTE	EBI	PRJEB40665;PRJEB43510;PRJEB43745;PRJEB55602;PRJEB58281;PRJEB71705;PRJNA533106			no_sra_center
GCA_982551475.1	Epinotia subocellana	2026-04-25	SAMEA118540706	WELLCOME SANGER INSTITUTE	EBI	PRJEB109904;PRJEB110607;PRJEB40665;PRJEB43510;PRJEB43745;PRJEB71705;PRJNA533106			no_sra_center
GCA_965225655.1	Epinotia tenerana	2025-03-28	SAMEA115574503	WELLCOME SANGER INSTITUTE	EBI	PRJEB40665;PRJEB43510;PRJEB43745;PRJEB71705;PRJEB85376;PRJEB87572;PRJNA533106			no_sra_center
GCA_964204675.1	Epione repandaria	2024-07-27	SAMEA112964068	WELLCOME SANGER INSTITUTE	EBI	PRJEB40665;PRJEB43510;PRJEB43745;PRJEB71705;PRJEB74964;PRJEB78397;PRJNA533106			no_sra_center
GCA_963565295.1	Epirrhoe alternata	2023-10-24	SAMEA7701550	WELLCOME SANGER INSTITUTE	EBI	PRJEB40665;PRJEB43510;PRJEB43745;PRJEB55954;PRJEB67664;PRJEB71705;PRJNA533106			no_sra_center
GCA_965614545.1	Epirrhoe alternata	2025-07-08	SAMEA115109733	WELLCOME SANGER INSTITUTE	EBI	PRJEB40665;PRJEB43510;PRJEB43745;PRJEB55954;PRJEB71705;PRJEB90836;PRJNA533106			no_sra_center
GCA_965614555.1	Epirrhoe alternata	2025-07-08	SAMEA115109733	WELLCOME SANGER INSTITUTE	EBI	PRJEB40665;PRJEB43510;PRJEB43745;PRJEB55954;PRJEB71705;PRJEB90837;PRJNA533106			no_sra_center
GCA_988137155.1	Epirrhoe galiata	2026-09-02	SAMEA120504281	WELLCOME SANGER INSTITUTE	EBI	PRJEB114865;PRJEB124042;PRJEB40665;PRJEB43510;PRJEB43745;PRJEB71705;PRJNA533106			no_sra_center
GCA_951394285.1	Epirrhoe tristata	2023-06-15	SAMEA112198543	WELLCOME SANGER INSTITUTE	EBI	PRJEB40665;PRJEB43510;PRJEB43745;PRJEB61371;PRJEB62068;PRJEB71705;PRJNA533106			no_sra_center
GCA_951392215.1	Epirrita christyi	2023-05-13	SAMEA8603217	WELLCOME SANGER INSTITUTE	EBI	PRJEB40665;PRJEB43510;PRJEB43745;PRJEB60639;PRJEB61237;PRJEB71705;PRJNA533106			no_sra_center
GCA_951394125.1	Epistrophe eligans	2023-05-13	SAMEA7521388	WELLCOME SANGER INSTITUTE	EBI	PRJEB40665;PRJEB43510;PRJEB43745;PRJEB59159;PRJEB62007;PRJNA533106			no_sra_center
GCA_929447395.1	Epistrophe grossulariae	2022-02-09	SAMEA8603153	WELLCOME SANGER INSTITUTE	EBI	PRJEB40665;PRJEB43510;PRJEB43745;PRJEB47851;PRJEB50705;PRJNA533106			no_sra_center
GCA_947049315.1	Epistrophella euchroma	2022-10-09	SAMEA10978739	WELLCOME SANGER INSTITUTE	EBI	PRJEB40665;PRJEB43510;PRJEB43745;PRJEB54061;PRJEB56551;PRJNA533106			no_sra_center
GCA_945859705.1	Episyrphus balteatus	2022-09-13	SAMEA7520035	WELLCOME SANGER INSTITUTE	EBI	PRJEB40665;PRJEB43510;PRJEB43745;PRJEB53679;PRJEB54851;PRJNA533106			no_sra_center
GCA_988323145.1	Episyrphus balteatus	2026-10-03	SAMEA111457656	WELLCOME SANGER INSTITUTE	EBI	PRJEB127716;PRJEB40665;PRJEB43510;PRJEB43745;PRJEB53679;PRJNA533106			no_sra_center
GCA_988323185.1	Episyrphus balteatus	2026-10-03	SAMEA111457656	WELLCOME SANGER INSTITUTE	EBI	PRJEB127717;PRJEB40665;PRJEB43510;PRJEB43745;PRJEB53679;PRJNA533106			no_sra_center
GCA_988323265.1	Episyrphus balteatus	2026-10-03	SAMEA111457657	WELLCOME SANGER INSTITUTE	EBI	PRJEB127718;PRJEB40665;PRJEB43510;PRJEB43745;PRJEB53679;PRJNA533106			no_sra_center
GCA_988323275.1	Episyrphus balteatus	2026-10-03	SAMEA111457654	WELLCOME SANGER INSTITUTE	EBI	PRJEB127714;PRJEB40665;PRJEB43510;PRJEB43745;PRJEB53679;PRJNA533106			no_sra_center
GCA_988323295.1	Episyrphus balteatus	2026-10-03	SAMEA111457654	WELLCOME SANGER INSTITUTE	EBI	PRJEB127715;PRJEB40665;PRJEB43510;PRJEB43745;PRJEB53679;PRJNA533106			no_sra_center
GCA_988323595.1	Episyrphus balteatus	2026-10-03	SAMEA111457657	WELLCOME SANGER INSTITUTE	EBI	PRJEB127719;PRJEB40665;PRJEB43510;PRJEB43745;PRJEB53679;PRJNA533106			no_sra_center
GCA_977870945.1	Epitonium clathrus	2026-02-01	SAMEA13854151	WELLCOME SANGER INSTITUTE	EBI	PRJEB104904;PRJEB40665;PRJEB43510;PRJEB43745;PRJEB79415;PRJNA533106			no_sra_center
GCA_984889915.1	Equisetum palustre	2026-07-05	SAMEA7522515	WELLCOME SANGER INSTITUTE	EBI	PRJEB114698;PRJEB125134;PRJEB40665;PRJEB43510;PRJEB43745;PRJEB80366;PRJEB98538;PRJNA533106			no_sra_center
GCA_988324345.1	Equisetum sylvaticum	2026-10-04	SAMEA9335123	WELLCOME SANGER INSTITUTE	EBI	PRJEB123071;PRJEB125134;PRJEB127114;PRJEB40665;PRJEB43510;PRJEB43745;PRJEB80366;PRJNA533106			no_sra_center
GCA_905404285.2	Erannis defoliaria	2022-10-14	SAMEA7520367	WELLCOME SANGER INSTITUTE	EBI	PRJEB40665;PRJEB43510;PRJEB43745;PRJEB43796;PRJEB43988;PRJEB71705;PRJNA533106			no_sra_center
GCA_965122215.1	Eratigena atrica	2025-02-11	SAMEA9066030	WELLCOME SANGER INSTITUTE	EBI	PRJEB40665;PRJEB43510;PRJEB43745;PRJEB74157;PRJEB85590;PRJNA533106			no_sra_center
GCA_923060345.2	Erebia aethiops	2022-06-10	SAMEA7523289	WELLCOME SANGER INSTITUTE	EBI	PRJEB40665;PRJEB43510;PRJEB43745;PRJEB47324;PRJEB49394;PRJEB71705;PRJNA533106			no_sra_center
GCA_963932025.1	Erebia epiphron	2024-02-07	SAMEA8939237	WELLCOME SANGER INSTITUTE	EBI	PRJEB40665;PRJEB43510;PRJEB43745;PRJEB71705;PRJEB72109;PRJEB72292;PRJNA533106			no_sra_center
GCA_917051295.2	Erebia ligea	2022-02-09	SAMEA7523313	WELLCOME SANGER INSTITUTE	EBI	PRJEB40665;PRJEB42125;PRJEB43510;PRJEB43745;PRJEB47965;PRJEB71705;PRJNA533106			no_sra_center
GCA_949629135.1	Eremobia ochroleuca	2023-04-08	SAMEA10978936	WELLCOME SANGER INSTITUTE	EBI	PRJEB40665;PRJEB43510;PRJEB43745;PRJEB58950;PRJEB60547;PRJEB71705;PRJNA533106			no_sra_center
GCA_987200115.1	Eremocoris podagricus	2026-09-08	SAMEA114644951	WELLCOME SANGER INSTITUTE	EBI	PRJEB112978;PRJEB122916;PRJEB40665;PRJEB43510;PRJEB43745;PRJNA533106			no_sra_center
GCA_965218635.1	Eremotylus marginatus	2025-03-23	SAMEA112232623	WELLCOME SANGER INSTITUTE	EBI	PRJEB40665;PRJEB43510;PRJEB43745;PRJEB73908;PRJEB87362;PRJNA533106			no_sra_center
GCA_965212355.2	Erica ciliaris	2025-10-15	SAMEA7522405	WELLCOME SANGER INSTITUTE	EBI	PRJEB40665;PRJEB43510;PRJEB43745;PRJEB81043;PRJEB87027;PRJNA533106			no_sra_center
GCA_976954435.1	Erica cinerea	2025-10-26	SAMEA11478596	WELLCOME SANGER INSTITUTE	EBI	PRJEB40665;PRJEB43510;PRJEB43745;PRJEB96560;PRJEB98038;PRJNA533106			no_sra_center
GCA_986497635.1	Erica tetralix	2026-08-22	SAMEA112287338	WELLCOME SANGER INSTITUTE	EBI	PRJEB114571;PRJEB116804;PRJEB125134;PRJEB40665;PRJEB43510;PRJEB43745;PRJEB80366;PRJNA533106			no_sra_center
GCA_978041875.1	Eriocrania chrysolepidella	2026-02-01	SAMEA117491983	WELLCOME SANGER INSTITUTE	EBI	PRJEB100901;PRJEB106870;PRJEB40665;PRJEB43510;PRJEB43745;PRJEB71705;PRJNA533106			no_sra_center
GCA_977067495.1	Eriocrania cicatricella	2025-11-28	SAMEA117574259	WELLCOME SANGER INSTITUTE	EBI	PRJEB100919;PRJEB104140;PRJEB40665;PRJEB43510;PRJEB43745;PRJEB71705;PRJNA533106			no_sra_center
GCA_977067375.1	Eriocrania cicatricella	2025-11-28	SAMEA117574259	WELLCOME SANGER INSTITUTE	EBI	PRJEB100919;PRJEB104141;PRJEB40665;PRJEB43510;PRJEB43745;PRJEB71705;PRJNA533106			no_sra_center
GCA_988276965.1	Eriocrania salopiella	2026-09-14	SAMEA118559995	WELLCOME SANGER INSTITUTE	EBI	PRJEB124674;PRJEB126516;PRJEB40665;PRJEB43510;PRJEB43745;PRJEB71705;PRJNA533106			no_sra_center
GCA_976918355.1	Eriocrania sparrmannella	2025-10-07	SAMEA117574216	WELLCOME SANGER INSTITUTE	EBI	PRJEB40665;PRJEB43510;PRJEB43745;PRJEB71705;PRJEB96614;PRJEB97145;PRJNA533106			no_sra_center
GCA_965282555.2	Eriophorum angustifolium	2026-04-25	SAMEA114782715	WELLCOME SANGER INSTITUTE	EBI	PRJEB125134;PRJEB40665;PRJEB43510;PRJEB43745;PRJEB80366;PRJEB86029;PRJEB89488;PRJNA533106			no_sra_center
GCA_965200365.2	Eriophorum vaginatum	2025-10-26	SAMEA111431326	WELLCOME SANGER INSTITUTE	EBI	PRJEB40665;PRJEB43510;PRJEB43745;PRJEB81081;PRJEB86877;PRJNA533106			no_sra_center
GCA_965200285.2	Eriophorum vaginatum	2025-10-26	SAMEA111431326	WELLCOME SANGER INSTITUTE	EBI	PRJEB40665;PRJEB43510;PRJEB43745;PRJEB81081;PRJEB86876;PRJNA533106			no_sra_center
GCA_955652365.1	Eristalinus aeneus	2023-07-14	SAMEA112221990	WELLCOME SANGER INSTITUTE	EBI	PRJEB40665;PRJEB43510;PRJEB43745;PRJEB62161;PRJEB63370;PRJNA533106			no_sra_center
GCA_944738645.1	Eristalinus sepulchralis	2022-07-13	SAMEA7746477	WELLCOME SANGER INSTITUTE	EBI	PRJEB40665;PRJEB43510;PRJEB43745;PRJEB53503;PRJEB53869;PRJNA533106			no_sra_center
GCA_916610145.1	Eristalis arbustorum	2021-10-01	SAMEA7520036	WELLCOME SANGER INSTITUTE	EBI	PRJEB40665;PRJEB43510;PRJEB43745;PRJEB46302;PRJEB47734;PRJNA533106			no_sra_center
GCA_964034865.1	Eristalis intricaria	2024-04-27	SAMEA112198527	WELLCOME SANGER INSTITUTE	EBI	PRJEB40665;PRJEB43510;PRJEB43745;PRJEB61135;PRJEB75306;PRJNA533106			no_sra_center
GCA_907269125.1	Eristalis pertinax	2021-05-19	SAMEA7520039	WELLCOME SANGER INSTITUTE	EBI	PRJEB40665;PRJEB43510;PRJEB43745;PRJEB44948;PRJEB44981;PRJNA533106			no_sra_center
GCA_988322885.1	Eristalis tenax	2026-10-03	SAMEA111457658	WELLCOME SANGER INSTITUTE	EBI	PRJEB127720;PRJEB40665;PRJEB43032;PRJEB43510;PRJEB43745;PRJNA533106			no_sra_center
GCA_905231855.2	Eristalis tenax	2022-02-02	SAMEA7520042	WELLCOME SANGER INSTITUTE	EBI	PRJEB40665;PRJEB43008;PRJEB43032;PRJEB43510;PRJEB43745;PRJNA533106			no_sra_center
GCA_988322765.1	Eristalis tenax	2026-10-03	SAMEA111457659	WELLCOME SANGER INSTITUTE	EBI	PRJEB127723;PRJEB40665;PRJEB43032;PRJEB43510;PRJEB43745;PRJNA533106			no_sra_center
GCA_988323175.1	Eristalis tenax	2026-10-03	SAMEA111457661	WELLCOME SANGER INSTITUTE	EBI	PRJEB127724;PRJEB40665;PRJEB43032;PRJEB43510;PRJEB43745;PRJNA533106			no_sra_center
GCA_988323405.1	Eristalis tenax	2026-10-03	SAMEA111457661	WELLCOME SANGER INSTITUTE	EBI	PRJEB127725;PRJEB40665;PRJEB43032;PRJEB43510;PRJEB43745;PRJNA533106			no_sra_center
GCA_988323425.1	Eristalis tenax	2026-10-03	SAMEA111457658	WELLCOME SANGER INSTITUTE	EBI	PRJEB127721;PRJEB40665;PRJEB43032;PRJEB43510;PRJEB43745;PRJNA533106			no_sra_center
GCA_963921825.1	Erodium maritimum	2024-01-12	SAMEA111431629	WELLCOME SANGER INSTITUTE	EBI	PRJEB40665;PRJEB43510;PRJEB43745;PRJEB70974;PRJEB71800;PRJNA533106			no_sra_center
GCA_964339025.1	Erodium moschatum	2024-11-09	SAMEA9143050	WELLCOME SANGER INSTITUTE	EBI	PRJEB40665;PRJEB43510;PRJEB43745;PRJEB81848;PRJEB82336;PRJNA533106			no_sra_center
GCA_963978895.1	Erpobdella octoculata	2024-03-10	SAMEA7520983	WELLCOME SANGER INSTITUTE	EBI	PRJEB40665;PRJEB43510;PRJEB43745;PRJEB73391;PRJEB73708;PRJNA533106			no_sra_center
GCA_985198275.1	Eryngium campestre	2026-07-04	SAMEA9335608	WELLCOME SANGER INSTITUTE	EBI	PRJEB113138;PRJEB114760;PRJEB40665;PRJEB43510;PRJEB43745;PRJNA533106			no_sra_center
GCA_905147235.1	Erynnis tages	2021-01-28	SAMEA7523299	Wellcome Sanger Institute	EBI	PRJEB40665;PRJEB41912;PRJEB42126;PRJEB43510;PRJEB43745;PRJEB71705;PRJNA533106			no_sra_center
GCA_947086405.1	Esperia sulphurella	2022-10-20	SAMEA10166811	WELLCOME SANGER INSTITUTE	EBI	PRJEB40665;PRJEB43510;PRJEB43745;PRJEB55731;PRJEB56788;PRJEB71705;PRJNA533106			no_sra_center
GCA_977927455.1	Estheria cristata	2026-02-01	SAMEA112624631	WELLCOME SANGER INSTITUTE	EBI	PRJEB105150;PRJEB40665;PRJEB43510;PRJEB43745;PRJEB74986;PRJNA533106			no_sra_center
GCA_980608935.1	Ethiromyia chalybea	2026-02-28	SAMEA112964362	WELLCOME SANGER INSTITUTE	EBI	PRJEB108458;PRJEB40665;PRJEB43510;PRJEB43745;PRJEB79607;PRJNA533106			no_sra_center
GCA_963855545.1	Ethmia dodecea	2023-12-15	SAMEA10979186	WELLCOME SANGER INSTITUTE	EBI	PRJEB40665;PRJEB43510;PRJEB43745;PRJEB65727;PRJEB70834;PRJEB71705;PRJNA533106			no_sra_center
GCA_985198445.1	Ethmia quadrillella	2026-06-27	SAMEA118560081	WELLCOME SANGER INSTITUTE	EBI	PRJEB112727;PRJEB114775;PRJEB40665;PRJEB43510;PRJEB43745;PRJEB71705;PRJNA533106			no_sra_center
GCA_964638615.1	Euchoeca nebulata	2025-01-02	SAMEA115574958	WELLCOME SANGER INSTITUTE	European Bioinformatics Institute	PRJEB40665;PRJEB43510;PRJEB43745;PRJEB71705;PRJEB82189;PRJEB83298;PRJNA533106			no_sra_center
GCA_987195745.1	Eucosma lacteana	2026-09-02	SAMEA120504265	WELLCOME SANGER INSTITUTE	EBI	PRJEB118593;PRJEB122793;PRJEB40665;PRJEB43510;PRJEB43745;PRJEB71705;PRJNA533106			no_sra_center
GCA_987194735.1	Eucosma lacteana	2026-09-03	SAMEA120504265	WELLCOME SANGER INSTITUTE	EBI	PRJEB118593;PRJEB122794;PRJEB40665;PRJEB43510;PRJEB43745;PRJEB71705;PRJNA533106			no_sra_center
GCA_988323455.1	Eucosma obumbratana	2026-10-03	SAMEA120504090	WELLCOME SANGER INSTITUTE	EBI	PRJEB118557;PRJEB127742;PRJEB40665;PRJEB43510;PRJEB43745;PRJEB71705;PRJNA533106			no_sra_center
GCA_963930755.1	Eudasyphora cyanicolor	2024-01-31	SAMEA113425446	WELLCOME SANGER INSTITUTE	EBI	PRJEB40665;PRJEB43510;PRJEB43745;PRJEB67607;PRJEB72170;PRJNA533106			no_sra_center
GCA_947034925.1	Eudemis profundana	2022-10-07	SAMEA10978938	WELLCOME SANGER INSTITUTE	EBI	PRJEB40665;PRJEB43510;PRJEB43745;PRJEB56064;PRJEB56479;PRJEB71705;PRJNA533106			no_sra_center
GCA_988323725.1	Eudocimus ruber	2026-10-03	SAMEA118680485	WELLCOME SANGER INSTITUTE	EBI	PRJEB121388;PRJEB127451;PRJEB40665;PRJEB43510;PRJEB43745;PRJNA489243;PRJNA533106			no_sra_center
GCA_947562085.1	Eudonia lacustrata	2022-12-13	SAMEA7701440	WELLCOME SANGER INSTITUTE	EBI	PRJEB40665;PRJEB43510;PRJEB43745;PRJEB56735;PRJEB58170;PRJEB71705;PRJNA533106			no_sra_center
GCA_984573225.1	Eudonia lineola	2026-06-15	SAMEA118539790	WELLCOME SANGER INSTITUTE	EBI	PRJEB112728;PRJEB113560;PRJEB40665;PRJEB43510;PRJEB43745;PRJEB71705;PRJNA533106			no_sra_center
GCA_984573195.1	Eudonia lineola	2026-06-06	SAMEA118539790	WELLCOME SANGER INSTITUTE	EBI	PRJEB112728;PRJEB113561;PRJEB40665;PRJEB43510;PRJEB43745;PRJEB71705;PRJNA533106			no_sra_center
GCA_963082485.2	Eudonia mercurella	2025-01-24	SAMEA7701587	WELLCOME SANGER INSTITUTE	EBI	PRJEB40665;PRJEB43510;PRJEB43745;PRJEB62417;PRJEB64784;PRJEB71705;PRJNA533106			no_sra_center
GCA_964468325.1	Eudonia murana	2024-12-07	SAMEA115574703	WELLCOME SANGER INSTITUTE	EBI	PRJEB40665;PRJEB43510;PRJEB43745;PRJEB71705;PRJEB82145;PRJEB83119;PRJNA533106			no_sra_center
GCA_964468265.1	Eudonia murana	2024-12-07	SAMEA115574703	WELLCOME SANGER INSTITUTE	EBI	PRJEB40665;PRJEB43510;PRJEB43745;PRJEB71705;PRJEB82145;PRJEB83118;PRJNA533106			no_sra_center
GCA_964340915.1	Eudonia pallida	2024-11-21	SAMEA115163578	WELLCOME SANGER INSTITUTE	EBI	PRJEB40665;PRJEB43510;PRJEB43745;PRJEB71705;PRJEB82177;PRJEB82645;PRJNA533106			no_sra_center
GCA_964340885.1	Eudonia pallida	2024-11-21	SAMEA115163578	WELLCOME SANGER INSTITUTE	EBI	PRJEB40665;PRJEB43510;PRJEB43745;PRJEB71705;PRJEB82177;PRJEB82646;PRJNA533106			no_sra_center
GCA_949315975.1	Eudonia truncicolella	2023-03-10	SAMEA14448308	WELLCOME SANGER INSTITUTE	EBI	PRJEB40665;PRJEB43510;PRJEB43745;PRJEB59300;PRJEB60108;PRJEB71705;PRJNA533106			no_sra_center
GCA_988225195.1	Eugnorisma depuncta	2026-09-09	SAMEA120504057	WELLCOME SANGER INSTITUTE	EBI	PRJEB123063;PRJEB124736;PRJEB40665;PRJEB43510;PRJEB43745;PRJEB71705;PRJNA533106			no_sra_center
GCA_947578425.1	Eugnorisma glareosa	2022-12-18	SAMEA14448290	WELLCOME SANGER INSTITUTE	EBI	PRJEB40665;PRJEB43510;PRJEB43745;PRJEB57884;PRJEB58272;PRJEB71705;PRJNA533106			no_sra_center
GCA_965643585.1	Eulagius filicornis	2025-07-19	SAMEA10979034	WELLCOME SANGER INSTITUTE	EBI	PRJEB40665;PRJEB43510;PRJEB43745;PRJEB78955;PRJEB93940;PRJNA533106			no_sra_center
GCA_977831505.1	Eulalia xanthomucosa	2026-02-01	SAMEA112788976	WELLCOME SANGER INSTITUTE	EBI	PRJEB104851;PRJEB40665;PRJEB43510;PRJEB43745;PRJEB94726;PRJNA533106			no_sra_center
GCA_978045195.1	Eulia ministrana	2026-02-28	SAMEA117575389	WELLCOME SANGER INSTITUTE	EBI	PRJEB105963;PRJEB106923;PRJEB40665;PRJEB43510;PRJEB43745;PRJEB71705;PRJNA533106			no_sra_center
GCA_977035735.1	Eulithis populata	2025-11-13	SAMEA118260568	WELLCOME SANGER INSTITUTE	EBI	PRJEB102675;PRJEB40665;PRJEB43510;PRJEB43745;PRJEB71705;PRJEB97576;PRJNA533106			no_sra_center
GCA_918843925.1	Eulithis prunata	2021-11-16	SAMEA7701309	WELLCOME SANGER INSTITUTE	EBI	PRJEB40665;PRJEB43510;PRJEB43745;PRJEB46849;PRJEB48685;PRJEB71705;PRJNA533106			no_sra_center
GCA_947507515.1	Eulithis testata	2022-12-06	SAMEA14448148	WELLCOME SANGER INSTITUTE	EBI	PRJEB40665;PRJEB43510;PRJEB43745;PRJEB55881;PRJEB57959;PRJEB71705;PRJNA533106			no_sra_center
GCA_951905685.1	Eumerus sabulonum	2023-07-14	SAMEA11025130	WELLCOME SANGER INSTITUTE	EBI	PRJEB40665;PRJEB43510;PRJEB43745;PRJEB61131;PRJEB63163;PRJNA533106			no_sra_center
GCA_963580455.1	Euonymus europaeus	2023-11-04	SAMEA7522630	WELLCOME SANGER INSTITUTE	EBI	PRJEB40665;PRJEB43510;PRJEB43745;PRJEB64766;PRJEB67927;PRJNA533106			no_sra_center
GCA_945859685.1	Eupeodes corollae	2022-09-13	SAMEA7524255	WELLCOME SANGER INSTITUTE	EBI	PRJEB40665;PRJEB43510;PRJEB43745;PRJEB53926;PRJEB54847;PRJNA533106			no_sra_center
GCA_920104205.1	Eupeodes latifasciatus	2021-11-26	SAMEA7746776	WELLCOME SANGER INSTITUTE	EBI	PRJEB40665;PRJEB43510;PRJEB43745;PRJEB47320;PRJEB48880;PRJNA533106			no_sra_center
GCA_951509635.1	Eupeodes luniger	2023-05-15	SAMEA7520045	WELLCOME SANGER INSTITUTE	EBI	PRJEB40665;PRJEB43510;PRJEB43745;PRJEB61505;PRJEB62115;PRJNA533106			no_sra_center
GCA_986880635.1	Euphorbia amygdaloides	2026-09-01	SAMEA9143082	WELLCOME SANGER INSTITUTE	EBI	PRJEB113344;PRJEB120994;PRJEB40665;PRJEB43510;PRJEB43745;PRJNA533106			no_sra_center
GCA_988324115.1	Euphorbia helioscopia	2026-10-03	SAMEA110450997	WELLCOME SANGER INSTITUTE	EBI	PRJEB124688;PRJEB126502;PRJEB40665;PRJEB43510;PRJEB43745;PRJNA533106			no_sra_center
GCA_963576675.1	Euphorbia lathyris	2023-11-03	SAMEA7521715	WELLCOME SANGER INSTITUTE	EBI	PRJEB40665;PRJEB43510;PRJEB43745;PRJEB65676;PRJEB68120;PRJNA533106			no_sra_center
GCA_965112915.1	Euphorbia maculata	2025-01-24	SAMEA112287508	WELLCOME SANGER INSTITUTE	EBI	PRJEB40665;PRJEB43510;PRJEB43745;PRJEB79601;PRJEB84400;PRJNA533106			no_sra_center
GCA_964200815.1	Euphorbia peplus	2024-07-25	SAMEA7521821	WELLCOME SANGER INSTITUTE	EBI	PRJEB40665;PRJEB43510;PRJEB43745;PRJEB52211;PRJEB77922;PRJNA533106			no_sra_center
GCA_954870475.1	Euphrasia confusa	2023-07-15	SAMEA7515968	WELLCOME SANGER INSTITUTE	EBI	PRJEB40665;PRJEB43510;PRJEB43745;PRJEB61852;PRJEB63234;PRJNA533106			no_sra_center
GCA_982319455.1	Euphrasia nemorosa	2026-03-22	SAMEA117803633	WELLCOME SANGER INSTITUTE	EBI	PRJEB109922;PRJEB110295;PRJEB40665;PRJEB43510;PRJEB43745;PRJNA533106			no_sra_center
GCA_982319425.1	Euphrasia nemorosa	2026-03-21	SAMEA117803633	WELLCOME SANGER INSTITUTE	EBI	PRJEB109922;PRJEB110296;PRJEB40665;PRJEB43510;PRJEB43745;PRJNA533106			no_sra_center
GCA_965276645.1	Euphrasia tetraquetra	2025-05-03	SAMEA110450294	WELLCOME SANGER INSTITUTE	EBI	PRJEB40665;PRJEB43510;PRJEB43745;PRJEB79886;PRJEB89102;PRJNA533106			no_sra_center
GCA_965226145.1	Euphydryas aurinia	2025-03-28	SAMEA7523466	WELLCOME SANGER INSTITUTE	EBI	PRJEB40665;PRJEB43510;PRJEB43745;PRJEB55958;PRJEB71705;PRJEB83070;PRJNA533106			no_sra_center
GCA_975146965.1	Euphydryas aurinia	2025-10-09	SAMEA115110013	WELLCOME SANGER INSTITUTE	EBI	PRJEB40665;PRJEB43510;PRJEB43745;PRJEB55958;PRJEB71705;PRJEB96817;PRJNA533106			no_sra_center
GCA_943735965.1	Eupithecia abbreviata	2022-06-24	SAMEA10107031	WELLCOME SANGER INSTITUTE	EBI	PRJEB40665;PRJEB43510;PRJEB43745;PRJEB52575;PRJEB53309;PRJEB71705;PRJNA533106			no_sra_center
GCA_964503905.1	Eupithecia absinthiata	2025-03-05	SAMEA115163576	WELLCOME SANGER INSTITUTE	EBI	PRJEB40665;PRJEB43510;PRJEB43745;PRJEB71705;PRJEB81947;PRJEB83182;PRJNA533106			no_sra_center
GCA_964503985.1	Eupithecia absinthiata	2025-03-05	SAMEA115163576	WELLCOME SANGER INSTITUTE	EBI	PRJEB40665;PRJEB43510;PRJEB43745;PRJEB71705;PRJEB81947;PRJEB83183;PRJNA533106			no_sra_center
GCA_977035785.1	Eupithecia assimilata	2025-11-13	SAMEA117575259	WELLCOME SANGER INSTITUTE	EBI	PRJEB100923;PRJEB102676;PRJEB40665;PRJEB43510;PRJEB43745;PRJEB71705;PRJNA533106			no_sra_center
GCA_944547425.1	Eupithecia centaureata	2022-07-13	SAMEA7520186	WELLCOME SANGER INSTITUTE	EBI	PRJEB40665;PRJEB43510;PRJEB43745;PRJEB52801;PRJEB53846;PRJEB71705;PRJNA533106			no_sra_center
GCA_947044415.1	Eupithecia dodoneata	2022-10-07	SAMEA10979161	WELLCOME SANGER INSTITUTE	EBI	PRJEB40665;PRJEB43510;PRJEB43745;PRJEB55027;PRJEB56512;PRJEB71705;PRJNA533106			no_sra_center
GCA_947086465.1	Eupithecia exiguata	2022-10-20	SAMEA10979157	WELLCOME SANGER INSTITUTE	EBI	PRJEB40665;PRJEB43510;PRJEB43745;PRJEB55723;PRJEB56794;PRJEB71705;PRJNA533106			no_sra_center
GCA_964291785.1	Eupithecia haworthiata	2024-10-28	SAMEA113425676	WELLCOME SANGER INSTITUTE	EBI	PRJEB40665;PRJEB43510;PRJEB43745;PRJEB71705;PRJEB73960;PRJEB81575;PRJNA533106			no_sra_center
GCA_984573085.1	Eupithecia icterata	2026-05-31	SAMEA118768197	WELLCOME SANGER INSTITUTE	EBI	PRJEB112676;PRJEB113563;PRJEB40665;PRJEB43510;PRJEB43745;PRJEB71705;PRJNA533106			no_sra_center
GCA_947859395.1	Eupithecia insigniata	2023-01-09	SAMEA110451585	WELLCOME SANGER INSTITUTE	EBI	PRJEB40665;PRJEB43510;PRJEB43745;PRJEB57272;PRJEB58749;PRJEB71705;PRJNA533106			no_sra_center
GCA_963662085.1	Eupithecia inturbata	2023-12-06	SAMEA113425663	WELLCOME SANGER INSTITUTE	EBI	PRJEB40665;PRJEB43510;PRJEB43745;PRJEB67611;PRJEB68345;PRJEB71705;PRJNA533106			no_sra_center
GCA_986449245.1	Eupithecia lariciata	2026-08-25	SAMEA118768424	WELLCOME SANGER INSTITUTE	EBI	PRJEB114609;PRJEB116036;PRJEB40665;PRJEB43510;PRJEB43745;PRJEB71705;PRJNA533106			no_sra_center
GCA_964340575.1	Eupithecia linariata	2024-11-18	SAMEA115574401	WELLCOME SANGER INSTITUTE	EBI	PRJEB40665;PRJEB43510;PRJEB43745;PRJEB71705;PRJEB82155;PRJEB82586;PRJNA533106			no_sra_center
GCA_984589665.1	Eupithecia nanata	2026-06-22	SAMEA118767985	WELLCOME SANGER INSTITUTE	EBI	PRJEB112459;PRJEB114204;PRJEB40665;PRJEB43510;PRJEB43745;PRJEB71705;PRJNA533106			no_sra_center
GCA_964204885.1	Eupithecia phoeniceata	2024-07-27	SAMEA111458569	WELLCOME SANGER INSTITUTE	EBI	PRJEB40665;PRJEB43510;PRJEB43745;PRJEB71210;PRJEB71705;PRJEB78410;PRJNA533106			no_sra_center
GCA_986176535.1	Eupithecia pimpinellata	2026-06-27	SAMEA118768200	WELLCOME SANGER INSTITUTE	EBI	PRJEB113366;PRJEB115231;PRJEB40665;PRJEB43510;PRJEB43745;PRJEB71705;PRJNA533106			no_sra_center
GCA_963931895.1	Eupithecia pulchellata	2024-02-06	SAMEA112198538	WELLCOME SANGER INSTITUTE	EBI	PRJEB40665;PRJEB43510;PRJEB43745;PRJEB68016;PRJEB71705;PRJEB72233;PRJNA533106			no_sra_center
GCA_986269795.1	Eupithecia pusillata	2026-07-06	SAMEA118768642	WELLCOME SANGER INSTITUTE	EBI	PRJEB113368;PRJEB115646;PRJEB40665;PRJEB43510;PRJEB43745;PRJEB71705;PRJNA533106			no_sra_center
GCA_986269855.1	Eupithecia pusillata	2026-07-06	SAMEA118768642	WELLCOME SANGER INSTITUTE	EBI	PRJEB113368;PRJEB115647;PRJEB40665;PRJEB43510;PRJEB43745;PRJEB71705;PRJNA533106			no_sra_center
GCA_977971785.1	Eupithecia satyrata	2026-01-20	SAMEA117573613	WELLCOME SANGER INSTITUTE	EBI	PRJEB100925;PRJEB105731;PRJEB40665;PRJEB43510;PRJEB43745;PRJEB71705;PRJNA533106			no_sra_center
GCA_977971775.1	Eupithecia satyrata	2026-01-20	SAMEA117573613	WELLCOME SANGER INSTITUTE	EBI	PRJEB100925;PRJEB105730;PRJEB40665;PRJEB43510;PRJEB43745;PRJEB71705;PRJNA533106			no_sra_center
GCA_963564075.1	Eupithecia subfuscata	2023-10-24	SAMEA112221806	WELLCOME SANGER INSTITUTE	EBI	PRJEB40665;PRJEB43510;PRJEB43745;PRJEB66245;PRJEB67672;PRJEB71705;PRJNA533106			no_sra_center
GCA_949316285.1	Eupithecia subumbrata	2023-03-10	SAMEA10979184	WELLCOME SANGER INSTITUTE	EBI	PRJEB40665;PRJEB43510;PRJEB43745;PRJEB59792;PRJEB60130;PRJEB71705;PRJNA533106			no_sra_center
GCA_986269835.1	Eupithecia succenturiata	2026-07-05	SAMEA120504853	WELLCOME SANGER INSTITUTE	EBI	PRJEB114867;PRJEB115648;PRJEB40665;PRJEB43510;PRJEB43745;PRJEB71705;PRJNA533106			no_sra_center
GCA_955876795.1	Eupithecia tripunctaria	2023-07-15	SAMEA7701546	WELLCOME SANGER INSTITUTE	EBI	PRJEB40665;PRJEB43510;PRJEB43745;PRJEB55976;PRJEB63343;PRJEB71705;PRJNA533106			no_sra_center
GCA_986708445.1	Eupithecia ultimaria	2026-08-21	SAMEA118280422	WELLCOME SANGER INSTITUTE	EBI	PRJEB114611;PRJEB120926;PRJEB40665;PRJEB43510;PRJEB43745;PRJEB71705;PRJNA533106			no_sra_center
GCA_987114385.1	Eupithecia valerianata	2026-08-28	SAMEA120504874	WELLCOME SANGER INSTITUTE	EBI	PRJEB118577;PRJEB121442;PRJEB40665;PRJEB43510;PRJEB43745;PRJEB71705;PRJNA533106			no_sra_center
GCA_946478455.1	Eupithecia vulgata	2022-09-13	SAMEA10979141	WELLCOME SANGER INSTITUTE	EBI	PRJEB40665;PRJEB43510;PRJEB43745;PRJEB54942;PRJEB55558;PRJEB71705;PRJNA533106			no_sra_center
GCA_963859945.1	Euplagia quadripunctaria	2023-12-17	SAMEA111458330	WELLCOME SANGER INSTITUTE	EBI	PRJEB40665;PRJEB43510;PRJEB43745;PRJEB64740;PRJEB71318;PRJEB71705;PRJNA533106			no_sra_center
GCA_921972225.1	Euplexia lucipara	2021-12-17	SAMEA7701470	WELLCOME SANGER INSTITUTE	EBI	PRJEB40665;PRJEB43510;PRJEB43745;PRJEB46851;PRJEB49080;PRJEB71705;PRJNA533106			no_sra_center
GCA_985689975.1	Eupoecilia angustana	2026-07-03	SAMEA118559826	WELLCOME SANGER INSTITUTE	EBI	PRJEB113354;PRJEB115094;PRJEB40665;PRJEB43510;PRJEB43745;PRJEB71705;PRJNA533106			no_sra_center
GCA_965178235.1	Euproctis chrysorrhoea	2025-03-03	SAMEA112652194	WELLCOME SANGER INSTITUTE	EBI	PRJEB40665;PRJEB43510;PRJEB43745;PRJEB71705;PRJEB79417;PRJEB86232;PRJNA533106			no_sra_center
GCA_905147225.2	Euproctis similis	2022-02-02	SAMEA7519909	Wellcome Sanger Institute	EBI	PRJEB40665;PRJEB41916;PRJEB42127;PRJEB43510;PRJEB43745;PRJEB71705;PRJNA533106			no_sra_center
GCA_914767815.1	Eupsilia transversa	2021-09-16	SAMEA8563699	WELLCOME SANGER INSTITUTE	EBI	PRJEB40665;PRJEB43510;PRJEB43745;PRJEB46318;PRJEB47366;PRJEB71705;PRJNA533106			no_sra_center
GCA_982382465.1	Eurhadina loewii	2026-04-06	SAMEA114644961	WELLCOME SANGER INSTITUTE	EBI	PRJEB108383;PRJEB111113;PRJEB40665;PRJEB43510;PRJEB43745;PRJNA533106			no_sra_center
GCA_950022335.1	Eurois occulta	2023-05-01	SAMEA112198534	WELLCOME SANGER INSTITUTE	EBI	PRJEB40665;PRJEB43510;PRJEB43745;PRJEB60716;PRJEB61551;PRJEB71705;PRJNA533106			no_sra_center
GCA_987272635.1	Eurygaster testudinaria	2026-09-08	SAMEA14448438	WELLCOME SANGER INSTITUTE	EBI	PRJEB121412;PRJEB123344;PRJEB40665;PRJEB43510;PRJEB43745;PRJNA533106			no_sra_center
GCA_987357375.1	Eurysa lineata	2026-09-08	SAMEA114644925	WELLCOME SANGER INSTITUTE	EBI	PRJEB108381;PRJEB123538;PRJEB40665;PRJEB43510;PRJEB43745;PRJNA533106			no_sra_center
GCA_951802225.1	Euspilapteryx auroguttella	2023-05-27	SAMEA10979071	WELLCOME SANGER INSTITUTE	EBI	PRJEB40665;PRJEB43510;PRJEB43745;PRJEB61339;PRJEB62632;PRJEB71705;PRJNA533106			no_sra_center
GCA_949748255.1	Eustalomyia histrio	2023-04-05	SAMEA110451635	WELLCOME SANGER INSTITUTE	EBI	PRJEB40665;PRJEB43510;PRJEB43745;PRJEB57280;PRJEB60811;PRJNA533106			no_sra_center
GCA_965178115.1	Euthrix potatoria	2025-03-03	SAMEA10978928	WELLCOME SANGER INSTITUTE	EBI	PRJEB40665;PRJEB43510;PRJEB43745;PRJEB71705;PRJEB85378;PRJEB86233;PRJNA533106			no_sra_center
GCA_985607155.1	Euthycera fumigata	2026-07-04	SAMEA7746446	WELLCOME SANGER INSTITUTE	EBI	PRJEB115026;PRJEB40665;PRJEB43510;PRJEB43745;PRJEB79429;PRJNA533106			no_sra_center
GCA_963920795.1	Eutolmus rufibarbis	2023-12-25	SAMEA112964218	WELLCOME SANGER INSTITUTE	EBI	PRJEB40665;PRJEB43510;PRJEB43745;PRJEB66255;PRJEB71562;PRJNA533106			no_sra_center
GCA_964662225.2	Eutomostethus luteiventris	2026-02-14	SAMEA112964468	WELLCOME SANGER INSTITUTE	EBI	PRJEB40665;PRJEB43510;PRJEB43745;PRJEB82369;PRJEB83794;PRJNA533106			no_sra_center
GCA_963514095.1	Eutrigla gurnardus	2023-09-29	SAMEA111562159	WELLCOME SANGER INSTITUTE	EBI	PRJEB40665;PRJEB43510;PRJEB43745;PRJEB64070;PRJEB66429;PRJNA489243;PRJNA533106			no_sra_center
GCA_987195735.1	Euura bergmanni	2026-09-02	SAMEA118540641	WELLCOME SANGER INSTITUTE	EBI	PRJEB115889;PRJEB122804;PRJEB40665;PRJEB43510;PRJEB43745;PRJNA533106			no_sra_center
GCA_983139675.1	Euura tibialis	2026-05-17	SAMEA118559359	WELLCOME SANGER INSTITUTE	EBI	PRJEB110543;PRJEB112391;PRJEB40665;PRJEB43510;PRJEB43745;PRJNA533106			no_sra_center
GCA_947363495.1	Euzophera pinguis	2022-12-04	SAMEA7701450	WELLCOME SANGER INSTITUTE	EBI	PRJEB40665;PRJEB43510;PRJEB43745;PRJEB56485;PRJEB57685;PRJEB71705;PRJNA533106			no_sra_center
GCA_984589655.1	Evergestis limbata	2026-06-22	SAMEA118559692	WELLCOME SANGER INSTITUTE	EBI	PRJEB113158;PRJEB114205;PRJEB40665;PRJEB43510;PRJEB43745;PRJEB71705;PRJNA533106			no_sra_center
GCA_976985715.1	Evergestis pallidata	2025-10-14	SAMEA117574825	WELLCOME SANGER INSTITUTE	EBI	PRJEB40665;PRJEB43510;PRJEB43745;PRJEB71705;PRJEB96596;PRJEB98456;PRJNA533106			no_sra_center
GCA_958510785.1	Exephanes ischioxanthus	2023-07-18	SAMEA110019319	WELLCOME SANGER INSTITUTE	EBI	PRJEB40665;PRJEB43510;PRJEB43745;PRJEB58956;PRJEB64400;PRJNA533106			no_sra_center
GCA_905404265.1	Fabriciana adippe	2021-04-15	SAMEA7523308	WELLCOME SANGER INSTITUTE	EBI	PRJEB40665;PRJEB43510;PRJEB43745;PRJEB43797;PRJEB43990;PRJEB71705;PRJNA533106			no_sra_center
GCA_977014855.1	Fabulina fabula	2025-11-08	SAMEA110450116	WELLCOME SANGER INSTITUTE	EBI	PRJEB101690;PRJEB40665;PRJEB43510;PRJEB43745;PRJEB79794;PRJNA533106			no_sra_center
GCA_986342075.1	Facelina auriculata	2026-08-25	SAMEA12219461	WELLCOME SANGER INSTITUTE	EBI	PRJEB113162;PRJEB115810;PRJEB40665;PRJEB43510;PRJEB43743;PRJEB43745;PRJNA533106			no_sra_center
GCA_964211995.1	Fagus sylvatica	2024-08-02	SAMEA9143085	WELLCOME SANGER INSTITUTE	EBI	PRJEB40665;PRJEB43510;PRJEB43745;PRJEB76841;PRJEB78584;PRJNA533106			no_sra_center
GCA_951449985.1	Falcaria lacertinaria	2023-06-27	SAMEA112198536	WELLCOME SANGER INSTITUTE	EBI	PRJEB40665;PRJEB43510;PRJEB43745;PRJEB61361;PRJEB62107;PRJEB71705;PRJNA533106			no_sra_center
GCA_965282525.1	Falco peregrinus	2025-05-18	SAMEA115433029	WELLCOME SANGER INSTITUTE	European Bioinformatics Institute	PRJEB40665;PRJEB43510;PRJEB43745;PRJEB80913;PRJEB89481;PRJNA489243;PRJNA533106			no_sra_center
GCA_965282645.1	Falco peregrinus	2025-05-18	SAMEA115433029	WELLCOME SANGER INSTITUTE	European Bioinformatics Institute	PRJEB40665;PRJEB43510;PRJEB43745;PRJEB80913;PRJEB89480;PRJNA489243;PRJNA533106			no_sra_center
GCA_976974655.1	Falco tinnunculus	2025-10-26	SAMEA114594452	WELLCOME SANGER INSTITUTE	EBI	PRJEB40665;PRJEB43510;PRJEB43745;PRJEB74954;PRJEB98167;PRJNA489243;PRJNA533106			no_sra_center
GCA_976974455.1	Falco tinnunculus	2025-10-26	SAMEA114594452	WELLCOME SANGER INSTITUTE	EBI	PRJEB40665;PRJEB43510;PRJEB43745;PRJEB74954;PRJEB98166;PRJNA489243;PRJNA533106			no_sra_center
GCA_964016875.1	Fallopia convolvulus	2024-03-22	SAMEA7522043	WELLCOME SANGER INSTITUTE	EBI	PRJEB125134;PRJEB40665;PRJEB43510;PRJEB43745;PRJEB73737;PRJEB74121;PRJEB80366;PRJNA533106			no_sra_center
GCA_978264155.1	Falseuncaria ruficiliana	2026-03-01	SAMEA116348416	WELLCOME SANGER INSTITUTE	EBI	PRJEB102871;PRJEB107211;PRJEB40665;PRJEB43510;PRJEB43745;PRJEB71705;PRJNA533106			no_sra_center
GCA_981562355.1	Favorinus blianus	2026-03-01	SAMEA112964442	WELLCOME SANGER INSTITUTE	EBI	PRJEB102881;PRJEB108819;PRJEB40665;PRJEB43510;PRJEB43745;PRJNA533106			no_sra_center
GCA_963576555.1	Ferdinandea cuprea	2023-11-03	SAMEA7849388	WELLCOME SANGER INSTITUTE	EBI	PRJEB40665;PRJEB43510;PRJEB43745;PRJEB64066;PRJEB68108;PRJNA533106			no_sra_center
GCA_986280885.1	Festuca heterophylla	2026-08-18	SAMEA10369522	WELLCOME SANGER INSTITUTE	EBI	PRJEB115254;PRJEB115759;PRJEB40665;PRJEB43510;PRJEB43745;PRJNA533106			no_sra_center
GCA_964188195.1	Filago lutescens	2024-06-21	SAMEA112287378	WELLCOME SANGER INSTITUTE	EBI	PRJEB40665;PRJEB43510;PRJEB43745;PRJEB74261;PRJEB76693;PRJNA533106			no_sra_center
GCA_965234795.1	Filago pyramidata	2025-04-06	SAMEA9335613	WELLCOME SANGER INSTITUTE	EBI	PRJEB40665;PRJEB43510;PRJEB43745;PRJEB79619;PRJEB88088;PRJNA533106			no_sra_center
GCA_964200655.1	Filipendula ulmaria	2024-07-24	SAMEA7522049	WELLCOME SANGER INSTITUTE	EBI	PRJEB125134;PRJEB40665;PRJEB43510;PRJEB43745;PRJEB46853;PRJEB77879;PRJEB80366;PRJNA533106			no_sra_center
GCA_988225325.1	Filipendula vulgaris	2026-09-09	SAMEA110450240	WELLCOME SANGER INSTITUTE	EBI	PRJEB123978;PRJEB124725;PRJEB40665;PRJEB43510;PRJEB43745;PRJNA533106			no_sra_center
GCA_975146375.1	Fissidens adianthoides	2025-10-26	SAMEA10332291	WELLCOME SANGER INSTITUTE	EBI	PRJEB40665;PRJEB43510;PRJEB43745;PRJEB94722;PRJEB96805;PRJNA533106			no_sra_center
GCA_977825115.1	Fissidens bryoides	2026-01-18	SAMEA112690827	WELLCOME SANGER INSTITUTE	EBI	PRJEB104825;PRJEB40665;PRJEB43510;PRJEB43745;PRJEB98005;PRJNA533106			no_sra_center
GCA_976985705.1	Fissidens dubius	2025-10-26	SAMEA112690668	WELLCOME SANGER INSTITUTE	EBI	PRJEB40665;PRJEB43510;PRJEB43745;PRJEB98007;PRJEB98454;PRJNA533106			no_sra_center
GCA_982287335.1	Fissidens pusillus	2026-03-17	SAMEA115552117	WELLCOME SANGER INSTITUTE	European Bioinformatics Institute	PRJEB109967;PRJEB40665;PRJEB43510;PRJEB43745;PRJEB98063;PRJNA533106			no_sra_center
GCA_976483725.1	Fissidens taxifolius	2025-10-07	SAMEA114223128	WELLCOME SANGER INSTITUTE	EBI	PRJEB40665;PRJEB43510;PRJEB43745;PRJEB94712;PRJEB96222;PRJNA533106			no_sra_center
GCA_947568875.1	Fissipunctia ypsillon	2022-12-16	SAMEA7701297	WELLCOME SANGER INSTITUTE	EBI	PRJEB40665;PRJEB43510;PRJEB43745;PRJEB56257;PRJEB58210;PRJEB71705;PRJNA533106			no_sra_center
GCA_945909995.2	Flammulina velutipes	2022-10-28	SAMEA9461303	WELLCOME SANGER INSTITUTE	EBI	PRJEB40665;PRJEB43510;PRJEB43745;PRJEB53245;PRJEB54953;PRJNA533106			no_sra_center
GCA_965225635.1	Flavoplaca marina	2025-03-28	SAMEA13854150	WELLCOME SANGER INSTITUTE	EBI	PRJEB40665;PRJEB43510;PRJEB43745;PRJEB59079;PRJEB87566;PRJNA533106			no_sra_center
GCA_974117315.1	Flexitrichum flexicaule	2025-10-26	SAMEA114214991	WELLCOME SANGER INSTITUTE	EBI	PRJEB40665;PRJEB43510;PRJEB43745;PRJEB94786;PRJEB96418;PRJNA533106			no_sra_center
GCA_975573065.1	Flexitrichum gracile	2025-10-26	SAMEA114227668	WELLCOME SANGER INSTITUTE	EBI	PRJEB40665;PRJEB43510;PRJEB43745;PRJEB94714;PRJEB96419;PRJNA533106			no_sra_center
GCA_964035675.1	Fomitopsis pulvina	2024-05-02	SAMEA13743897	WELLCOME SANGER INSTITUTE	EBI	PRJEB40665;PRJEB43510;PRJEB43745;PRJEB65737;PRJEB75399;PRJNA533106			no_sra_center
GCA_976917515.1	Forcipomyia palustris	2025-10-07	SAMEA115163274	WELLCOME SANGER INSTITUTE	EBI	PRJEB40665;PRJEB43510;PRJEB43745;PRJEB92320;PRJEB97447;PRJNA533106			no_sra_center
GCA_964276525.2	Formica rufa	2025-11-06	SAMEA9654278	WELLCOME SANGER INSTITUTE	EBI	PRJEB40665;PRJEB43510;PRJEB43745;PRJEB70637;PRJEB81214;PRJNA533106			no_sra_center
GCA_964188215.1	Fragaria moschata	2024-06-21	SAMEA114211603	WELLCOME SANGER INSTITUTE	EBI	PRJEB40665;PRJEB43510;PRJEB43745;PRJEB73894;PRJEB76699;PRJNA533106			no_sra_center
GCA_964146915.1	Fragaria vesca	2024-06-06	SAMEA11478559	WELLCOME SANGER INSTITUTE	EBI	PRJEB125134;PRJEB40665;PRJEB43510;PRJEB43745;PRJEB75183;PRJEB76206;PRJEB80366;PRJNA533106			no_sra_center
GCA_964165485.1	Fragaria vesca	2024-06-06	SAMEA11478559	WELLCOME SANGER INSTITUTE	EBI	PRJEB125134;PRJEB40665;PRJEB43510;PRJEB43745;PRJEB75183;PRJEB76205;PRJEB80366;PRJNA533106			no_sra_center
GCA_964106655.1	Frangula alnus	2024-06-06	SAMEA7535977	WELLCOME SANGER INSTITUTE	EBI	PRJEB40665;PRJEB43510;PRJEB43745;PRJEB73435;PRJEB76015;PRJNA533106			no_sra_center
GCA_964106965.1	Frangula alnus	2024-06-06	SAMEA7535977	WELLCOME SANGER INSTITUTE	EBI	PRJEB40665;PRJEB43510;PRJEB43745;PRJEB73435;PRJEB76016;PRJNA533106			no_sra_center
GCA_965226085.2	Fraxinus excelsior	2025-10-26	SAMEA9335259	WELLCOME SANGER INSTITUTE	EBI	PRJEB40665;PRJEB43510;PRJEB43745;PRJEB81013;PRJEB87560;PRJNA533106			no_sra_center
GCA_963513975.1	Fringilla coelebs	2023-09-28	SAMEA9359753	WELLCOME SANGER INSTITUTE	EBI	PRJEB40665;PRJEB43510;PRJEB43745;PRJEB61919;PRJEB66368;PRJNA489243;PRJNA533106			no_sra_center
GCA_988331165.1	Fringilla montifringilla	2026-10-05	SAMEA120960989	WELLCOME SANGER INSTITUTE	EBI	PRJEB124389;PRJEB127866;PRJEB40665;PRJEB43510;PRJEB43745;PRJNA489243;PRJNA533106			no_sra_center
GCA_988330815.1	Fringilla montifringilla	2026-10-05	SAMEA120960989	WELLCOME SANGER INSTITUTE	EBI	PRJEB124389;PRJEB127865;PRJEB40665;PRJEB43510;PRJEB43745;PRJNA489243;PRJNA533106			no_sra_center
GCA_984573615.1	Fumaria muralis	2026-06-15	SAMEA7521820	WELLCOME SANGER INSTITUTE	EBI	PRJEB111411;PRJEB113485;PRJEB40665;PRJEB43510;PRJEB43745;PRJNA533106			no_sra_center
GCA_984573835.1	Fumaria muralis	2026-06-15	SAMEA7521820	WELLCOME SANGER INSTITUTE	EBI	PRJEB111411;PRJEB113487;PRJEB40665;PRJEB43510;PRJEB43745;PRJNA533106			no_sra_center
GCA_984573855.1	Fumaria muralis	2026-05-28	SAMEA7521820	WELLCOME SANGER INSTITUTE	EBI	PRJEB111411;PRJEB113486;PRJEB40665;PRJEB43510;PRJEB43745;PRJNA533106			no_sra_center
GCA_976987255.1	Funaria hygrometrica	2025-11-07	SAMEA114214936	WELLCOME SANGER INSTITUTE	EBI	PRJEB40665;PRJEB43510;PRJEB43745;PRJEB98065;PRJEB98704;PRJNA533106			no_sra_center
GCA_911728495.1	Furcula furcula	2021-08-05	SAMEA7746637	WELLCOME SANGER INSTITUTE	EBI	PRJEB40665;PRJEB43510;PRJEB43745;PRJEB45669;PRJEB46630;PRJEB71705;PRJNA533106			no_sra_center
GCA_987197165.1	Gaidropsarus vulgaris	2026-09-08	SAMEA114298641	WELLCOME SANGER INSTITUTE	EBI	PRJEB122779;PRJEB40665;PRJEB43510;PRJEB43745;PRJEB75862;PRJNA489243;PRJNA533106			no_sra_center
GCA_965198375.1	Galatella linosyris	2025-03-20	SAMEA112290144	WELLCOME SANGER INSTITUTE	EBI	PRJEB125134;PRJEB40665;PRJEB43510;PRJEB43745;PRJEB80058;PRJEB80366;PRJEB86802;PRJNA533106			no_sra_center
GCA_985607255.1	Galega officinalis	2026-07-04	SAMEA10369656	WELLCOME SANGER INSTITUTE	EBI	PRJEB113152;PRJEB115018;PRJEB40665;PRJEB43510;PRJEB43745;PRJNA533106			no_sra_center
GCA_988226595.1	Galeopsis angustifolia	2026-09-09	SAMEA112287382	WELLCOME SANGER INSTITUTE	EBI	PRJEB123974;PRJEB125069;PRJEB40665;PRJEB43510;PRJEB43745;PRJNA533106			no_sra_center
GCA_988226605.1	Galeopsis angustifolia	2026-09-09	SAMEA112287382	WELLCOME SANGER INSTITUTE	EBI	PRJEB123974;PRJEB125068;PRJEB40665;PRJEB43510;PRJEB43745;PRJNA533106			no_sra_center
GCA_963675135.2	Galeopsis tetrahit	2024-11-22	SAMEA112689518	WELLCOME SANGER INSTITUTE	EBI	PRJEB125134;PRJEB40665;PRJEB43510;PRJEB43745;PRJEB65694;PRJEB69540;PRJEB80366;PRJNA533106			no_sra_center
GCA_963921935.1	Galeruca laticollis	2024-02-09	SAMEA112964282	WELLCOME SANGER INSTITUTE	EBI	PRJEB40665;PRJEB43510;PRJEB43745;PRJEB65735;PRJEB71836;PRJNA533106			no_sra_center
GCA_963978555.1	Galerucella nymphaeae	2024-03-10	SAMEA112963046	WELLCOME SANGER INSTITUTE	EBI	PRJEB40665;PRJEB43510;PRJEB43745;PRJEB66037;PRJEB73618;PRJNA533106			no_sra_center
GCA_980434365.1	Galerucella sagittariae	2026-02-28	SAMEA116354043	WELLCOME SANGER INSTITUTE	EBI	PRJEB108406;PRJEB40665;PRJEB43510;PRJEB43745;PRJEB97874;PRJNA533106			no_sra_center
GCA_988240445.1	Galinsoga quadriradiata	2026-09-10	SAMEA115503534	WELLCOME SANGER INSTITUTE	European Bioinformatics Institute	PRJEB123984;PRJEB125557;PRJEB40665;PRJEB43510;PRJEB43745;PRJNA533106			no_sra_center
GCA_988240455.1	Galinsoga quadriradiata	2026-09-10	SAMEA115503534	WELLCOME SANGER INSTITUTE	European Bioinformatics Institute	PRJEB123984;PRJEB125556;PRJEB40665;PRJEB43510;PRJEB43745;PRJNA533106			no_sra_center
GCA_964106835.1	Galium aparine	2024-06-06	SAMEA7522520	WELLCOME SANGER INSTITUTE	EBI	PRJEB125134;PRJEB40665;PRJEB43510;PRJEB43745;PRJEB70988;PRJEB76009;PRJEB80366;PRJNA533106			no_sra_center
GCA_977964095.1	Galium boreale	2026-01-31	SAMEA114563197	WELLCOME SANGER INSTITUTE	EBI	PRJEB103873;PRJEB105341;PRJEB125134;PRJEB40665;PRJEB43510;PRJEB43745;PRJEB80366;PRJNA533106			no_sra_center
GCA_965199535.1	Galium uliginosum	2025-03-14	SAMEA112287522	WELLCOME SANGER INSTITUTE	EBI	PRJEB125134;PRJEB40665;PRJEB43510;PRJEB43745;PRJEB79591;PRJEB80366;PRJEB86859;PRJNA533106			no_sra_center
GCA_958496185.1	Galleria mellonella	2023-07-18	SAMEA112222352	WELLCOME SANGER INSTITUTE	EBI	PRJEB40665;PRJEB43510;PRJEB43745;PRJEB63442;PRJEB64378;PRJEB71705;PRJNA533106			no_sra_center
GCA_987197645.1	Gallinago gallinago	2026-09-08	SAMEA118427543	WELLCOME SANGER INSTITUTE	EBI	PRJEB115867;PRJEB122718;PRJEB125134;PRJEB40665;PRJEB43510;PRJEB43745;PRJEB80366;PRJNA489243;PRJNA533106			no_sra_center
GCA_964237585.1	Gallinula chloropus	2024-08-31	SAMEA113398958	WELLCOME SANGER INSTITUTE	EBI	PRJEB40665;PRJEB43510;PRJEB43745;PRJEB74708;PRJEB79218;PRJNA489243;PRJNA533106			no_sra_center
GCA_947859175.1	Gandaritis pyraliata	2023-01-09	SAMEA10978764	WELLCOME SANGER INSTITUTE	EBI	PRJEB40665;PRJEB43510;PRJEB43745;PRJEB56798;PRJEB58744;PRJEB71705;PRJNA533106			no_sra_center
GCA_964023155.1	Ganoderma resinaceum	2024-04-07	SAMEA110757403	WELLCOME SANGER INSTITUTE	EBI	PRJEB40665;PRJEB43510;PRJEB43745;PRJEB73902;PRJEB74567;PRJNA533106			no_sra_center
GCA_922989275.2	Gari tellinella	2022-10-25	SAMEA8724799	WELLCOME SANGER INSTITUTE	EBI	PRJEB40665;PRJEB43510;PRJEB43745;PRJEB48048;PRJEB49376;PRJNA533106			no_sra_center
GCA_987195975.1	Garrulus glandarius	2026-09-08	SAMEA118680280	WELLCOME SANGER INSTITUTE	EBI	PRJEB115869;PRJEB122720;PRJEB40665;PRJEB43510;PRJEB43745;PRJNA489243;PRJNA533106			no_sra_center
GCA_964276395.1	Gasterosteus aculeatus	2024-10-28	SAMEA11296546	WELLCOME SANGER INSTITUTE	EBI	PRJEB107229;PRJEB40665;PRJEB43510;PRJEB43745;PRJEB62003;PRJEB81174;PRJNA489243;PRJNA533106			no_sra_center
GCA_979610265.1	Gasteruption assectator	2026-02-27	SAMEA112232829	WELLCOME SANGER INSTITUTE	EBI	PRJEB108182;PRJEB40665;PRJEB43510;PRJEB43745;PRJEB74581;PRJNA533106			no_sra_center
GCA_949825005.1	Gasteruption jaculator	2023-04-19	SAMEA7524391	WELLCOME SANGER INSTITUTE	EBI	PRJEB40665;PRJEB43510;PRJEB43745;PRJEB59205;PRJEB61396;PRJNA533106			no_sra_center
GCA_949152435.1	Gastracanthus pulcherrimus	2023-04-08	SAMEA110043171	WELLCOME SANGER INSTITUTE	EBI	PRJEB40665;PRJEB43510;PRJEB43745;PRJEB59075;PRJEB59843;PRJNA533106			no_sra_center
GCA_963576655.1	Gastrophysa polygoni	2023-11-03	SAMEA112232774	WELLCOME SANGER INSTITUTE	EBI	PRJEB40665;PRJEB43510;PRJEB43745;PRJEB64716;PRJEB68118;PRJNA533106			no_sra_center
GCA_965641405.1	Gastrophysa viridula	2025-07-09	SAMEA114806281	WELLCOME SANGER INSTITUTE	EBI	PRJEB40665;PRJEB43510;PRJEB43745;PRJEB77507;PRJEB91873;PRJNA533106			no_sra_center
GCA_977930375.1	Geheebia maxima	2026-02-01	SAMEA117801523	WELLCOME SANGER INSTITUTE	EBI	PRJEB105246;PRJEB40665;PRJEB43510;PRJEB43745;PRJEB98948;PRJNA533106			no_sra_center
GCA_987114445.1	Gelechia muscosella	2026-08-28	SAMEA120504096	WELLCOME SANGER INSTITUTE	EBI	PRJEB118595;PRJEB121444;PRJEB40665;PRJEB43510;PRJEB43745;PRJEB71705;PRJNA533106			no_sra_center
GCA_987114625.1	Gelechia muscosella	2026-08-28	SAMEA120504096	WELLCOME SANGER INSTITUTE	EBI	PRJEB118595;PRJEB121443;PRJEB40665;PRJEB43510;PRJEB43745;PRJEB71705;PRJNA533106			no_sra_center
GCA_964059375.1	Gelis areator	2024-06-05	SAMEA112232712	WELLCOME SANGER INSTITUTE	EBI	PRJEB40665;PRJEB43510;PRJEB43745;PRJEB70759;PRJEB76080;PRJNA533106			no_sra_center
GCA_965217325.1	Genista pilosa	2025-03-22	SAMEA110450272	WELLCOME SANGER INSTITUTE	EBI	PRJEB40665;PRJEB43510;PRJEB43745;PRJEB76534;PRJEB87303;PRJNA533106			no_sra_center
GCA_965645215.1	Gentianella amarella	2025-07-28	SAMEA11478497	WELLCOME SANGER INSTITUTE	EBI	PRJEB125134;PRJEB40665;PRJEB43510;PRJEB43745;PRJEB80366;PRJEB81015;PRJEB94306;PRJNA533106			no_sra_center
GCA_965645205.1	Gentianella amarella	2025-07-28	SAMEA11478497	WELLCOME SANGER INSTITUTE	EBI	PRJEB125134;PRJEB40665;PRJEB43510;PRJEB43745;PRJEB80366;PRJEB81015;PRJEB94307;PRJNA533106			no_sra_center
GCA_987211605.1	Geokichla citrina	2026-09-08	SAMEA118680499	WELLCOME SANGER INSTITUTE	EBI	PRJEB118605;PRJEB123111;PRJEB40665;PRJEB43510;PRJEB43745;PRJNA489243;PRJNA533106			no_sra_center
GCA_987211125.1	Geokichla citrina	2026-09-08	SAMEA118680499	WELLCOME SANGER INSTITUTE	EBI	PRJEB118605;PRJEB123110;PRJEB40665;PRJEB43510;PRJEB43745;PRJNA489243;PRJNA533106			no_sra_center
GCA_977804215.1	Geometra papilionaria	2026-01-19	SAMEA8603125	WELLCOME SANGER INSTITUTE	EBI	PRJEB102943;PRJEB104840;PRJEB40665;PRJEB43510;PRJEB43745;PRJEB71705;PRJNA533106			no_sra_center
GCA_965234165.1	Geomyza tripunctata	2025-04-06	SAMEA114644871	WELLCOME SANGER INSTITUTE	EBI	PRJEB40665;PRJEB43510;PRJEB43745;PRJEB85202;PRJEB87981;PRJNA533106			no_sra_center
GCA_959613385.1	Geotrupes spiniger	2023-07-23	SAMEA7520022	WELLCOME SANGER INSTITUTE	EBI	PRJEB40665;PRJEB43510;PRJEB43745;PRJEB64062;PRJEB64512;PRJNA533106			no_sra_center
GCA_977815175.1	Geranium dissectum	2026-02-01	SAMEA9143097	WELLCOME SANGER INSTITUTE	EBI	PRJEB103869;PRJEB104829;PRJEB40665;PRJEB43510;PRJEB43745;PRJNA533106			no_sra_center
GCA_965199465.1	Geranium molle	2025-03-14	SAMEA110449270	WELLCOME SANGER INSTITUTE	EBI	PRJEB125134;PRJEB40665;PRJEB43510;PRJEB43745;PRJEB77771;PRJEB80366;PRJEB86865;PRJNA533106			no_sra_center
GCA_965636925.1	Geranium pratense	2025-07-09	SAMEA11478546	WELLCOME SANGER INSTITUTE	EBI	PRJEB125134;PRJEB40665;PRJEB43510;PRJEB43745;PRJEB80366;PRJEB88766;PRJEB91495;PRJNA533106			no_sra_center
GCA_963920655.1	Geranium rotundifolium	2023-12-25	SAMEA9143062	WELLCOME SANGER INSTITUTE	EBI	PRJEB40665;PRJEB43510;PRJEB43745;PRJEB69504;PRJEB71560;PRJNA533106			no_sra_center
GCA_963681545.1	Germaria angustata	2023-12-15	SAMEA112964078	WELLCOME SANGER INSTITUTE	EBI	PRJEB40665;PRJEB43510;PRJEB43745;PRJEB66257;PRJEB70487;PRJNA533106			no_sra_center
GCA_988323815.1	Geronticus eremita	2026-10-03	SAMEA118680496	WELLCOME SANGER INSTITUTE	EBI	PRJEB115907;PRJEB127453;PRJEB40665;PRJEB43510;PRJEB43745;PRJNA489243;PRJNA533106			no_sra_center
GCA_951217055.1	Gerris lacustris	2023-05-12	SAMEA10107080	WELLCOME SANGER INSTITUTE	EBI	PRJEB40665;PRJEB43510;PRJEB43745;PRJEB60319;PRJEB61870;PRJNA533106			no_sra_center
GCA_988324155.1	Geum macrophyllum	2026-10-03	SAMEA116348528	WELLCOME SANGER INSTITUTE	EBI	PRJEB126586;PRJEB127703;PRJEB40665;PRJEB43510;PRJEB43745;PRJNA533106			no_sra_center
GCA_964205265.1	Geum rivale	2024-07-29	SAMEA7522402	WELLCOME SANGER INSTITUTE	EBI	PRJEB125134;PRJEB40665;PRJEB43510;PRJEB43745;PRJEB76755;PRJEB78465;PRJEB80366;PRJNA533106			no_sra_center
GCA_946800695.1	Geum urbanum	2022-09-15	SAMEA7522180	WELLCOME SANGER INSTITUTE	EBI	PRJEB40665;PRJEB43510;PRJEB43745;PRJEB48840;PRJEB55663;PRJNA533106			no_sra_center
GCA_964059485.1	Gibbaranea gibbosa	2024-06-05	SAMEA10166988	WELLCOME SANGER INSTITUTE	EBI	PRJEB40665;PRJEB43510;PRJEB43745;PRJEB73645;PRJEB76081;PRJNA533106			no_sra_center
GCA_936450465.1	Gibbula magus	2022-05-03	SAMEA8717440	WELLCOME SANGER INSTITUTE	EBI	PRJEB40665;PRJEB43510;PRJEB43745;PRJEB51161;PRJEB52070;PRJNA533106			no_sra_center
GCA_964340935.1	Gillmeria ochrodactyla	2024-11-21	SAMEA115574742	WELLCOME SANGER INSTITUTE	EBI	PRJEB40665;PRJEB43510;PRJEB43745;PRJEB71705;PRJEB82157;PRJEB82648;PRJNA533106			no_sra_center
GCA_964340845.1	Gillmeria ochrodactyla	2024-11-21	SAMEA115574742	WELLCOME SANGER INSTITUTE	EBI	PRJEB40665;PRJEB43510;PRJEB43745;PRJEB71705;PRJEB82157;PRJEB82647;PRJNA533106			no_sra_center
GCA_964291005.1	Gillmeria pallidactyla	2024-10-28	SAMEA113425617	WELLCOME SANGER INSTITUTE	EBI	PRJEB40665;PRJEB43510;PRJEB43745;PRJEB71705;PRJEB74988;PRJEB81491;PRJNA533106			no_sra_center
GCA_982398105.1	Gilpinia frutetorum	2026-04-12	SAMEA117051882	WELLCOME SANGER INSTITUTE	EBI	PRJEB109201;PRJEB111246;PRJEB40665;PRJEB43510;PRJEB43745;PRJNA533106			no_sra_center
GCA_977020455.1	Glaucium flavum	2025-11-10	SAMEA10369648	WELLCOME SANGER INSTITUTE	EBI	PRJEB102546;PRJEB40665;PRJEB43510;PRJEB43745;PRJEB98744;PRJNA533106			no_sra_center
GCA_905404095.1	Glaucopsyche alexis	2021-04-15	SAMEA7524616	WELLCOME SANGER INSTITUTE	EBI	PRJEB40665;PRJEB43510;PRJEB43745;PRJEB43798;PRJEB43992;PRJEB71705;PRJNA533106			no_sra_center
GCA_965282405.2	Glechoma hederacea	2026-04-04	SAMEA9143059	WELLCOME SANGER INSTITUTE	EBI	PRJEB40665;PRJEB43510;PRJEB43745;PRJEB87943;PRJEB89441;PRJNA533106			no_sra_center
GCA_964638085.1	Gliophorus irrigatus	2025-01-02	SAMEA110449663	WELLCOME SANGER INSTITUTE	EBI	PRJEB40665;PRJEB43510;PRJEB43745;PRJEB77588;PRJEB83295;PRJNA533106			no_sra_center
GCA_964638125.1	Gliophorus irrigatus	2025-01-02	SAMEA110449663	WELLCOME SANGER INSTITUTE	EBI	PRJEB40665;PRJEB43510;PRJEB43745;PRJEB77588;PRJEB83294;PRJNA533106			no_sra_center
GCA_986694625.1	Glis glis	2026-08-31	SAMEA120960992	WELLCOME SANGER INSTITUTE	EBI	PRJEB115827;PRJEB120827;PRJEB40665;PRJEB43510;PRJEB43745;PRJNA489243;PRJNA533106			no_sra_center
GCA_986694645.1	Glis glis	2026-08-31	SAMEA120960992	WELLCOME SANGER INSTITUTE	EBI	PRJEB115827;PRJEB120828;PRJEB40665;PRJEB43510;PRJEB43745;PRJNA489243;PRJNA533106			no_sra_center
GCA_949316385.1	Globia sparganii	2023-03-10	SAMEA7849226	WELLCOME SANGER INSTITUTE	EBI	PRJEB40665;PRJEB43510;PRJEB43745;PRJEB59770;PRJEB60138;PRJEB71705;PRJNA533106			no_sra_center
GCA_963455315.2	Globicephala melas	2024-09-07	SAMEA111380538	WELLCOME SANGER INSTITUTE	EBI	PRJEB40665;PRJEB43510;PRJEB43745;PRJEB64971;PRJEB65996;PRJNA1020146;PRJNA489243;PRJNA533106			no_sra_center
GCA_977013705.1	Glyphipterix forsterella	2025-11-07	SAMEA10978745	WELLCOME SANGER INSTITUTE	EBI	PRJEB101398;PRJEB40665;PRJEB43510;PRJEB43745;PRJEB71705;PRJEB97554;PRJNA533106			no_sra_center
GCA_964332205.1	Glyphipterix fuscoviridella	2024-11-08	SAMEA112964161	WELLCOME SANGER INSTITUTE	EBI	PRJEB40665;PRJEB43510;PRJEB43745;PRJEB71705;PRJEB74990;PRJEB82225;PRJNA533106			no_sra_center
GCA_964188275.1	Glyphipterix thrasonella	2024-06-21	SAMEA112198526	WELLCOME SANGER INSTITUTE	EBI	PRJEB40665;PRJEB43510;PRJEB43745;PRJEB71705;PRJEB76327;PRJEB76719;PRJNA533106			no_sra_center
GCA_951394215.1	Glyphodes perspectalis	2023-06-15	SAMEA7521513	WELLCOME SANGER INSTITUTE	EBI	PRJEB40665;PRJEB43510;PRJEB43745;PRJEB61127;PRJEB62061;PRJEB71705;PRJNA533106			no_sra_center
GCA_936435175.1	Glyphotaelius pellucidus	2022-05-03	SAMEA7520965	WELLCOME SANGER INSTITUTE	EBI	PRJEB40665;PRJEB43510;PRJEB43745;PRJEB50794;PRJEB52067;PRJNA533106			no_sra_center
GCA_963930675.1	Gnaphalium uliginosum	2024-01-31	SAMEA112287354	WELLCOME SANGER INSTITUTE	EBI	PRJEB125134;PRJEB40665;PRJEB43510;PRJEB43745;PRJEB71700;PRJEB72178;PRJEB80366;PRJNA533106			no_sra_center
GCA_987114325.1	Gnophos obfuscatus	2026-08-28	SAMEA120504264	WELLCOME SANGER INSTITUTE	EBI	PRJEB114909;PRJEB121446;PRJEB40665;PRJEB43510;PRJEB43745;PRJEB71705;PRJNA533106			no_sra_center
GCA_949357685.1	Gobio gobio	2023-04-08	SAMEA11296538	WELLCOME SANGER INSTITUTE	EBI	PRJEB107229;PRJEB40665;PRJEB43510;PRJEB43745;PRJEB59786;PRJEB60324;PRJNA489243;PRJNA533106			no_sra_center
GCA_951799975.1	Gobius niger	2023-05-27	SAMEA13854149	WELLCOME SANGER INSTITUTE	EBI	PRJEB125134;PRJEB40665;PRJEB43510;PRJEB43745;PRJEB61917;PRJEB62588;PRJEB80366;PRJNA489243;PRJNA533106			no_sra_center
GCA_987197155.1	Gobius paganellus	2026-09-08	SAMEA118256948	WELLCOME SANGER INSTITUTE	EBI	PRJEB106991;PRJEB122782;PRJEB40665;PRJEB43510;PRJEB43745;PRJNA489243;PRJNA533106			no_sra_center
GCA_987197985.1	Gobius paganellus	2026-09-08	SAMEA118256948	WELLCOME SANGER INSTITUTE	EBI	PRJEB106991;PRJEB122781;PRJEB40665;PRJEB43510;PRJEB43745;PRJNA489243;PRJNA533106			no_sra_center
GCA_965217435.1	Gonepteryx rhamni	2025-03-21	SAMEA115163340	WELLCOME SANGER INSTITUTE	EBI	PRJEB40665;PRJEB43510;PRJEB43745;PRJEB71705;PRJEB83744;PRJEB87307;PRJNA533106			no_sra_center
GCA_946811695.1	Gonocerus acuteangulatus	2022-09-15	SAMEA7524254	WELLCOME SANGER INSTITUTE	EBI	PRJEB40665;PRJEB43510;PRJEB43745;PRJEB53928;PRJEB55771;PRJNA533106			no_sra_center
GCA_977014565.1	Gonodera luperus	2025-11-07	SAMEA115574519	WELLCOME SANGER INSTITUTE	EBI	PRJEB101655;PRJEB40665;PRJEB43510;PRJEB43745;PRJEB92310;PRJNA533106			no_sra_center
GCA_963669345.1	Gortyna flavago	2023-12-09	SAMEA112774802	WELLCOME SANGER INSTITUTE	EBI	PRJEB40665;PRJEB43510;PRJEB43745;PRJEB65662;PRJEB69250;PRJEB71705;PRJNA533106			no_sra_center
GCA_977993655.1	Gorytes laticinctus	2026-02-01	SAMEA118280892	WELLCOME SANGER INSTITUTE	EBI	PRJEB105172;PRJEB105932;PRJEB40665;PRJEB43510;PRJEB43745;PRJNA533106			no_sra_center
GCA_965641305.1	Gracillaria syringella	2025-07-09	SAMEA115574697	WELLCOME SANGER INSTITUTE	EBI	PRJEB40665;PRJEB43510;PRJEB43745;PRJEB71705;PRJEB89310;PRJEB91877;PRJNA533106			no_sra_center
GCA_964332215.1	Grammoptera ruficornis	2024-11-08	SAMEA114644667	WELLCOME SANGER INSTITUTE	EBI	PRJEB40665;PRJEB43510;PRJEB43745;PRJEB81598;PRJEB82218;PRJNA533106			no_sra_center
GCA_964374135.1	Grampus griseus	2024-11-29	SAMEA111380541	WELLCOME SANGER INSTITUTE	EBI	PRJEB40665;PRJEB43510;PRJEB43745;PRJEB75720;PRJEB82944;PRJNA1020146;PRJNA489243;PRJNA533106			no_sra_center
GCA_965637095.1	Graphiphora augur	2025-07-09	SAMEA112963099	WELLCOME SANGER INSTITUTE	EBI	PRJEB40665;PRJEB43510;PRJEB43745;PRJEB71705;PRJEB89607;PRJEB91517;PRJNA533106			no_sra_center
GCA_988264945.1	Grapholita caecana	2026-09-14	SAMEA120504836	WELLCOME SANGER INSTITUTE	EBI	PRJEB123484;PRJEB124474;PRJEB40665;PRJEB43510;PRJEB43745;PRJEB71705;PRJNA533106			no_sra_center
GCA_971886065.1	Grapholita compositella	2025-09-14	SAMEA117575270	WELLCOME SANGER INSTITUTE	EBI	PRJEB40665;PRJEB43510;PRJEB43745;PRJEB71705;PRJEB92300;PRJEB96128;PRJNA533106			no_sra_center
GCA_987274715.1	Grapholita janthinana	2026-09-04	SAMEA118280052	WELLCOME SANGER INSTITUTE	EBI	PRJEB121392;PRJEB123349;PRJEB40665;PRJEB43510;PRJEB43745;PRJEB71705;PRJNA533106			no_sra_center
GCA_965637225.1	Grapholita jungiella	2025-07-09	SAMEA112964166	WELLCOME SANGER INSTITUTE	EBI	PRJEB40665;PRJEB43510;PRJEB43745;PRJEB71705;PRJEB89308;PRJEB91520;PRJNA533106			no_sra_center
GCA_984660555.1	Grapholita pallifrontana	2026-06-22	SAMEA118768473	WELLCOME SANGER INSTITUTE	EBI	PRJEB110744;PRJEB114309;PRJEB40665;PRJEB43510;PRJEB43745;PRJEB71705;PRJNA533106			no_sra_center
GCA_977014695.1	Grapholita tenebrosana	2025-11-07	SAMEA117575334	WELLCOME SANGER INSTITUTE	EBI	PRJEB101668;PRJEB40665;PRJEB43510;PRJEB43745;PRJEB71705;PRJEB96616;PRJNA533106			no_sra_center
GCA_977930245.2	Graphomya maculata	2026-06-17	SAMEA113425419	WELLCOME SANGER INSTITUTE	EBI	PRJEB105254;PRJEB40665;PRJEB43510;PRJEB43745;PRJEB79164;PRJNA533106			no_sra_center
GCA_976913875.1	Grimmia atrata	2025-10-26	SAMEA112690638	WELLCOME SANGER INSTITUTE	EBI	PRJEB40665;PRJEB43510;PRJEB43745;PRJEB94742;PRJEB97128;PRJNA533106			no_sra_center
GCA_975301245.1	Grimmia decipiens	2025-10-26	SAMEA112690455	WELLCOME SANGER INSTITUTE	EBI	PRJEB40665;PRJEB43510;PRJEB43745;PRJEB94730;PRJEB96865;PRJNA533106			no_sra_center
GCA_976919255.1	Grimmia donniana	2025-10-10	SAMEA112690708	WELLCOME SANGER INSTITUTE	EBI	PRJEB40665;PRJEB43510;PRJEB43745;PRJEB94744;PRJEB97444;PRJNA533106			no_sra_center
GCA_977013165.1	Grimmia elongata	2025-11-07	SAMEA112690655	WELLCOME SANGER INSTITUTE	EBI	PRJEB100563;PRJEB40665;PRJEB43510;PRJEB43745;PRJEB97836;PRJNA533106			no_sra_center
GCA_976988805.1	Grimmia funalis	2025-11-07	SAMEA10982900	WELLCOME SANGER INSTITUTE	EBI	PRJEB40665;PRJEB43510;PRJEB43745;PRJEB97838;PRJEB98798;PRJNA533106			no_sra_center
GCA_984806705.1	Grimmia montana	2026-06-26	SAMEA112690487	WELLCOME SANGER INSTITUTE	EBI	PRJEB114492;PRJEB40665;PRJEB43510;PRJEB43745;PRJEB97840;PRJNA533106			no_sra_center
GCA_977000245.1	Grimmia pulvinata	2025-11-07	SAMEA14392117	WELLCOME SANGER INSTITUTE	EBI	PRJEB40665;PRJEB43510;PRJEB43745;PRJEB97842;PRJEB98975;PRJNA533106			no_sra_center
GCA_985556705.1	Grimmia trichophylla	2026-07-04	SAMEA112690243	WELLCOME SANGER INSTITUTE	EBI	PRJEB114834;PRJEB40665;PRJEB43510;PRJEB43745;PRJEB97844;PRJNA533106			no_sra_center
GCA_916610205.1	Griposia aprilina	2021-10-01	SAMEA8603200	WELLCOME SANGER INSTITUTE	EBI	PRJEB40665;PRJEB43510;PRJEB43745;PRJEB46317;PRJEB47741;PRJEB71705;PRJNA533106			no_sra_center
GCA_988425555.1	Grus grus	2026-10-07	SAMEA113398837	WELLCOME SANGER INSTITUTE	EBI	PRJEB40665;PRJEB43510;PRJEB43745;PRJEB73916;PRJEB75999;PRJNA489243;PRJNA533106			no_sra_center
GCA_965638035.1	Gryllus bimaculatus	2025-07-09	SAMEA112222351	WELLCOME SANGER INSTITUTE	EBI	PRJEB40665;PRJEB43510;PRJEB43745;PRJEB89072;PRJEB91705;PRJNA533106			no_sra_center
GCA_965638045.1	Gryllus bimaculatus	2025-07-09	SAMEA112222351	WELLCOME SANGER INSTITUTE	EBI	PRJEB40665;PRJEB43510;PRJEB43745;PRJEB89072;PRJEB91706;PRJNA533106			no_sra_center
GCA_986885535.1	Gryllus campestris	2026-09-01	SAMEA118767898	WELLCOME SANGER INSTITUTE	EBI	PRJEB114893;PRJEB121023;PRJEB40665;PRJEB43510;PRJEB43745;PRJNA533106			no_sra_center
GCA_982500575.1	Grypocoris stysi	2026-04-17	SAMEA7746438	WELLCOME SANGER INSTITUTE	EBI	PRJEB111549;PRJEB40665;PRJEB43510;PRJEB43745;PRJEB71160;PRJNA533106			no_sra_center
GCA_964656865.1	Grypus equiseti	2025-01-02	SAMEA114644511	WELLCOME SANGER INSTITUTE	EBI	PRJEB40665;PRJEB43510;PRJEB43745;PRJEB79531;PRJEB83600;PRJNA533106			no_sra_center
GCA_956483585.1	Gymnocheta viridis	2023-07-14	SAMEA9359420	WELLCOME SANGER INSTITUTE	EBI	PRJEB40665;PRJEB43510;PRJEB43745;PRJEB61907;PRJEB63516;PRJNA533106			no_sra_center
GCA_929108375.1	Gymnoscelis rufifasciata	2022-02-09	SAMEA7519910	WELLCOME SANGER INSTITUTE	EBI	PRJEB40665;PRJEB43510;PRJEB43745;PRJEB48374;PRJEB50655;PRJEB71705;PRJNA533106			no_sra_center
GCA_916610165.2	Gymnosoma rotundatum	2022-02-13	SAMEA7849381	WELLCOME SANGER INSTITUTE	EBI	PRJEB40665;PRJEB43510;PRJEB43745;PRJEB46301;PRJEB47732;PRJNA533106			no_sra_center
GCA_984885775.1	Gypsonoma aceriana	2026-06-27	SAMEA118768434	WELLCOME SANGER INSTITUTE	EBI	PRJEB112678;PRJEB114690;PRJEB40665;PRJEB43510;PRJEB43745;PRJEB71705;PRJNA533106			no_sra_center
GCA_987217015.1	Gyrinus marinus	2026-09-08	SAMEA118540066	WELLCOME SANGER INSTITUTE	EBI	PRJEB103887;PRJEB123191;PRJEB40665;PRJEB43510;PRJEB43745;PRJNA533106			no_sra_center
GCA_965788925.1	Gyroporus aff. castaneus	2025-08-23	SAMEA13743899	WELLCOME SANGER INSTITUTE	EBI	PRJEB40665;PRJEB43510;PRJEB43745;PRJEB82250;PRJEB95118;PRJNA533106			no_sra_center
GCA_907165245.1	Habrosyne pyritoides	2021-05-17	SAMEA7701298	WELLCOME SANGER INSTITUTE	EBI	PRJEB40665;PRJEB43510;PRJEB43745;PRJEB44631;PRJEB44836;PRJEB71705;PRJNA533106			no_sra_center
GCA_965152725.1	Hada plebeja	2025-02-19	SAMEA114644918	WELLCOME SANGER INSTITUTE	EBI	PRJEB40665;PRJEB43510;PRJEB43745;PRJEB71705;PRJEB79714;PRJEB85900;PRJNA533106			no_sra_center
GCA_965212325.1	Hadena bicruris	2025-03-20	SAMEA115163347	WELLCOME SANGER INSTITUTE	EBI	PRJEB40665;PRJEB43510;PRJEB43745;PRJEB71705;PRJEB83746;PRJEB86970;PRJNA533106			no_sra_center
GCA_965198765.1	Hadena compta	2025-03-13	SAMEA114805981	WELLCOME SANGER INSTITUTE	EBI	PRJEB40665;PRJEB43510;PRJEB43745;PRJEB71705;PRJEB84085;PRJEB86827;PRJNA533106			no_sra_center
GCA_988324725.1	Haematopus ostralegus	2026-10-04	SAMEA115432997	WELLCOME SANGER INSTITUTE	European Bioinformatics Institute	PRJEB125134;PRJEB40665;PRJEB43510;PRJEB43745;PRJEB78308;PRJEB80366;PRJEB98794;PRJNA489243;PRJNA533106			no_sra_center
GCA_964656455.1	Halichoerus grypus	2025-01-02	SAMEA115427674	WELLCOME SANGER INSTITUTE	EBI	PRJEB40665;PRJEB43510;PRJEB43745;PRJEB81373;PRJEB83434;PRJNA489243;PRJNA533106			no_sra_center
GCA_916610825.1	Haliclystus octoradiatus	2021-10-01	SAMEA7522858	WELLCOME SANGER INSTITUTE	EBI	PRJEB40665;PRJEB43510;PRJEB43745;PRJEB45172;PRJEB47765;PRJNA533106			no_sra_center
GCA_965648495.1	Hallomenus binotatus	2025-07-28	SAMEA112232814	WELLCOME SANGER INSTITUTE	EBI	PRJEB40665;PRJEB43510;PRJEB43745;PRJEB73888;PRJEB94374;PRJNA533106			no_sra_center
GCA_937662695.2	Halyzia sedecimguttata	2022-10-09	SAMEA8563708	WELLCOME SANGER INSTITUTE	EBI	PRJEB40665;PRJEB43510;PRJEB43745;PRJEB51270;PRJEB52234;PRJNA533106			no_sra_center
GCA_982551735.1	Hamearis lucina	2026-04-27	SAMEA118256590	WELLCOME SANGER INSTITUTE	EBI	PRJEB110610;PRJEB40665;PRJEB43510;PRJEB43745;PRJEB71186;PRJEB71705;PRJNA533106			no_sra_center
GCA_986885565.1	Hammerschmidtia ferruginea	2026-08-28	SAMEA119981408	WELLCOME SANGER INSTITUTE	EBI	PRJEB115851;PRJEB121011;PRJEB40665;PRJEB43510;PRJEB43745;PRJNA533106			no_sra_center
GCA_914767665.1	Harmonia axyridis	2021-09-16	SAMEA7520208	WELLCOME SANGER INSTITUTE	EBI	PRJEB40665;PRJEB43510;PRJEB43745;PRJEB45202;PRJEB47373;PRJNA533106			no_sra_center
GCA_965642415.1	Harmonia quadripunctata	2025-07-19	SAMEA114806269	WELLCOME SANGER INSTITUTE	EBI	PRJEB40665;PRJEB43510;PRJEB43745;PRJEB80933;PRJEB93843;PRJNA533106			no_sra_center
GCA_947462335.1	Harmothoe impar	2022-12-06	SAMEA8419683	WELLCOME SANGER INSTITUTE	EBI	PRJEB40665;PRJEB43510;PRJEB43745;PRJEB53239;PRJEB57909;PRJNA533106			no_sra_center
GCA_965601895.1	Harpalus anxius	2025-07-07	SAMEA112964332	WELLCOME SANGER INSTITUTE	EBI	PRJEB40665;PRJEB43510;PRJEB43745;PRJEB77590;PRJEB90518;PRJNA533106			no_sra_center
GCA_963082715.1	Harpalus rubripes	2023-08-09	SAMEA111458453	WELLCOME SANGER INSTITUTE	EBI	PRJEB40665;PRJEB43510;PRJEB43745;PRJEB62054;PRJEB64813;PRJNA533106			no_sra_center
GCA_951394225.1	Harpalus rufipes	2023-06-15	SAMEA9359449	WELLCOME SANGER INSTITUTE	EBI	PRJEB40665;PRJEB43510;PRJEB43745;PRJEB59209;PRJEB62060;PRJNA533106			no_sra_center
GCA_964273525.1	Harpocera thoracica	2024-10-04	SAMEA114644528	WELLCOME SANGER INSTITUTE	EBI	PRJEB40665;PRJEB43510;PRJEB43745;PRJEB79537;PRJEB80753;PRJNA533106			no_sra_center
GCA_964267455.1	Hebata decipiens	2024-09-28	SAMEA110451560	WELLCOME SANGER INSTITUTE	EBI	PRJEB40665;PRJEB43510;PRJEB43745;PRJEB77545;PRJEB80519;PRJNA533106			no_sra_center
GCA_965226135.1	Hecatera bicolorata	2025-03-28	SAMEA115163585	WELLCOME SANGER INSTITUTE	EBI	PRJEB40665;PRJEB43510;PRJEB43745;PRJEB71705;PRJEB83750;PRJEB87574;PRJNA533106			no_sra_center
GCA_905332915.2	Hecatera dysodea	2022-02-02	SAMEA7521514	WELLCOME SANGER INSTITUTE	EBI	PRJEB40665;PRJEB43487;PRJEB43510;PRJEB43532;PRJEB43745;PRJEB71705;PRJNA533106			no_sra_center
GCA_947179155.2	Hedera helix	2022-12-06	SAMEA7522625	WELLCOME SANGER INSTITUTE	EBI	PRJEB125134;PRJEB40665;PRJEB43510;PRJEB43745;PRJEB47314;PRJEB56940;PRJEB80366;PRJNA533106			no_sra_center
GCA_988323445.1	Hedlundia anglica	2026-10-03	SAMEA9143107	WELLCOME SANGER INSTITUTE	EBI	PRJEB113120;PRJEB124536;PRJEB40665;PRJEB43510;PRJEB43745;PRJNA533106			no_sra_center
GCA_965642345.2	Hedwigia stellata	2026-04-04	SAMEA115550840	WELLCOME SANGER INSTITUTE	EBI	PRJEB40665;PRJEB43510;PRJEB43745;PRJEB89997;PRJEB93836;PRJNA533106			no_sra_center
GCA_977014005.1	Hedya nubiferana	2025-11-08	SAMEA117575330	WELLCOME SANGER INSTITUTE	EBI	PRJEB101401;PRJEB40665;PRJEB43510;PRJEB43745;PRJEB71705;PRJEB97608;PRJNA533106			no_sra_center
GCA_986268565.1	Hedya ochroleucana	2026-06-30	SAMEA118539820	WELLCOME SANGER INSTITUTE	EBI	PRJEB113370;PRJEB115562;PRJEB40665;PRJEB43510;PRJEB43745;PRJEB71705;PRJNA533106			no_sra_center
GCA_964197955.1	Hedya pruniana	2024-07-10	SAMEA112222183	WELLCOME SANGER INSTITUTE	EBI	PRJEB40665;PRJEB43510;PRJEB43745;PRJEB71705;PRJEB75064;PRJEB77362;PRJNA533106			no_sra_center
GCA_905404275.2	Hedya salicella	2021-11-18	SAMEA7520688	WELLCOME SANGER INSTITUTE	EBI	PRJEB40665;PRJEB43510;PRJEB43745;PRJEB43799;PRJEB43994;PRJEB71705;PRJNA533106			no_sra_center
GCA_988241205.1	Hedychridium cupreum	2026-09-10	SAMEA118540514	WELLCOME SANGER INSTITUTE	EBI	PRJEB124293;PRJEB125694;PRJEB40665;PRJEB43510;PRJEB43745;PRJNA533106			no_sra_center
GCA_963989215.1	Hedychridium roseum	2024-03-11	SAMEA112963028	WELLCOME SANGER INSTITUTE	EBI	PRJEB40665;PRJEB43510;PRJEB43745;PRJEB66390;PRJEB73739;PRJNA533106			no_sra_center
GCA_982375455.2	Helcystogramma rufescens	2026-06-26	SAMEA118768322	WELLCOME SANGER INSTITUTE	EBI	PRJEB109906;PRJEB111068;PRJEB40665;PRJEB43510;PRJEB43745;PRJEB71705;PRJNA533106			no_sra_center
GCA_982375385.2	Helcystogramma rufescens	2026-06-26	SAMEA118768322	WELLCOME SANGER INSTITUTE	EBI	PRJEB109906;PRJEB111069;PRJEB40665;PRJEB43510;PRJEB43745;PRJEB71705;PRJNA533106			no_sra_center
GCA_977782535.1	Helianthemum oelandicum	2026-02-01	SAMEA110449448	WELLCOME SANGER INSTITUTE	EBI	PRJEB103871;PRJEB104827;PRJEB40665;PRJEB43510;PRJEB43745;PRJNA533106			no_sra_center
GCA_963930815.1	Helicoverpa armigera	2024-01-31	SAMEA112775024	WELLCOME SANGER INSTITUTE	EBI	PRJEB40665;PRJEB43510;PRJEB43745;PRJEB66754;PRJEB71705;PRJEB72184;PRJNA533106			no_sra_center
GCA_984660655.1	Helina obscurata	2026-07-10	SAMEA118540687	WELLCOME SANGER INSTITUTE	EBI	PRJEB109912;PRJEB114294;PRJEB40665;PRJEB43510;PRJEB43745;PRJNA533106			no_sra_center
GCA_958496145.1	Heliothis peltigera	2023-07-17	SAMEA112226458	WELLCOME SANGER INSTITUTE	EBI	PRJEB40665;PRJEB43510;PRJEB43745;PRJEB62179;PRJEB64365;PRJEB71705;PRJNA533106			no_sra_center
GCA_980885545.1	Hellinsia carphodactyla	2026-02-28	SAMEA118768114	WELLCOME SANGER INSTITUTE	EBI	PRJEB106025;PRJEB108570;PRJEB40665;PRJEB43510;PRJEB43745;PRJEB71705;PRJNA533106			no_sra_center
GCA_987569865.1	Hellinsia lienigianus	2026-09-02	SAMEA120504260	WELLCOME SANGER INSTITUTE	EBI	PRJEB118597;PRJEB123855;PRJEB40665;PRJEB43510;PRJEB43745;PRJEB71705;PRJNA533106			no_sra_center
GCA_982473555.1	Hellwigia obscura	2026-04-16	SAMEA117492002	WELLCOME SANGER INSTITUTE	EBI	PRJEB106267;PRJEB111502;PRJEB40665;PRJEB43510;PRJEB43745;PRJNA533106			no_sra_center
GCA_963082805.1	Hemicrepidius hirtus	2023-08-09	SAMEA112232526	WELLCOME SANGER INSTITUTE	EBI	PRJEB40665;PRJEB43510;PRJEB43745;PRJEB61499;PRJEB64845;PRJNA533106			no_sra_center
GCA_983538275.1	Hemioniscus balani	2026-06-15	SAMEA111379559	WELLCOME SANGER INSTITUTE	EBI	PRJEB112761;PRJEB40665;PRJEB43510;PRJEB43745;PRJEB98112;PRJNA533106			no_sra_center
GCA_947063395.1	Hemistola chrysoprasaria	2022-10-16	SAMEA10978934	WELLCOME SANGER INSTITUTE	EBI	PRJEB40665;PRJEB43510;PRJEB43745;PRJEB55573;PRJEB56655;PRJEB71705;PRJNA533106			no_sra_center
GCA_947507615.1	Hemithea aestivaria	2022-12-07	SAMEA7701444	WELLCOME SANGER INSTITUTE	EBI	PRJEB40665;PRJEB43510;PRJEB43745;PRJEB56491;PRJEB57860;PRJEB71705;PRJNA533106			no_sra_center
GCA_978760985.1	Heracleum mantegazzianum	2026-02-26	SAMEA10241401	WELLCOME SANGER INSTITUTE	EBI	PRJEB106433;PRJEB107416;PRJEB33226;PRJEB40665;PRJEB43510;PRJEB43745;PRJNA533106			no_sra_center
GCA_965233475.1	Heracleum sphondylium	2025-04-03	SAMEA110449256	WELLCOME SANGER INSTITUTE	EBI	PRJEB125134;PRJEB40665;PRJEB43510;PRJEB43745;PRJEB80366;PRJEB80401;PRJEB87813;PRJNA533106			no_sra_center
GCA_965112325.2	Herbertus hutchinsiae	2026-04-27	SAMEA10904321	WELLCOME SANGER INSTITUTE	EBI	PRJEB40665;PRJEB43510;PRJEB43745;PRJEB82199;PRJEB84207;PRJNA533106			no_sra_center
GCA_965645235.1	Herbertus stramineus	2025-07-28	SAMEA10982963	WELLCOME SANGER INSTITUTE	EBI	PRJEB40665;PRJEB43510;PRJEB43745;PRJEB89995;PRJEB94305;PRJNA533106			no_sra_center
GCA_987195815.1	Heriades truncorum	2026-09-08	SAMEA112964324	WELLCOME SANGER INSTITUTE	EBI	PRJEB106425;PRJEB122807;PRJEB40665;PRJEB43510;PRJEB43745;PRJNA533106			no_sra_center
GCA_964264465.1	Hericium coralloides	2024-09-18	SAMEA7521671	WELLCOME SANGER INSTITUTE	EBI	PRJEB40665;PRJEB43510;PRJEB43745;PRJEB53489;PRJEB80176;PRJNA533106			no_sra_center
GCA_965276415.1	Hericium erinaceus	2025-05-03	SAMEA14250734	WELLCOME SANGER INSTITUTE	EBI	PRJEB40665;PRJEB43510;PRJEB43745;PRJEB65378;PRJEB89050;PRJNA533106			no_sra_center
GCA_977013455.2	Herina lugubris	2026-04-04	SAMEA7849380	WELLCOME SANGER INSTITUTE	EBI	PRJEB100634;PRJEB40665;PRJEB43510;PRJEB43745;PRJEB97614;PRJNA533106			no_sra_center
GCA_982191835.1	Herina nigrina	2026-03-08	SAMEA113425457	WELLCOME SANGER INSTITUTE	EBI	PRJEB109073;PRJEB40665;PRJEB43510;PRJEB43745;PRJEB97274;PRJNA533106			no_sra_center
GCA_977014445.1	Heringocrania unimaculella	2025-11-07	SAMEA117574103	WELLCOME SANGER INSTITUTE	EBI	PRJEB101466;PRJEB40665;PRJEB43510;PRJEB43745;PRJEB71705;PRJEB97014;PRJNA533106			no_sra_center
GCA_977014465.1	Heringocrania unimaculella	2025-11-07	SAMEA117574103	WELLCOME SANGER INSTITUTE	EBI	PRJEB101465;PRJEB40665;PRJEB43510;PRJEB43745;PRJEB71705;PRJEB97014;PRJNA533106			no_sra_center
GCA_951812935.1	Hermaeophaga mercurialis	2023-07-15	SAMEA8603245	WELLCOME SANGER INSTITUTE	EBI	PRJEB40665;PRJEB43510;PRJEB43745;PRJEB57105;PRJEB63008;PRJNA533106			no_sra_center
GCA_987193495.1	Herminia grisealis	2026-09-05	SAMEA117575003	WELLCOME SANGER INSTITUTE	EBI	PRJEB123015;PRJEB40665;PRJEB43510;PRJEB43745;PRJEB71188;PRJEB71705;PRJNA533106			no_sra_center
GCA_945859575.2	Herminia tarsipennalis	2022-09-23	SAMEA7520687	WELLCOME SANGER INSTITUTE	EBI	PRJEB40665;PRJEB43510;PRJEB43745;PRJEB53681;PRJEB54838;PRJEB71705;PRJNA533106			no_sra_center
GCA_905404135.1	Hesperia comma	2021-04-15	SAMEA7523119	WELLCOME SANGER INSTITUTE	EBI	PRJEB40665;PRJEB43510;PRJEB43745;PRJEB43800;PRJEB43996;PRJEB71705;PRJNA533106			no_sra_center
GCA_987114225.1	Hesperis matronalis	2026-09-01	SAMEA114389516	WELLCOME SANGER INSTITUTE	EBI	PRJEB113748;PRJEB121424;PRJEB125134;PRJEB40665;PRJEB43510;PRJEB43745;PRJEB80366;PRJNA533106			no_sra_center
GCA_964263325.1	Heteranomia squamula	2024-09-15	SAMEA110450165	WELLCOME SANGER INSTITUTE	EBI	PRJEB40665;PRJEB43510;PRJEB43745;PRJEB76522;PRJEB79903;PRJNA533106			no_sra_center
GCA_964605405.2	Heterocladium heteropterum	2025-10-26	SAMEA14391974	WELLCOME SANGER INSTITUTE	EBI	PRJEB40665;PRJEB43510;PRJEB43745;PRJEB80505;PRJEB83253;PRJNA533106			no_sra_center
GCA_982473645.1	Heterogaster urticae	2026-04-16	SAMEA114805886	WELLCOME SANGER INSTITUTE	EBI	PRJEB111493;PRJEB40665;PRJEB43510;PRJEB43745;PRJEB90026;PRJNA533106			no_sra_center
GCA_951394025.1	Heteromyza rotundicornis	2023-05-13	SAMEA110019318	WELLCOME SANGER INSTITUTE	EBI	PRJEB40665;PRJEB43510;PRJEB43745;PRJEB61603;PRJEB62020;PRJNA533106			no_sra_center
GCA_959613375.1	Heteropelma amictum	2023-07-23	SAMEA7701570	WELLCOME SANGER INSTITUTE	EBI	PRJEB40665;PRJEB43510;PRJEB43745;PRJEB58954;PRJEB64506;PRJNA533106			no_sra_center
GCA_987217055.1	Heterotoma planicornis	2026-09-08	SAMEA115163244	WELLCOME SANGER INSTITUTE	EBI	PRJEB121054;PRJEB123200;PRJEB40665;PRJEB43510;PRJEB43745;PRJNA533106			no_sra_center
GCA_984799055.1	Hieracium snowdoniense	2026-06-26	SAMEA112290307	WELLCOME SANGER INSTITUTE	EBI	PRJEB114458;PRJEB40665;PRJEB43510;PRJEB43745;PRJEB80104;PRJNA533106			no_sra_center
GCA_965212095.1	Hierochloe odorata	2025-03-17	SAMEA9143068	WELLCOME SANGER INSTITUTE	EBI	PRJEB125134;PRJEB40665;PRJEB43510;PRJEB43745;PRJEB80366;PRJEB86611;PRJEB86973;PRJNA533106			no_sra_center
GCA_933228805.2	Hipparchia semele	2022-10-25	SAMEA9252595	WELLCOME SANGER INSTITUTE	EBI	PRJEB40665;PRJEB43510;PRJEB43745;PRJEB50742;PRJEB51574;PRJEB71705;PRJNA533106			no_sra_center
GCA_987201405.1	Hippophae rhamnoides	2026-09-08	SAMEA7535957	WELLCOME SANGER INSTITUTE	EBI	PRJEB120874;PRJEB122962;PRJEB40665;PRJEB43510;PRJEB43745;PRJNA533106			no_sra_center
GCA_982223925.1	Hippuris vulgaris	2026-03-12	SAMEA9335108	WELLCOME SANGER INSTITUTE	EBI	PRJEB108345;PRJEB109264;PRJEB125134;PRJEB40665;PRJEB43510;PRJEB43745;PRJEB80366;PRJNA533106			no_sra_center
GCA_949708635.1	Hirtodrosophila cameraria	2023-03-24	SAMEA12110596	WELLCOME SANGER INSTITUTE	EBI	PRJEB40665;PRJEB43510;PRJEB43745;PRJEB56615;PRJEB60601;PRJNA533106			no_sra_center
GCA_947369225.1	Hofmannophila pseudospretella	2022-12-04	SAMEA10979205	WELLCOME SANGER INSTITUTE	EBI	PRJEB40665;PRJEB43510;PRJEB43745;PRJEB56489;PRJEB57707;PRJEB71705;PRJNA533106			no_sra_center
GCA_965644105.1	Holcus mollis	2025-07-27	SAMEA7521822	WELLCOME SANGER INSTITUTE	EBI	PRJEB40665;PRJEB43510;PRJEB43745;PRJEB76379;PRJEB94103;PRJNA533106			no_sra_center
GCA_965644205.1	Holcus mollis	2025-07-27	SAMEA7521822	WELLCOME SANGER INSTITUTE	EBI	PRJEB40665;PRJEB43510;PRJEB43745;PRJEB76379;PRJEB94104;PRJNA533106			no_sra_center
GCA_963695495.2	Hololepta plana	2025-10-10	SAMEA111458819	WELLCOME SANGER INSTITUTE	EBI	PRJEB40665;PRJEB43510;PRJEB43745;PRJEB64074;PRJEB70901;PRJNA533106			no_sra_center
GCA_988242205.1	Holothuria forskali	2026-09-11	SAMEA110450076	WELLCOME SANGER INSTITUTE	EBI	PRJEB123620;PRJEB125754;PRJEB40665;PRJEB43510;PRJEB43745;PRJNA533106			no_sra_center
GCA_964340625.1	Homoeosoma sinuella	2024-11-18	SAMEA112222343	WELLCOME SANGER INSTITUTE	EBI	PRJEB40665;PRJEB43510;PRJEB43745;PRJEB71705;PRJEB75050;PRJEB82587;PRJNA533106			no_sra_center
GCA_965231345.2	Honckenya peploides	2025-11-06	SAMEA7522174	WELLCOME SANGER INSTITUTE	EBI	PRJEB125134;PRJEB40665;PRJEB43510;PRJEB43745;PRJEB80366;PRJEB81037;PRJEB87683;PRJNA533106			no_sra_center
GCA_984573715.1	Hookeria lucens	2026-06-15	SAMEA10983026	WELLCOME SANGER INSTITUTE	EBI	PRJEB112976;PRJEB113478;PRJEB40665;PRJEB43510;PRJEB43745;PRJNA533106			no_sra_center
GCA_976974325.1	Hoplismenus bidentatus	2025-10-26	SAMEA111458573	WELLCOME SANGER INSTITUTE	EBI	PRJEB40665;PRJEB43510;PRJEB43745;PRJEB73924;PRJEB98174;PRJNA533106			no_sra_center
GCA_987114355.1	Hoplocampa crataegi	2026-09-01	SAMEA118280303	WELLCOME SANGER INSTITUTE	EBI	PRJEB110242;PRJEB121455;PRJEB40665;PRJEB43510;PRJEB43745;PRJNA533106			no_sra_center
GCA_949774945.1	Hoplodrina ambigua	2023-04-07	SAMEA8603197	WELLCOME SANGER INSTITUTE	EBI	PRJEB40665;PRJEB43510;PRJEB43745;PRJEB60635;PRJEB60989;PRJEB71705;PRJNA533106			no_sra_center
GCA_949316365.1	Hoplodrina blanda	2023-03-10	SAMEA111458333	WELLCOME SANGER INSTITUTE	EBI	PRJEB40665;PRJEB43510;PRJEB43745;PRJEB59292;PRJEB60120;PRJEB71705;PRJNA533106			no_sra_center
GCA_964261375.1	Hoplodrina octogenaria	2024-09-07	SAMEA7701447	WELLCOME SANGER INSTITUTE	EBI	PRJEB40665;PRJEB43510;PRJEB43745;PRJEB71296;PRJEB71705;PRJEB79657;PRJNA533106			no_sra_center
GCA_965212045.1	Hordeum vulgare	2025-03-20	SAMEA113431653	WELLCOME SANGER INSTITUTE	EBI	PRJEB40665;PRJEB43510;PRJEB43745;PRJEB86605;PRJEB86975;PRJNA533106			no_sra_center
GCA_965212065.1	Hordeum vulgare	2025-03-20	SAMEA113431653	WELLCOME SANGER INSTITUTE	EBI	PRJEB40665;PRJEB43510;PRJEB43745;PRJEB86605;PRJEB86976;PRJNA533106			no_sra_center
GCA_964341575.1	Horisme tersata	2024-11-29	SAMEA114644767	WELLCOME SANGER INSTITUTE	EBI	PRJEB40665;PRJEB43510;PRJEB43745;PRJEB71705;PRJEB82379;PRJEB82863;PRJNA533106			no_sra_center
GCA_951804965.1	Horisme vitalbata	2023-06-02	SAMEA111458026	WELLCOME SANGER INSTITUTE	EBI	PRJEB40665;PRJEB43510;PRJEB43745;PRJEB62169;PRJEB62768;PRJEB71705;PRJNA533106			no_sra_center
GCA_965239585.1	Hottonia palustris	2025-04-12	SAMEA112287498	WELLCOME SANGER INSTITUTE	EBI	PRJEB40665;PRJEB43510;PRJEB43745;PRJEB79882;PRJEB88330;PRJNA533106			no_sra_center
GCA_965239615.1	Hottonia palustris	2025-04-12	SAMEA112287498	WELLCOME SANGER INSTITUTE	EBI	PRJEB40665;PRJEB43510;PRJEB43745;PRJEB79882;PRJEB88331;PRJNA533106			no_sra_center
GCA_963169125.1	Humulus lupulus	2023-08-19	SAMEA7522047	WELLCOME SANGER INSTITUTE	EBI	PRJEB40665;PRJEB43510;PRJEB43745;PRJEB64076;PRJEB64913;PRJNA533106			no_sra_center
GCA_964007475.1	Hybos culiciformis	2024-03-19	SAMEA7746460	WELLCOME SANGER INSTITUTE	EBI	PRJEB40665;PRJEB43510;PRJEB43745;PRJEB67601;PRJEB74018;PRJNA533106			no_sra_center
GCA_965663495.1	Hybos femoratus	2025-08-23	SAMEA7701585	WELLCOME SANGER INSTITUTE	EBI	PRJEB40665;PRJEB43510;PRJEB43745;PRJEB71162;PRJEB94980;PRJNA533106			no_sra_center
GCA_980750255.1	Hydnum repandum	2026-02-28	SAMEA113940512	WELLCOME SANGER INSTITUTE	EBI	PRJEB108505;PRJEB40665;PRJEB43510;PRJEB43745;PRJEB79595;PRJNA533106			no_sra_center
GCA_980750485.1	Hydnum repandum	2026-02-28	SAMEA113940512	WELLCOME SANGER INSTITUTE	EBI	PRJEB108504;PRJEB40665;PRJEB43510;PRJEB43745;PRJEB79595;PRJNA533106			no_sra_center
GCA_914767645.1	Hydraecia micacea	2021-09-16	SAMEA8603188	WELLCOME SANGER INSTITUTE	EBI	PRJEB40665;PRJEB43510;PRJEB43745;PRJEB46321;PRJEB47367;PRJEB71705;PRJNA533106			no_sra_center
GCA_986269805.1	Hydrelia flammeolaria	2026-07-05	SAMEA117574952	WELLCOME SANGER INSTITUTE	EBI	PRJEB104548;PRJEB115651;PRJEB40665;PRJEB43510;PRJEB43745;PRJEB71705;PRJNA533106			no_sra_center
GCA_982473745.1	Hydrelia sylvata	2026-04-16	SAMEA117575400	WELLCOME SANGER INSTITUTE	EBI	PRJEB109207;PRJEB111499;PRJEB40665;PRJEB43510;PRJEB43745;PRJEB71705;PRJNA533106			no_sra_center
GCA_912999785.1	Hydriomena furcata	2021-08-18	SAMEA7701301	WELLCOME SANGER INSTITUTE	EBI	PRJEB40665;PRJEB43510;PRJEB43745;PRJEB45668;PRJEB47024;PRJEB71705;PRJNA533106			no_sra_center
GCA_986885685.1	Hydriomena impluviata	2026-08-28	SAMEA120504068	WELLCOME SANGER INSTITUTE	EBI	PRJEB114869;PRJEB121015;PRJEB40665;PRJEB43510;PRJEB43745;PRJEB71705;PRJNA533106			no_sra_center
GCA_964106935.1	Hydrocotyle vulgaris	2024-06-06	SAMEA10241384	WELLCOME SANGER INSTITUTE	EBI	PRJEB125134;PRJEB40665;PRJEB43510;PRJEB43745;PRJEB74171;PRJEB76107;PRJEB80366;PRJNA533106			no_sra_center
GCA_958296145.1	Hydrotaea cyrtoneurina	2023-07-06	SAMEA10157814	WELLCOME SANGER INSTITUTE	EBI	PRJEB40665;PRJEB43510;PRJEB43745;PRJEB56364;PRJEB63884;PRJNA533106			no_sra_center
GCA_963513945.1	Hydrotaea diabolus	2023-09-28	SAMEA10167060	WELLCOME SANGER INSTITUTE	EBI	PRJEB40665;PRJEB43510;PRJEB43745;PRJEB64112;PRJEB66371;PRJNA533106			no_sra_center
GCA_965614475.1	Hydrotaea militaris	2025-07-08	SAMEA113425723	WELLCOME SANGER INSTITUTE	EBI	PRJEB40665;PRJEB43510;PRJEB43745;PRJEB85208;PRJEB90879;PRJNA533106			no_sra_center
GCA_965643655.1	Hydrotaea similis	2025-07-19	SAMEA113425403	WELLCOME SANGER INSTITUTE	EBI	PRJEB40665;PRJEB43510;PRJEB43745;PRJEB73643;PRJEB93946;PRJNA533106			no_sra_center
GCA_985607235.1	Hygrocybe chlorophana	2026-07-04	SAMEA113940522	WELLCOME SANGER INSTITUTE	EBI	PRJEB115020;PRJEB40665;PRJEB43510;PRJEB43745;PRJEB80570;PRJNA533106			no_sra_center
GCA_987567215.1	Hygrocybe citrinovirens	2026-09-09	SAMEA113940410	WELLCOME SANGER INSTITUTE	EBI	PRJEB112463;PRJEB123835;PRJEB40665;PRJEB43510;PRJEB43745;PRJNA533106			no_sra_center
GCA_963555575.2	Hygrocybe coccinea	2023-12-24	SAMEA110449679	WELLCOME SANGER INSTITUTE	EBI	PRJEB40665;PRJEB43510;PRJEB43745;PRJEB66015;PRJEB66466;PRJNA533106			no_sra_center
GCA_965620545.1	Hygrocybe conica	2025-07-09	SAMEA113940511	WELLCOME SANGER INSTITUTE	EBI	PRJEB40665;PRJEB43510;PRJEB43745;PRJEB80052;PRJEB91274;PRJNA533106			no_sra_center
GCA_965605795.1	Hygrocybe helobia	2025-07-07	SAMEA113940397	WELLCOME SANGER INSTITUTE	EBI	PRJEB40665;PRJEB43510;PRJEB43745;PRJEB79615;PRJEB90561;PRJNA533106			no_sra_center
GCA_963556145.1	Hygrocybe punicea	2023-12-07	SAMEA110757386	WELLCOME SANGER INSTITUTE	EBI	PRJEB40665;PRJEB43510;PRJEB43745;PRJEB65674;PRJEB67219;PRJNA533106			no_sra_center
GCA_974392715.2	Hygromia cinctella	2026-03-20	SAMEA110019317	WELLCOME SANGER INSTITUTE	EBI	PRJEB40665;PRJEB43510;PRJEB43745;PRJEB94704;PRJEB97740;PRJNA533106			no_sra_center
GCA_905147375.1	Hylaea fasciaria	2021-01-28	SAMEA7520684	Wellcome Sanger Institute	EBI	PRJEB40665;PRJEB41918;PRJEB42128;PRJEB43510;PRJEB43745;PRJEB71705;PRJNA533106			no_sra_center
GCA_966197075.1	Hylaeus dilatatus	2025-08-23	SAMEA112963056	WELLCOME SANGER INSTITUTE	EBI	PRJEB40665;PRJEB43510;PRJEB43745;PRJEB81588;PRJEB95909;PRJNA533106			no_sra_center
GCA_966197085.1	Hylaeus dilatatus	2025-08-23	SAMEA112963056	WELLCOME SANGER INSTITUTE	EBI	PRJEB40665;PRJEB43510;PRJEB43745;PRJEB81588;PRJEB95910;PRJNA533106			no_sra_center
GCA_984799265.1	Hylaeus hyalinatus	2026-06-26	SAMEA113425444	WELLCOME SANGER INSTITUTE	EBI	PRJEB106443;PRJEB114427;PRJEB40665;PRJEB43510;PRJEB43745;PRJNA533106			no_sra_center
GCA_988137235.1	Hylaeus signatus	2026-09-09	SAMEA114806215	WELLCOME SANGER INSTITUTE	EBI	PRJEB115901;PRJEB124051;PRJEB40665;PRJEB43510;PRJEB43745;PRJNA533106			no_sra_center
GCA_986268525.1	Hylobius abietis	2026-07-04	SAMEA115574373	WELLCOME SANGER INSTITUTE	EBI	PRJEB113136;PRJEB115551;PRJEB40665;PRJEB43510;PRJEB43745;PRJNA533106			no_sra_center
GCA_965234835.1	Hylocomiadelphus triquetrus	2025-04-06	SAMEA7699420	WELLCOME SANGER INSTITUTE	EBI	PRJEB40665;PRJEB43510;PRJEB43745;PRJEB53161;PRJEB88085;PRJNA533106			no_sra_center
GCA_964235365.1	Hyocomium armoricum	2024-08-31	SAMEA111383103	WELLCOME SANGER INSTITUTE	EBI	PRJEB40665;PRJEB43510;PRJEB43745;PRJEB77753;PRJEB79068;PRJNA533106			no_sra_center
GCA_982551745.1	Hypatima rhomboidella	2026-04-27	SAMEA118559948	WELLCOME SANGER INSTITUTE	EBI	PRJEB109878;PRJEB110611;PRJEB40665;PRJEB43510;PRJEB43745;PRJEB71705;PRJNA533106			no_sra_center
GCA_905147285.1	Hypena proboscidalis	2021-01-28	SAMEA7520188	Wellcome Sanger Institute	EBI	PRJEB40665;PRJEB41920;PRJEB42129;PRJEB43510;PRJEB43745;PRJEB71705;PRJNA533106			no_sra_center
GCA_986170385.1	Hypera postica	2026-07-04	SAMEA112232542	WELLCOME SANGER INSTITUTE	EBI	PRJEB112992;PRJEB115214;PRJEB40665;PRJEB43510;PRJEB43745;PRJNA533106			no_sra_center
GCA_965643735.1	Hypera rumicis	2025-07-19	SAMEA114805976	WELLCOME SANGER INSTITUTE	EBI	PRJEB40665;PRJEB43510;PRJEB43745;PRJEB80969;PRJEB94005;PRJNA533106			no_sra_center
GCA_965643715.1	Hypera rumicis	2025-07-19	SAMEA114805976	WELLCOME SANGER INSTITUTE	EBI	PRJEB40665;PRJEB43510;PRJEB43745;PRJEB80969;PRJEB94004;PRJNA533106			no_sra_center
GCA_963995505.1	Hypericum androsaemum	2024-03-17	SAMEA110450302	WELLCOME SANGER INSTITUTE	EBI	PRJEB40665;PRJEB43510;PRJEB43745;PRJEB73427;PRJEB74000;PRJNA533106			no_sra_center
GCA_965233335.1	Hypericum hircinum	2025-04-03	SAMEA114565229	WELLCOME SANGER INSTITUTE	EBI	PRJEB40665;PRJEB43510;PRJEB43745;PRJEB79690;PRJEB87806;PRJNA533106			no_sra_center
GCA_964106675.1	Hypericum hirsutum	2024-06-06	SAMEA110450615	WELLCOME SANGER INSTITUTE	EBI	PRJEB40665;PRJEB43510;PRJEB43745;PRJEB73431;PRJEB76011;PRJNA533106			no_sra_center
GCA_986264625.1	Hypericum maculatum	2026-07-04	SAMEA114782680	WELLCOME SANGER INSTITUTE	EBI	PRJEB113144;PRJEB115330;PRJEB125134;PRJEB40665;PRJEB43510;PRJEB43745;PRJEB80366;PRJNA533106			no_sra_center
GCA_986264605.1	Hypericum maculatum	2026-07-04	SAMEA114782680	WELLCOME SANGER INSTITUTE	EBI	PRJEB113144;PRJEB115331;PRJEB125134;PRJEB40665;PRJEB43510;PRJEB43745;PRJEB80366;PRJNA533106			no_sra_center
GCA_986264615.1	Hypericum maculatum	2026-06-27	SAMEA114782680	WELLCOME SANGER INSTITUTE	EBI	PRJEB113144;PRJEB115333;PRJEB125134;PRJEB40665;PRJEB43510;PRJEB43745;PRJEB80366;PRJNA533106			no_sra_center
GCA_986264645.1	Hypericum maculatum	2026-06-25	SAMEA114782680	WELLCOME SANGER INSTITUTE	EBI	PRJEB113144;PRJEB115332;PRJEB125134;PRJEB40665;PRJEB43510;PRJEB43745;PRJEB80366;PRJNA533106			no_sra_center
GCA_965644135.1	Hypericum perforatum	2025-07-27	SAMEA7522289	WELLCOME SANGER INSTITUTE	EBI	PRJEB125134;PRJEB40665;PRJEB43510;PRJEB43745;PRJEB76363;PRJEB80366;PRJEB94094;PRJNA533106			no_sra_center
GCA_964106755.1	Hypericum pulchrum	2024-06-06	SAMEA10241452	WELLCOME SANGER INSTITUTE	EBI	PRJEB40665;PRJEB43510;PRJEB43745;PRJEB73433;PRJEB75994;PRJNA533106			no_sra_center
GCA_949752795.1	Hyperoodon ampullatus	2023-04-08	SAMEA10839125	WELLCOME SANGER INSTITUTE	EBI	PRJEB40665;PRJEB43510;PRJEB43745;PRJEB60010;PRJEB60895;PRJNA1020146;PRJNA489243;PRJNA533106			no_sra_center
GCA_949357725.1	Hyperoplus immaculatus	2023-04-08	SAMEA13854416	WELLCOME SANGER INSTITUTE	EBI	PRJEB107229;PRJEB40665;PRJEB43510;PRJEB43745;PRJEB58244;PRJEB60328;PRJNA489243;PRJNA533106			no_sra_center
GCA_965113285.2	Hypnum cupressiforme	2025-10-14	SAMEA8596933	WELLCOME SANGER INSTITUTE	EBI	PRJEB40665;PRJEB43510;PRJEB43745;PRJEB80584;PRJEB84969;PRJNA533106			no_sra_center
GCA_982822135.1	Hypochaeris maculata	2026-06-22	SAMEA110450268	WELLCOME SANGER INSTITUTE	EBI	PRJEB111280;PRJEB112214;PRJEB40665;PRJEB43510;PRJEB43745;PRJNA533106			no_sra_center
GCA_964007245.1	Hypomecis atomaria	2024-03-18	SAMEA112963055	WELLCOME SANGER INSTITUTE	EBI	PRJEB40665;PRJEB43510;PRJEB43745;PRJEB67609;PRJEB71705;PRJEB74016;PRJNA533106			no_sra_center
GCA_949316475.1	Hypomecis punctinalis	2023-04-07	SAMEA10979165	WELLCOME SANGER INSTITUTE	EBI	PRJEB40665;PRJEB43510;PRJEB43745;PRJEB59306;PRJEB60123;PRJEB71705;PRJNA533106			no_sra_center
GCA_963921915.1	Hyposoter dolosus	2024-02-09	SAMEA14448456	WELLCOME SANGER INSTITUTE	EBI	PRJEB40665;PRJEB43510;PRJEB43745;PRJEB64957;PRJEB71840;PRJNA533106			no_sra_center
GCA_951799385.1	Hyppa rectilinea	2023-05-27	SAMEA112198371	WELLCOME SANGER INSTITUTE	EBI	PRJEB40665;PRJEB43510;PRJEB43745;PRJEB61345;PRJEB62532;PRJEB71705;PRJNA533106			no_sra_center
GCA_937001555.2	Hypsopygia costalis	2022-09-22	SAMEA7701325	WELLCOME SANGER INSTITUTE	EBI	PRJEB40665;PRJEB43510;PRJEB43745;PRJEB51267;PRJEB52130;PRJEB71705;PRJNA533106			no_sra_center
GCA_988323485.1	Hysterophora maculosana	2026-10-03	SAMEA118559941	WELLCOME SANGER INSTITUTE	EBI	PRJEB124399;PRJEB127752;PRJEB40665;PRJEB43510;PRJEB43745;PRJEB71705;PRJNA533106			no_sra_center
GCA_986268535.1	Iania pictifrons	2026-07-03	SAMEA111458163	WELLCOME SANGER INSTITUTE	EBI	PRJEB106285;PRJEB115565;PRJEB40665;PRJEB43510;PRJEB43745;PRJNA533106			no_sra_center
GCA_952773005.1	Icerya purchasi	2023-06-19	SAMEA7523480	WELLCOME SANGER INSTITUTE	EBI	PRJEB40665;PRJEB43510;PRJEB43745;PRJEB53241;PRJEB63193;PRJNA533106			no_sra_center
GCA_987581065.1	Ichneumon extensorius	2026-09-03	SAMEA116823092	WELLCOME SANGER INSTITUTE	EBI	PRJEB115891;PRJEB123861;PRJEB40665;PRJEB43510;PRJEB43745;PRJNA533106			no_sra_center
GCA_988322995.1	Ichneumon xanthorius	2026-10-03	SAMEA7746465	WELLCOME SANGER INSTITUTE	EBI	PRJEB40665;PRJEB43510;PRJEB43745;PRJEB46331;PRJEB48052;PRJNA533106			no_sra_center
GCA_917499995.1	Ichneumon xanthorius	2021-10-15	SAMEA7746465	WELLCOME SANGER INSTITUTE	EBI	PRJEB40665;PRJEB43510;PRJEB43745;PRJEB46331;PRJEB48052;PRJNA533106			no_sra_center
GCA_907269075.1	Idaea aversata	2021-05-19	SAMEA7519834	WELLCOME SANGER INSTITUTE	EBI	PRJEB40665;PRJEB43510;PRJEB43745;PRJEB44947;PRJEB44980;PRJEB71705;PRJNA533106			no_sra_center
GCA_958496205.1	Idaea biselata	2023-07-18	SAMEA111458426	WELLCOME SANGER INSTITUTE	EBI	PRJEB40665;PRJEB43510;PRJEB43745;PRJEB61335;PRJEB64358;PRJEB71705;PRJNA533106			no_sra_center
GCA_988225265.1	Idaea contiguaria	2026-09-09	SAMEA120953132	WELLCOME SANGER INSTITUTE	EBI	PRJEB123646;PRJEB124738;PRJEB40665;PRJEB43510;PRJEB43745;PRJEB71705;PRJNA533106			no_sra_center
GCA_988225375.1	Idaea contiguaria	2026-09-09	SAMEA120953132	WELLCOME SANGER INSTITUTE	EBI	PRJEB123646;PRJEB124737;PRJEB40665;PRJEB43510;PRJEB43745;PRJEB71705;PRJNA533106			no_sra_center
GCA_949358125.1	Idaea dimidiata	2023-03-10	SAMEA111458021	WELLCOME SANGER INSTITUTE	EBI	PRJEB40665;PRJEB43510;PRJEB43745;PRJEB58928;PRJEB60325;PRJEB71705;PRJNA533106			no_sra_center
GCA_986270155.1	Idaea emarginata	2026-07-05	SAMEA118559346	WELLCOME SANGER INSTITUTE	EBI	PRJEB114613;PRJEB115653;PRJEB40665;PRJEB43510;PRJEB43745;PRJEB71705;PRJNA533106			no_sra_center
GCA_987195785.1	Idaea fuscovenosa	2026-09-08	SAMEA115163328	WELLCOME SANGER INSTITUTE	EBI	PRJEB118539;PRJEB122795;PRJEB40665;PRJEB43510;PRJEB43745;PRJEB71705;PRJNA533106			no_sra_center
GCA_984573245.1	Idaea ochrata	2026-05-31	SAMEA118256600	WELLCOME SANGER INSTITUTE	EBI	PRJEB112322;PRJEB113567;PRJEB40665;PRJEB43510;PRJEB43745;PRJEB71705;PRJNA533106			no_sra_center
GCA_984573585.1	Idaea ochrata	2026-05-31	SAMEA118256600	WELLCOME SANGER INSTITUTE	EBI	PRJEB112322;PRJEB113566;PRJEB40665;PRJEB43510;PRJEB43745;PRJEB71705;PRJNA533106			no_sra_center
GCA_977970295.1	Idaea rusticata	2026-02-01	SAMEA115163326	WELLCOME SANGER INSTITUTE	EBI	PRJEB105666;PRJEB40665;PRJEB43510;PRJEB43745;PRJEB71705;PRJEB98116;PRJNA533106			no_sra_center
GCA_965250435.1	Idaea seriata	2025-04-20	SAMEA114806304	WELLCOME SANGER INSTITUTE	EBI	PRJEB40665;PRJEB43510;PRJEB43745;PRJEB71705;PRJEB87975;PRJEB88635;PRJNA533106			no_sra_center
GCA_951213275.1	Idaea straminata	2023-05-11	SAMEA112198465	WELLCOME SANGER INSTITUTE	EBI	PRJEB40665;PRJEB43510;PRJEB43745;PRJEB61363;PRJEB61828;PRJEB71705;PRJNA533106			no_sra_center
GCA_984573335.1	Idaea sylvestraria	2026-05-31	SAMEA118767929	WELLCOME SANGER INSTITUTE	EBI	PRJEB112680;PRJEB113568;PRJEB40665;PRJEB43510;PRJEB43745;PRJEB71705;PRJNA533106			no_sra_center
GCA_964276605.1	Idaea trigeminata	2024-10-28	SAMEA114644758	WELLCOME SANGER INSTITUTE	EBI	PRJEB40665;PRJEB43510;PRJEB43745;PRJEB71705;PRJEB80054;PRJEB81262;PRJNA533106			no_sra_center
GCA_951799425.1	Ilex aquifolium	2023-05-27	SAMEA7522524	WELLCOME SANGER INSTITUTE	EBI	PRJEB40665;PRJEB43510;PRJEB43745;PRJEB60202;PRJEB62536;PRJNA533106			no_sra_center
GCA_965234915.1	Ilione lineata	2025-04-06	SAMEA112964229	WELLCOME SANGER INSTITUTE	EBI	PRJEB40665;PRJEB43510;PRJEB43745;PRJEB85198;PRJEB88091;PRJNA533106			no_sra_center
GCA_965234975.1	Ilione lineata	2025-04-06	SAMEA112964229	WELLCOME SANGER INSTITUTE	EBI	PRJEB40665;PRJEB43510;PRJEB43745;PRJEB85198;PRJEB88092;PRJNA533106			no_sra_center
GCA_986268435.1	Ilybius aenescens	2026-07-04	SAMEA116117542	WELLCOME SANGER INSTITUTE	EBI	PRJEB112723;PRJEB115553;PRJEB40665;PRJEB43510;PRJEB43745;PRJNA533106			no_sra_center
GCA_965213615.1	Impatiens noli-tangere	2025-03-21	SAMEA7521816	WELLCOME SANGER INSTITUTE	EBI	PRJEB40665;PRJEB43510;PRJEB43745;PRJEB77495;PRJEB87243;PRJNA533106			no_sra_center
GCA_965112305.1	Impatiens parviflora	2025-01-23	SAMEA114563327	WELLCOME SANGER INSTITUTE	EBI	PRJEB40665;PRJEB43510;PRJEB43745;PRJEB79804;PRJEB84213;PRJNA533106			no_sra_center
GCA_946894095.1	Incurvaria masculella	2022-09-23	SAMEA10166808	WELLCOME SANGER INSTITUTE	EBI	PRJEB40665;PRJEB43510;PRJEB43745;PRJEB55135;PRJEB56019;PRJEB71705;PRJNA533106			no_sra_center
GCA_977066665.1	Incurvaria oehlmanniella	2025-11-27	SAMEA117574082	WELLCOME SANGER INSTITUTE	EBI	PRJEB104057;PRJEB40665;PRJEB43510;PRJEB43745;PRJEB71705;PRJEB96610;PRJNA533106			no_sra_center
GCA_988280855.1	Incurvaria pectinea	2026-09-17	SAMEA118256930	WELLCOME SANGER INSTITUTE	EBI	PRJEB124311;PRJEB126659;PRJEB40665;PRJEB43510;PRJEB43745;PRJEB71705;PRJNA533106			no_sra_center
GCA_984807535.1	Inocybe asterospora	2026-07-04	SAMEA110449645	WELLCOME SANGER INSTITUTE	EBI	PRJEB114640;PRJEB40665;PRJEB43510;PRJEB43745;PRJEB84083;PRJNA533106			no_sra_center
GCA_982374395.1	Inocybe fraudans	2026-04-04	SAMEA110757127	WELLCOME SANGER INSTITUTE	EBI	PRJEB110938;PRJEB40665;PRJEB43510;PRJEB43745;PRJEB65410;PRJNA533106			no_sra_center
GCA_965154565.1	Inocybe grammopodia	2025-02-28	SAMEA110449697	WELLCOME SANGER INSTITUTE	EBI	PRJEB40665;PRJEB43510;PRJEB43745;PRJEB60655;PRJEB86083;PRJNA533106			no_sra_center
GCA_965233645.1	Inocybe obscuroides	2025-04-03	SAMEA110757375	WELLCOME SANGER INSTITUTE	EBI	PRJEB40665;PRJEB43510;PRJEB43745;PRJEB65398;PRJEB87815;PRJNA533106			no_sra_center
GCA_979016895.1	Inocybe petiginosa	2026-02-19	SAMEA110449844	WELLCOME SANGER INSTITUTE	EBI	PRJEB107943;PRJEB40665;PRJEB43510;PRJEB43745;PRJEB75066;PRJNA533106			no_sra_center
GCA_964248975.1	Inocybe tigrina	2024-08-31	SAMEA110449707	WELLCOME SANGER INSTITUTE	EBI	PRJEB40665;PRJEB43510;PRJEB43745;PRJEB60657;PRJEB79326;PRJNA533106			no_sra_center
GCA_965217385.1	Inula conyza	2025-03-22	SAMEA10369671	WELLCOME SANGER INSTITUTE	EBI	PRJEB40665;PRJEB43510;PRJEB43745;PRJEB65696;PRJEB87297;PRJNA533106			no_sra_center
GCA_965233545.1	Inula salicina	2025-04-03	SAMEA114563198	WELLCOME SANGER INSTITUTE	EBI	PRJEB40665;PRJEB43510;PRJEB43745;PRJEB79868;PRJEB87804;PRJNA533106			no_sra_center
GCA_965233555.1	Inula salicina	2025-04-03	SAMEA114563198	WELLCOME SANGER INSTITUTE	EBI	PRJEB40665;PRJEB43510;PRJEB43745;PRJEB79868;PRJEB87805;PRJNA533106			no_sra_center
GCA_986265325.1	Ipimorpha subtusa	2026-07-04	SAMEA118768124	WELLCOME SANGER INSTITUTE	EBI	PRJEB113372;PRJEB115458;PRJEB40665;PRJEB43510;PRJEB43745;PRJEB71705;PRJNA533106			no_sra_center
GCA_976954535.1	Ips sexdentatus	2025-10-08	SAMEA115574941	WELLCOME SANGER INSTITUTE	European Bioinformatics Institute	PRJEB40665;PRJEB43510;PRJEB43745;PRJEB80999;PRJEB98041;PRJNA533106			no_sra_center
GCA_976954485.1	Ips sexdentatus	2025-10-07	SAMEA115574941	WELLCOME SANGER INSTITUTE	European Bioinformatics Institute	PRJEB40665;PRJEB43510;PRJEB43745;PRJEB80999;PRJEB98042;PRJNA533106			no_sra_center
GCA_964204905.1	Iris foetidissima	2024-07-27	SAMEA110013346	WELLCOME SANGER INSTITUTE	EBI	PRJEB40665;PRJEB43510;PRJEB43745;PRJEB76518;PRJEB78411;PRJNA533106			no_sra_center
GCA_976985125.1	Ischnodemus sabuleti	2025-10-22	SAMEA111458826	WELLCOME SANGER INSTITUTE	EBI	PRJEB40665;PRJEB43510;PRJEB43745;PRJEB97310;PRJEB98411;PRJNA533106			no_sra_center
GCA_921293095.2	Ischnura elegans	2022-10-25	SAMEA7521125	WELLCOME SANGER INSTITUTE	EBI	PRJEB40665;PRJEB43510;PRJEB43745;PRJEB46304;PRJEB49079;PRJNA533106			no_sra_center
GCA_963924025.1	Ischnus inquisitorius	2024-01-18	SAMEA112232736	WELLCOME SANGER INSTITUTE	EBI	PRJEB40665;PRJEB43510;PRJEB43745;PRJEB66033;PRJEB71903;PRJNA533106			no_sra_center
GCA_986174655.1	Isolepis cernua	2026-07-04	SAMEA110450291	WELLCOME SANGER INSTITUTE	EBI	PRJEB112713;PRJEB115245;PRJEB40665;PRJEB43510;PRJEB43745;PRJNA533106			no_sra_center
GCA_945910005.1	Isoperla grammatica	2022-09-10	SAMEA7521000	WELLCOME SANGER INSTITUTE	EBI	PRJEB40665;PRJEB43510;PRJEB43745;PRJEB53729;PRJEB54948;PRJNA533106			no_sra_center
GCA_988425415.1	Isophrictis striatella	2026-10-07	SAMEA117574667	WELLCOME SANGER INSTITUTE	EBI	PRJEB123654;PRJEB124475;PRJEB40665;PRJEB43510;PRJEB43745;PRJEB71705;PRJNA533106			no_sra_center
GCA_988221725.1	Isophrictis striatella	2026-09-09	SAMEA117574667	WELLCOME SANGER INSTITUTE	EBI	PRJEB123654;PRJEB124476;PRJEB40665;PRJEB43510;PRJEB43745;PRJEB71705;PRJNA533106			no_sra_center
GCA_964656885.3	Isopterygiella pulchella	2026-09-12	SAMEA110022776	WELLCOME SANGER INSTITUTE	EBI	PRJEB40665;PRJEB43510;PRJEB43745;PRJEB80451;PRJEB83597;PRJNA533106			no_sra_center
GCA_964034905.1	Itoplectis maculator	2024-04-27	SAMEA9654284	WELLCOME SANGER INSTITUTE	EBI	PRJEB40665;PRJEB43510;PRJEB43745;PRJEB64973;PRJEB75302;PRJNA533106			no_sra_center
GCA_965198965.1	Jacobaea maritima	2025-03-13	SAMEA114782746	WELLCOME SANGER INSTITUTE	EBI	PRJEB40665;PRJEB43510;PRJEB43745;PRJEB78965;PRJEB86803;PRJNA533106			no_sra_center
GCA_965178225.1	Jacobaea vulgaris	2025-03-19	SAMEA112689537	WELLCOME SANGER INSTITUTE	EBI	PRJEB125134;PRJEB40665;PRJEB43510;PRJEB43745;PRJEB79870;PRJEB80366;PRJEB86214;PRJNA533106			no_sra_center
GCA_977012755.1	Jaera albifrons	2025-11-08	SAMEA13831387	WELLCOME SANGER INSTITUTE	EBI	PRJEB101269;PRJEB40665;PRJEB43510;PRJEB43745;PRJEB89122;PRJNA533106			no_sra_center
GCA_986264845.1	Janolus hyalinus	2026-07-04	SAMEA112789130	WELLCOME SANGER INSTITUTE	EBI	PRJEB112940;PRJEB115351;PRJEB40665;PRJEB43510;PRJEB43745;PRJNA533106			no_sra_center
GCA_964059625.1	Jasione montana	2024-06-06	SAMEA10369646	WELLCOME SANGER INSTITUTE	EBI	PRJEB40665;PRJEB43510;PRJEB43745;PRJEB74169;PRJEB76099;PRJNA533106			no_sra_center
GCA_982554155.1	Juglans regia	2026-04-27	SAMEA10241410	WELLCOME SANGER INSTITUTE	EBI	PRJEB110151;PRJEB110795;PRJEB40665;PRJEB43510;PRJEB43745;PRJNA533106			no_sra_center
GCA_965378835.1	Juncus bufonius	2025-07-02	SAMEA112689519	WELLCOME SANGER INSTITUTE	EBI	PRJEB125134;PRJEB40665;PRJEB43510;PRJEB43745;PRJEB76510;PRJEB80366;PRJEB90323;PRJNA533106			no_sra_center
GCA_987106585.1	Juncus conglomeratus	2026-09-01	SAMEA112689529	WELLCOME SANGER INSTITUTE	EBI	PRJEB115893;PRJEB121316;PRJEB40665;PRJEB43510;PRJEB43745;PRJNA533106			no_sra_center
GCA_946800655.1	Juncus effusus	2022-09-15	SAMEA7521930	WELLCOME SANGER INSTITUTE	EBI	PRJEB40665;PRJEB43510;PRJEB43745;PRJEB50168;PRJEB55668;PRJNA533106			no_sra_center
GCA_965612345.2	Juncus inflexus	2026-04-25	SAMEA11478599	WELLCOME SANGER INSTITUTE	EBI	PRJEB40665;PRJEB43510;PRJEB43745;PRJEB81083;PRJEB90803;PRJNA533106			no_sra_center
GCA_965214595.2	Juncus squarrosus	2025-10-14	SAMEA111431328	WELLCOME SANGER INSTITUTE	EBI	PRJEB125134;PRJEB40665;PRJEB43510;PRJEB43745;PRJEB73926;PRJEB80366;PRJEB87247;PRJNA533106			no_sra_center
GCA_965214765.2	Juncus squarrosus	2025-10-14	SAMEA111431328	WELLCOME SANGER INSTITUTE	EBI	PRJEB125134;PRJEB40665;PRJEB43510;PRJEB43745;PRJEB73926;PRJEB80366;PRJEB87248;PRJNA533106			no_sra_center
GCA_965648485.1	Karpatiosorbus bristoliensis	2025-07-28	SAMEA14449814	WELLCOME SANGER INSTITUTE	EBI	PRJEB40665;PRJEB43510;PRJEB43745;PRJEB76367;PRJEB94370;PRJNA533106			no_sra_center
GCA_965648545.1	Karpatiosorbus bristoliensis	2025-07-28	SAMEA14449814	WELLCOME SANGER INSTITUTE	EBI	PRJEB40665;PRJEB43510;PRJEB43745;PRJEB76367;PRJEB94371;PRJNA533106			no_sra_center
GCA_986449145.1	Karpatiosorbus devoniensis	2026-08-25	SAMEA9143110	WELLCOME SANGER INSTITUTE	EBI	PRJEB113211;PRJEB116028;PRJEB40665;PRJEB43510;PRJEB43745;PRJNA533106			no_sra_center
GCA_977998095.1	Kellia suborbicularis	2026-01-30	SAMEA13854520	WELLCOME SANGER INSTITUTE	EBI	PRJEB106041;PRJEB40665;PRJEB43510;PRJEB43745;PRJEB73693;PRJNA533106			no_sra_center
GCA_975300795.1	Kiaeria blyttii	2025-10-25	SAMEA10983390	WELLCOME SANGER INSTITUTE	EBI	PRJEB40665;PRJEB43510;PRJEB43745;PRJEB94746;PRJEB96867;PRJNA533106			no_sra_center
GCA_988223285.1	Koelreuteria paniculata	2026-09-09	SAMEA115503535	WELLCOME SANGER INSTITUTE	European Bioinformatics Institute	PRJEB123960;PRJEB124619;PRJEB40665;PRJEB43510;PRJEB43745;PRJNA533106			no_sra_center
GCA_988223745.1	Koelreuteria paniculata	2026-09-09	SAMEA115503535	WELLCOME SANGER INSTITUTE	European Bioinformatics Institute	PRJEB123960;PRJEB124620;PRJEB40665;PRJEB43510;PRJEB43745;PRJNA533106			no_sra_center
GCA_986885555.1	Korscheltellus lupulinus	2026-09-01	SAMEA7520520	WELLCOME SANGER INSTITUTE	EBI	PRJEB113215;PRJEB121018;PRJEB40665;PRJEB43510;PRJEB43745;PRJEB71705;PRJNA533106			no_sra_center
GCA_977035705.1	Kuehneromyces mutabilis	2025-11-13	SAMEA110757073	WELLCOME SANGER INSTITUTE	EBI	PRJEB102668;PRJEB40665;PRJEB43510;PRJEB43745;PRJEB74754;PRJNA533106			no_sra_center
GCA_984036895.1	Kurzia trichoclados	2026-06-15	SAMEA111383823	WELLCOME SANGER INSTITUTE	EBI	PRJEB110746;PRJEB112790;PRJEB40665;PRJEB43510;PRJEB43745;PRJNA533106			no_sra_center
GCA_976954465.1	Kybos smaragdulus	2025-10-26	SAMEA110180669	WELLCOME SANGER INSTITUTE	EBI	PRJEB40665;PRJEB43510;PRJEB43745;PRJEB97298;PRJEB98044;PRJNA533106			no_sra_center
GCA_964211925.1	Kyklioacalles roboris	2024-08-02	SAMEA113425821	WELLCOME SANGER INSTITUTE	EBI	PRJEB40665;PRJEB43510;PRJEB43745;PRJEB76839;PRJEB78586;PRJNA533106			no_sra_center
GCA_963082975.1	Labia minor	2023-08-09	SAMEA10107090	WELLCOME SANGER INSTITUTE	EBI	PRJEB40665;PRJEB43510;PRJEB43745;PRJEB63625;PRJEB64815;PRJNA533106			no_sra_center
GCA_963930695.1	Labrus bergylta	2024-01-31	SAMEA111562158	WELLCOME SANGER INSTITUTE	EBI	PRJEB40665;PRJEB43510;PRJEB43745;PRJEB64951;PRJEB72177;PRJNA489243;PRJNA533106			no_sra_center
GCA_963584025.1	Labrus mixtus	2023-11-05	SAMEA111562155	WELLCOME SANGER INSTITUTE	EBI	PRJEB40665;PRJEB43510;PRJEB43745;PRJEB63507;PRJEB68165;PRJNA489243;PRJNA533106			no_sra_center
GCA_964248395.1	Laburnum anagyroides	2024-08-31	SAMEA114214492	WELLCOME SANGER INSTITUTE	EBI	PRJEB40665;PRJEB43510;PRJEB43745;PRJEB77765;PRJEB79343;PRJNA533106			no_sra_center
GCA_988221715.1	Lacanobia contigua	2026-09-05	SAMEA112198467	WELLCOME SANGER INSTITUTE	EBI	PRJEB123498;PRJEB124478;PRJEB40665;PRJEB43510;PRJEB43745;PRJEB71705;PRJNA533106			no_sra_center
GCA_950371165.1	Lacanobia oleracea	2023-05-02	SAMEA112198370	WELLCOME SANGER INSTITUTE	EBI	PRJEB40665;PRJEB43510;PRJEB43745;PRJEB61355;PRJEB61762;PRJEB71705;PRJNA533106			no_sra_center
GCA_987201935.1	Lacanobia suasa	2026-09-03	SAMEA120504311	WELLCOME SANGER INSTITUTE	EBI	PRJEB114919;PRJEB123016;PRJEB40665;PRJEB43510;PRJEB43745;PRJEB71705;PRJNA533106			no_sra_center
GCA_947578705.1	Lacanobia wlatinum	2022-12-18	SAMEA10979194	WELLCOME SANGER INSTITUTE	EBI	PRJEB40665;PRJEB43510;PRJEB43745;PRJEB56249;PRJEB58275;PRJEB71705;PRJNA533106			no_sra_center
GCA_965654275.1	Laccobius striatulus	2025-08-03	SAMEA114806210	WELLCOME SANGER INSTITUTE	EBI	PRJEB40665;PRJEB43510;PRJEB43745;PRJEB81638;PRJEB94828;PRJNA533106			no_sra_center
GCA_965654235.1	Laccobius striatulus	2025-08-03	SAMEA114806210	WELLCOME SANGER INSTITUTE	EBI	PRJEB40665;PRJEB43510;PRJEB43745;PRJEB81638;PRJEB94829;PRJNA533106			no_sra_center
GCA_987194725.1	Laccophilus minutus	2026-09-08	SAMEA118256969	WELLCOME SANGER INSTITUTE	EBI	PRJEB113334;PRJEB122787;PRJEB40665;PRJEB43510;PRJEB43745;PRJNA533106			no_sra_center
GCA_951394315.1	Lactarius evosmus	2023-05-13	SAMEA110449669	WELLCOME SANGER INSTITUTE	EBI	PRJEB40665;PRJEB43510;PRJEB43745;PRJEB58661;PRJEB62072;PRJNA533106			no_sra_center
GCA_988143915.1	Lactarius fulvissimus	2026-09-02	SAMEA113940400	WELLCOME SANGER INSTITUTE	EBI	PRJEB112308;PRJEB124096;PRJEB40665;PRJEB43510;PRJEB43745;PRJNA533106			no_sra_center
GCA_981112785.1	Lactarius pubescens	2026-02-28	SAMEA113940521	WELLCOME SANGER INSTITUTE	EBI	PRJEB108619;PRJEB40665;PRJEB43510;PRJEB43745;PRJEB77551;PRJNA533106			no_sra_center
GCA_963281015.1	Lactarius tabidus	2023-08-20	SAMEA110449723	WELLCOME SANGER INSTITUTE	EBI	PRJEB40665;PRJEB43510;PRJEB43745;PRJEB60192;PRJEB65067;PRJNA533106			no_sra_center
GCA_984589725.1	Lactifluus vellereus	2026-06-21	SAMEA113940391	WELLCOME SANGER INSTITUTE	EBI	PRJEB112304;PRJEB114177;PRJEB40665;PRJEB43510;PRJEB43745;PRJNA533106			no_sra_center
GCA_965218245.1	Lactuca saligna	2025-03-23	SAMEA9335245	WELLCOME SANGER INSTITUTE	EBI	PRJEB40665;PRJEB43510;PRJEB43745;PRJEB85204;PRJEB87350;PRJNA533106			no_sra_center
GCA_986694655.1	Ladona depressa	2026-09-01	SAMEA118256867	WELLCOME SANGER INSTITUTE	EBI	PRJEB114627;PRJEB120826;PRJEB40665;PRJEB43510;PRJEB43745;PRJNA533106			no_sra_center
GCA_927399515.3	Laetiporus sulphureus	2023-10-11	SAMEA8562046	WELLCOME SANGER INSTITUTE	EBI	PRJEB40665;PRJEB43510;PRJEB43745;PRJEB47319;PRJEB49995;PRJNA533106			no_sra_center
GCA_949774975.1	Lagenorhynchus albirostris	2023-04-08	SAMEA111380537	WELLCOME SANGER INSTITUTE	EBI	PRJEB40665;PRJEB43510;PRJEB43745;PRJEB60663;PRJEB60994;PRJNA1020146;PRJNA489243;PRJNA533106			no_sra_center
GCA_947359425.1	Lagria hirta	2022-12-03	SAMEA11025111	WELLCOME SANGER INSTITUTE	EBI	PRJEB40665;PRJEB43510;PRJEB43745;PRJEB55604;PRJEB57606;PRJNA533106			no_sra_center
GCA_964059565.1	Lamium amplexicaule	2024-06-06	SAMEA9143103	WELLCOME SANGER INSTITUTE	EBI	PRJEB125134;PRJEB40665;PRJEB43510;PRJEB43745;PRJEB74750;PRJEB76097;PRJEB80366;PRJNA533106			no_sra_center
GCA_964659665.2	Lamium purpureum	2025-10-26	SAMEA9143029	WELLCOME SANGER INSTITUTE	EBI	PRJEB125134;PRJEB40665;PRJEB43510;PRJEB43745;PRJEB80366;PRJEB81017;PRJEB83713;PRJNA533106			no_sra_center
GCA_964198595.1	Lampetra fluviatilis	2024-07-13	SAMEA111528664	WELLCOME SANGER INSTITUTE	EBI	PRJEB107229;PRJEB40665;PRJEB43510;PRJEB43745;PRJEB68292;PRJEB77461;PRJNA489243;PRJNA533106			no_sra_center
GCA_977035995.1	Lampronia capitella	2025-11-13	SAMEA117492001	WELLCOME SANGER INSTITUTE	EBI	PRJEB100927;PRJEB102679;PRJEB40665;PRJEB43510;PRJEB43745;PRJEB71705;PRJNA533106			no_sra_center
GCA_948098915.1	Lampropteryx suffumata	2023-01-09	SAMEA10107026	WELLCOME SANGER INSTITUTE	EBI	PRJEB40665;PRJEB43510;PRJEB43745;PRJEB58348;PRJEB58771;PRJEB71705;PRJNA533106			no_sra_center
GCA_986264595.1	Lamprotettix nitidulus	2026-07-04	SAMEA114644415	WELLCOME SANGER INSTITUTE	EBI	PRJEB108385;PRJEB115337;PRJEB40665;PRJEB43510;PRJEB43745;PRJNA533106			no_sra_center
GCA_905220505.1	Laothoe populi	2021-02-16	SAMEA7520519	WELLCOME SANGER INSTITUTE	EBI	PRJEB40665;PRJEB42885;PRJEB42952;PRJEB43510;PRJEB43745;PRJEB71705;PRJNA533106			no_sra_center
GCA_965198615.1	Lapsana communis	2025-03-13	SAMEA11478523	WELLCOME SANGER INSTITUTE	EBI	PRJEB125134;PRJEB40665;PRJEB43510;PRJEB43745;PRJEB79872;PRJEB80366;PRJEB86805;PRJNA533106			no_sra_center
GCA_965117235.1	Larentia clavaria	2025-01-25	SAMEA115163564	WELLCOME SANGER INSTITUTE	EBI	PRJEB40665;PRJEB43510;PRJEB43745;PRJEB71705;PRJEB83481;PRJEB85146;PRJNA533106			no_sra_center
GCA_964340895.1	Larinioides cornutus	2024-11-21	SAMEA114644584	WELLCOME SANGER INSTITUTE	EBI	PRJEB40665;PRJEB43510;PRJEB43745;PRJEB82167;PRJEB82654;PRJNA533106			no_sra_center
GCA_977012605.1	Larinus planus	2025-10-31	SAMEA114644980	WELLCOME SANGER INSTITUTE	EBI	PRJEB101224;PRJEB40665;PRJEB43510;PRJEB43745;PRJEB97282;PRJNA533106			no_sra_center
GCA_977012685.1	Larinus planus	2025-11-08	SAMEA114644980	WELLCOME SANGER INSTITUTE	EBI	PRJEB101225;PRJEB40665;PRJEB43510;PRJEB43745;PRJEB97282;PRJNA533106			no_sra_center
GCA_988324595.1	Larus argentatus	2026-10-04	SAMEA115168456	WELLCOME SANGER INSTITUTE	EBI	PRJEB125134;PRJEB40665;PRJEB43510;PRJEB43745;PRJEB75661;PRJEB80366;PRJEB83061;PRJNA489243;PRJNA533106			no_sra_center
GCA_988324105.1	Larus argentatus	2026-10-03	SAMEA115168456	WELLCOME SANGER INSTITUTE	EBI	PRJEB125134;PRJEB40665;PRJEB43510;PRJEB43745;PRJEB75661;PRJEB80366;PRJEB83060;PRJNA489243;PRJNA533106			no_sra_center
GCA_988323945.1	Larus canus	2026-10-03	SAMEA115168455	WELLCOME SANGER INSTITUTE	EBI	PRJEB125134;PRJEB40665;PRJEB43510;PRJEB43745;PRJEB80366;PRJEB81433;PRJEB95783;PRJNA489243;PRJNA533106			no_sra_center
GCA_988324555.1	Larus fuscus	2026-10-04	SAMEA112468039	WELLCOME SANGER INSTITUTE	EBI	PRJEB125134;PRJEB40665;PRJEB43510;PRJEB43745;PRJEB71570;PRJEB72328;PRJEB80366;PRJNA489243;PRJNA533106			no_sra_center
GCA_965654465.1	Larus glaucescens	2025-08-03	SAMEA115348653	WELLCOME SANGER INSTITUTE	EBI	PRJEB40665;PRJEB43510;PRJEB43745;PRJEB77454;PRJEB94820;PRJNA489243;PRJNA533106			no_sra_center
GCA_965654385.1	Larus glaucescens	2025-08-03	SAMEA115348653	WELLCOME SANGER INSTITUTE	EBI	PRJEB40665;PRJEB43510;PRJEB43745;PRJEB77454;PRJEB94821;PRJNA489243;PRJNA533106			no_sra_center
GCA_965654415.1	Larus hyperboreus	2025-08-03	SAMEA115119300	WELLCOME SANGER INSTITUTE	EBI	PRJEB125134;PRJEB40665;PRJEB43510;PRJEB43745;PRJEB80366;PRJEB81846;PRJEB94822;PRJNA489243;PRJNA533106			no_sra_center
GCA_965654215.1	Larus hyperboreus	2025-08-03	SAMEA115119300	WELLCOME SANGER INSTITUTE	EBI	PRJEB125134;PRJEB40665;PRJEB43510;PRJEB43745;PRJEB80366;PRJEB81846;PRJEB94823;PRJNA489243;PRJNA533106			no_sra_center
GCA_988323735.1	Larus marinus	2026-10-03	SAMEA115168457	WELLCOME SANGER INSTITUTE	EBI	PRJEB125134;PRJEB40665;PRJEB43510;PRJEB43745;PRJEB76321;PRJEB80366;PRJEB94508;PRJNA489243;PRJNA533106			no_sra_center
GCA_988323895.1	Larus marinus	2026-10-03	SAMEA115168457	WELLCOME SANGER INSTITUTE	EBI	PRJEB125134;PRJEB40665;PRJEB43510;PRJEB43745;PRJEB76321;PRJEB80366;PRJEB94507;PRJNA489243;PRJNA533106			no_sra_center
GCA_988324135.1	Larus michahellis	2026-10-03	SAMEA114211328	WELLCOME SANGER INSTITUTE	EBI	PRJEB107229;PRJEB40665;PRJEB43510;PRJEB43745;PRJEB49197;PRJEB76381;PRJEB77562;PRJNA489243;PRJNA533106			no_sra_center
GCA_988324715.1	Larus michahellis	2026-10-04	SAMEA114211328	WELLCOME SANGER INSTITUTE	EBI	PRJEB107229;PRJEB40665;PRJEB43510;PRJEB43745;PRJEB76381;PRJEB77561;PRJNA489243;PRJNA533106			no_sra_center
GCA_965654445.1	Larus occidentalis	2025-08-03	SAMEA115348658	WELLCOME SANGER INSTITUTE	EBI	PRJEB40665;PRJEB43510;PRJEB43745;PRJEB77456;PRJEB94825;PRJNA489243;PRJNA533106			no_sra_center
GCA_965654455.1	Larus occidentalis	2025-08-03	SAMEA115348658	WELLCOME SANGER INSTITUTE	EBI	PRJEB40665;PRJEB43510;PRJEB43745;PRJEB77456;PRJEB94824;PRJNA489243;PRJNA533106			no_sra_center
GCA_963966675.1	Lasioglossum calceatum	2024-02-24	SAMEA7849393	WELLCOME SANGER INSTITUTE	EBI	PRJEB40665;PRJEB43510;PRJEB43745;PRJEB55936;PRJEB72769;PRJNA533106			no_sra_center
GCA_963971175.1	Lasioglossum calceatum	2024-03-04	SAMEA7849394	WELLCOME SANGER INSTITUTE	EBI	PRJEB40665;PRJEB43510;PRJEB43745;PRJEB55936;PRJEB73470;PRJNA533106			no_sra_center
GCA_916610255.1	Lasioglossum lativentre	2021-10-01	SAMEA7746765	WELLCOME SANGER INSTITUTE	EBI	PRJEB40665;PRJEB43510;PRJEB43745;PRJEB46299;PRJEB47729;PRJNA533106			no_sra_center
GCA_965262445.1	Lasioglossum leucozonium	2025-04-27	SAMEA7746759	WELLCOME SANGER INSTITUTE	EBI	PRJEB40665;PRJEB43510;PRJEB43745;PRJEB66035;PRJEB88851;PRJNA533106			no_sra_center
GCA_916610235.2	Lasioglossum morio	2022-01-24	SAMEA7746456	WELLCOME SANGER INSTITUTE	EBI	PRJEB40665;PRJEB43510;PRJEB43745;PRJEB46298;PRJEB47731;PRJNA533106			no_sra_center
GCA_933228785.1	Lasioglossum pauxillum	2022-03-23	SAMEA7520494	WELLCOME SANGER INSTITUTE	EBI	PRJEB40665;PRJEB43510;PRJEB43745;PRJEB51035;PRJEB51575;PRJNA533106			no_sra_center
GCA_985690225.1	Lasioglossum prasinum	2026-07-04	SAMEA114644817	WELLCOME SANGER INSTITUTE	EBI	PRJEB110539;PRJEB115095;PRJEB40665;PRJEB43510;PRJEB43745;PRJNA533106			no_sra_center
GCA_985690855.1	Lasioglossum prasinum	2026-07-04	SAMEA114644817	WELLCOME SANGER INSTITUTE	EBI	PRJEB110539;PRJEB115096;PRJEB40665;PRJEB43510;PRJEB43745;PRJNA533106			no_sra_center
GCA_963971365.1	Lasioglossum villosulum	2024-03-07	SAMEA110451629	WELLCOME SANGER INSTITUTE	EBI	PRJEB40665;PRJEB43510;PRJEB43745;PRJEB64955;PRJEB73520;PRJNA533106			no_sra_center
GCA_928268935.1	Lasiommata megera	2022-02-01	SAMEA7523153	WELLCOME SANGER INSTITUTE	EBI	PRJEB40665;PRJEB43510;PRJEB43745;PRJEB48330;PRJEB50440;PRJEB71705;PRJNA533106			no_sra_center
GCA_976916715.1	Lasiorhynchites cavifrons	2025-10-26	SAMEA114806239	WELLCOME SANGER INSTITUTE	EBI	PRJEB40665;PRJEB43510;PRJEB43745;PRJEB80409;PRJEB97130;PRJNA533106			no_sra_center
GCA_976919195.1	Lasiorhynchites cavifrons	2025-10-26	SAMEA114806239	WELLCOME SANGER INSTITUTE	EBI	PRJEB40665;PRJEB43510;PRJEB43745;PRJEB80409;PRJEB97131;PRJNA533106			no_sra_center
GCA_964261615.1	Lasius brunneus	2024-09-10	SAMEA10107045	WELLCOME SANGER INSTITUTE	EBI	PRJEB40665;PRJEB43510;PRJEB43745;PRJEB74585;PRJEB79735;PRJNA533106			no_sra_center
GCA_965645255.1	Lasius flavus	2025-07-28	SAMEA8534278	WELLCOME SANGER INSTITUTE	EBI	PRJEB40665;PRJEB43510;PRJEB43745;PRJEB88760;PRJEB94312;PRJNA533106			no_sra_center
GCA_965645265.1	Lasius flavus	2025-07-28	SAMEA8534278	WELLCOME SANGER INSTITUTE	EBI	PRJEB40665;PRJEB43510;PRJEB43745;PRJEB88760;PRJEB94311;PRJNA533106			no_sra_center
GCA_949152495.1	Lasius fuliginosus	2023-04-08	SAMEA10107007	WELLCOME SANGER INSTITUTE	EBI	PRJEB40665;PRJEB43510;PRJEB43745;PRJEB57896;PRJEB59855;PRJNA533106			no_sra_center
GCA_963971435.1	Lasius platythorax	2024-03-07	SAMEA112232688	WELLCOME SANGER INSTITUTE	EBI	PRJEB40665;PRJEB43510;PRJEB43745;PRJEB70635;PRJEB73541;PRJNA533106			no_sra_center
GCA_905147015.1	Laspeyria flexula	2021-01-28	SAMEA7519836	Wellcome Sanger Institute	EBI	PRJEB40665;PRJEB41886;PRJEB42131;PRJEB43510;PRJEB43745;PRJEB71705;PRJNA533106			no_sra_center
GCA_986341785.1	Lathraea clandestina	2026-08-25	SAMEA9143054	WELLCOME SANGER INSTITUTE	EBI	PRJEB112628;PRJEB115798;PRJEB40665;PRJEB43510;PRJEB43745;PRJNA533106			no_sra_center
GCA_973357735.1	Lathraea squamaria	2025-10-26	SAMEA9143053	WELLCOME SANGER INSTITUTE	EBI	PRJEB40665;PRJEB43510;PRJEB43745;PRJEB87969;PRJEB96430;PRJNA533106			no_sra_center
GCA_965240315.1	Lathrobium brunnipes	2025-04-14	SAMEA114805639	WELLCOME SANGER INSTITUTE	EBI	PRJEB40665;PRJEB43510;PRJEB43745;PRJEB85032;PRJEB88417;PRJNA533106			no_sra_center
GCA_982375295.1	Lathrobium fulvipenne	2026-04-04	SAMEA115574686	WELLCOME SANGER INSTITUTE	EBI	PRJEB111056;PRJEB40665;PRJEB43510;PRJEB43745;PRJEB81391;PRJNA533106			no_sra_center
GCA_949128165.1	Lathronympha strigana	2023-03-10	SAMEA111458726	WELLCOME SANGER INSTITUTE	EBI	PRJEB40665;PRJEB43510;PRJEB43745;PRJEB59290;PRJEB59495;PRJEB71705;PRJNA533106			no_sra_center
GCA_963966055.1	Lathyrus aphaca	2024-02-11	SAMEA10369454	WELLCOME SANGER INSTITUTE	EBI	PRJEB40665;PRJEB43510;PRJEB43745;PRJEB71029;PRJEB72515;PRJNA533106			no_sra_center
GCA_964345755.1	Lathyrus linifolius	2024-12-02	SAMEA7522408	WELLCOME SANGER INSTITUTE	EBI	PRJEB40665;PRJEB43510;PRJEB43745;PRJEB76347;PRJEB82905;PRJNA533106			no_sra_center
GCA_978258985.1	Lecanipa bicincta	2026-02-14	SAMEA114663826	WELLCOME SANGER INSTITUTE	EBI	PRJEB105471;PRJEB107205;PRJEB40665;PRJEB43510;PRJEB43745;PRJNA533106			no_sra_center
GCA_965153235.2	Leersia oryzoides	2025-10-26	SAMEA112287491	WELLCOME SANGER INSTITUTE	EBI	PRJEB40665;PRJEB43510;PRJEB43745;PRJEB81085;PRJEB85966;PRJNA533106			no_sra_center
GCA_965153345.2	Leersia oryzoides	2025-10-16	SAMEA112287491	WELLCOME SANGER INSTITUTE	EBI	PRJEB40665;PRJEB43510;PRJEB43745;PRJEB81085;PRJEB85967;PRJNA533106			no_sra_center
GCA_980434355.1	Leia fascipennis	2026-02-28	SAMEA115792976	WELLCOME SANGER INSTITUTE	EBI	PRJEB108407;PRJEB40665;PRJEB43510;PRJEB43745;PRJEB97538;PRJNA533106			no_sra_center
GCA_965152755.1	Leia winthemii	2025-02-19	SAMEA115792986	WELLCOME SANGER INSTITUTE	EBI	PRJEB40665;PRJEB43510;PRJEB43745;PRJEB84993;PRJEB85896;PRJNA533106			no_sra_center
GCA_965260835.1	Leiosoma deflexum	2025-04-25	SAMEA114644654	WELLCOME SANGER INSTITUTE	EBI	PRJEB40665;PRJEB43510;PRJEB43745;PRJEB85052;PRJEB88798;PRJNA533106			no_sra_center
GCA_988323775.1	Leiothrix argentauris	2026-10-03	SAMEA118680509	WELLCOME SANGER INSTITUTE	EBI	PRJEB115883;PRJEB127657;PRJEB40665;PRJEB43510;PRJEB43745;PRJNA489243;PRJNA533106			no_sra_center
GCA_965644575.1	Leistus fulvibarbis	2025-07-28	SAMEA115574745	WELLCOME SANGER INSTITUTE	EBI	PRJEB40665;PRJEB43510;PRJEB43745;PRJEB81624;PRJEB94212;PRJNA533106			no_sra_center
GCA_965644585.1	Leistus fulvibarbis	2025-07-28	SAMEA115574745	WELLCOME SANGER INSTITUTE	EBI	PRJEB40665;PRJEB43510;PRJEB43745;PRJEB81624;PRJEB94211;PRJNA533106			no_sra_center
GCA_966112595.1	Leistus rufomarginatus	2025-08-23	SAMEA114644535	WELLCOME SANGER INSTITUTE	EBI	PRJEB40665;PRJEB43510;PRJEB43745;PRJEB80411;PRJEB95788;PRJNA533106			no_sra_center
GCA_933228885.1	Leistus spinibarbis	2022-03-23	SAMEA9359424	WELLCOME SANGER INSTITUTE	EBI	PRJEB40665;PRJEB43510;PRJEB43745;PRJEB50883;PRJEB51584;PRJNA533106			no_sra_center
GCA_964341035.2	Lemna minuta	2026-10-04	SAMEA10369449	WELLCOME SANGER INSTITUTE	EBI	PRJEB40665;PRJEB43510;PRJEB43745;PRJEB58250;PRJEB82685;PRJNA533106			no_sra_center
GCA_965240285.1	Leontodon hispidus	2025-04-14	SAMEA11478584	WELLCOME SANGER INSTITUTE	EBI	PRJEB40665;PRJEB43510;PRJEB43745;PRJEB73948;PRJEB88408;PRJNA533106			no_sra_center
GCA_965240265.1	Leontodon hispidus	2025-04-14	SAMEA11478584	WELLCOME SANGER INSTITUTE	EBI	PRJEB40665;PRJEB43510;PRJEB43745;PRJEB73948;PRJEB88409;PRJNA533106			no_sra_center
GCA_965240495.1	Leotia lubrica	2025-04-13	SAMEA110757102	WELLCOME SANGER INSTITUTE	EBI	PRJEB40665;PRJEB43510;PRJEB43745;PRJEB84079;PRJEB88415;PRJNA533106			no_sra_center
GCA_977969705.1	Lepas anatifera	2026-02-01	SAMEA112858374	WELLCOME SANGER INSTITUTE	EBI	PRJEB102891;PRJEB105451;PRJEB40665;PRJEB43510;PRJEB43745;PRJNA533106			no_sra_center
GCA_963680855.1	Lepeophtheirus nordmannii	2023-12-11	SAMEA7520958	WELLCOME SANGER INSTITUTE	EBI	PRJEB40665;PRJEB43510;PRJEB43745;PRJEB66251;PRJEB70454;PRJNA533106			no_sra_center
GCA_984589385.1	Lepidium campestre	2026-06-22	SAMEA114214496	WELLCOME SANGER INSTITUTE	EBI	PRJEB113094;PRJEB114158;PRJEB40665;PRJEB43510;PRJEB43745;PRJNA533106			no_sra_center
GCA_984589065.1	Lepidium campestre	2026-06-22	SAMEA114214496	WELLCOME SANGER INSTITUTE	EBI	PRJEB113094;PRJEB114157;PRJEB40665;PRJEB43510;PRJEB43745;PRJNA533106			no_sra_center
GCA_963920545.1	Lepidium didymum	2023-12-23	SAMEA110013351	WELLCOME SANGER INSTITUTE	EBI	PRJEB40665;PRJEB43510;PRJEB43745;PRJEB68270;PRJEB71486;PRJNA533106			no_sra_center
GCA_987197435.1	Lepidium draba	2026-09-08	SAMEA9143100	WELLCOME SANGER INSTITUTE	EBI	PRJEB113124;PRJEB122768;PRJEB40665;PRJEB43510;PRJEB43745;PRJNA533106			no_sra_center
GCA_987196795.1	Lepidium draba	2026-09-08	SAMEA9143100	WELLCOME SANGER INSTITUTE	EBI	PRJEB113124;PRJEB122767;PRJEB40665;PRJEB43510;PRJEB43745;PRJNA533106			no_sra_center
GCA_987196835.1	Lepidium draba	2026-09-08	SAMEA9143100	WELLCOME SANGER INSTITUTE	EBI	PRJEB113124;PRJEB122769;PRJEB40665;PRJEB43510;PRJEB43745;PRJNA533106			no_sra_center
GCA_987196895.1	Lepidium draba	2026-09-09	SAMEA9143100	WELLCOME SANGER INSTITUTE	EBI	PRJEB113124;PRJEB122770;PRJEB40665;PRJEB43510;PRJEB43745;PRJNA533106			no_sra_center
GCA_987198615.1	Lepidium latifolium	2026-09-03	SAMEA114563326	WELLCOME SANGER INSTITUTE	EBI	PRJEB113146;PRJEB122911;PRJEB125134;PRJEB40665;PRJEB43510;PRJEB43745;PRJEB80366;PRJNA533106			no_sra_center
GCA_963971465.1	Lepidochitona cinerea	2024-03-07	SAMEA12219462	WELLCOME SANGER INSTITUTE	EBI	PRJEB40665;PRJEB43510;PRJEB43745;PRJEB72111;PRJEB73534;PRJNA533106			no_sra_center
GCA_964276635.1	Lepidocyrtus curvicollis	2024-10-28	SAMEA113425830	WELLCOME SANGER INSTITUTE	EBI	PRJEB40665;PRJEB43510;PRJEB43745;PRJEB80649;PRJEB81267;PRJNA533106			no_sra_center
GCA_936440205.1	Lepidonotus clava	2022-05-03	SAMEA8724790	WELLCOME SANGER INSTITUTE	EBI	PRJEB40665;PRJEB43510;PRJEB43745;PRJEB50789;PRJEB52083;PRJNA533106			no_sra_center
GCA_965644175.1	Lepidozia cupressina	2025-07-27	SAMEA111383040	WELLCOME SANGER INSTITUTE	EBI	PRJEB40665;PRJEB43510;PRJEB43745;PRJEB89993;PRJEB94091;PRJNA533106			no_sra_center
GCA_986265155.1	Lepidozia reptans	2026-07-04	SAMEA7688732	WELLCOME SANGER INSTITUTE	EBI	PRJEB113084;PRJEB115448;PRJEB40665;PRJEB43510;PRJEB43745;PRJNA533106			no_sra_center
GCA_977018435.1	Lepisma saccharinum	2025-11-08	SAMEA112353342	WELLCOME SANGER INSTITUTE	EBI	PRJEB102039;PRJEB40665;PRJEB43510;PRJEB43745;PRJEB85216;PRJNA533106			no_sra_center
GCA_964036015.1	Leptarthrus brevirostris	2024-05-10	SAMEA112222057	WELLCOME SANGER INSTITUTE	EBI	PRJEB40665;PRJEB43510;PRJEB43745;PRJEB74689;PRJEB75538;PRJNA533106			no_sra_center
GCA_905404315.1	Leptidea sinapis	2021-04-15	SAMEA7523467	WELLCOME SANGER INSTITUTE	EBI	PRJEB40665;PRJEB43510;PRJEB43745;PRJEB43801;PRJEB43998;PRJEB71705;PRJNA533106			no_sra_center
GCA_978019925.1	Leptocerus tineiformis	2026-01-18	SAMEA118280461	WELLCOME SANGER INSTITUTE	EBI	PRJEB104594;PRJEB106460;PRJEB40665;PRJEB43510;PRJEB43745;PRJNA533106			no_sra_center
GCA_963082835.1	Leptogaster cylindrica	2023-08-09	SAMEA7521500	WELLCOME SANGER INSTITUTE	EBI	PRJEB40665;PRJEB43510;PRJEB43745;PRJEB57890;PRJEB64809;PRJNA533106			no_sra_center
GCA_963580335.1	Leptographium flavum	2023-11-04	SAMEA110449750	WELLCOME SANGER INSTITUTE	EBI	PRJEB40665;PRJEB43510;PRJEB43745;PRJEB63116;PRJEB67931;PRJNA533106			no_sra_center
GCA_954871275.1	Leptopterna dolabrata	2023-07-15	SAMEA112226472	WELLCOME SANGER INSTITUTE	EBI	PRJEB40665;PRJEB43510;PRJEB43745;PRJEB62413;PRJEB63253;PRJNA533106			no_sra_center
GCA_963675555.1	Leptura quadrifasciata	2023-12-10	SAMEA112964247	WELLCOME SANGER INSTITUTE	EBI	PRJEB40665;PRJEB43510;PRJEB43745;PRJEB66019;PRJEB69336;PRJNA533106			no_sra_center
GCA_988323515.1	Lestes sponsa	2026-10-03	SAMEA116117123	WELLCOME SANGER INSTITUTE	EBI	PRJEB125169;PRJEB127762;PRJEB40665;PRJEB43510;PRJEB43745;PRJNA533106			no_sra_center
GCA_965644545.1	Lesteva pubescens	2025-07-28	SAMEA115575011	WELLCOME SANGER INSTITUTE	European Bioinformatics Institute	PRJEB40665;PRJEB43510;PRJEB43745;PRJEB82169;PRJEB94213;PRJNA533106			no_sra_center
GCA_975739945.1	Lesteva punctata	2025-10-26	SAMEA114805603	WELLCOME SANGER INSTITUTE	EBI	PRJEB40665;PRJEB43510;PRJEB43745;PRJEB81626;PRJEB97788;PRJNA533106			no_sra_center
GCA_964264825.1	Lestiphorus bicinctus	2024-09-21	SAMEA112964355	WELLCOME SANGER INSTITUTE	EBI	PRJEB40665;PRJEB43510;PRJEB43745;PRJEB66083;PRJEB80277;PRJNA533106			no_sra_center
GCA_958295575.1	Leucania comma	2023-07-06	SAMEA112221976	WELLCOME SANGER INSTITUTE	EBI	PRJEB40665;PRJEB43510;PRJEB43745;PRJEB62567;PRJEB63663;PRJEB71705;PRJNA533106			no_sra_center
GCA_965113295.1	Leuciscus leuciscus	2025-01-24	SAMEA11296544	WELLCOME SANGER INSTITUTE	EBI	PRJEB40665;PRJEB43510;PRJEB43745;PRJEB73936;PRJEB85072;PRJNA489243;PRJNA533106			no_sra_center
GCA_965113325.1	Leuciscus leuciscus	2025-01-24	SAMEA11296544	WELLCOME SANGER INSTITUTE	EBI	PRJEB40665;PRJEB43510;PRJEB43745;PRJEB73936;PRJEB85073;PRJNA489243;PRJNA533106			no_sra_center
GCA_965648415.1	Leucobryum glaucum	2025-07-28	SAMEA10332328	WELLCOME SANGER INSTITUTE	EBI	PRJEB40665;PRJEB43510;PRJEB43745;PRJEB80437;PRJEB94365;PRJNA533106			no_sra_center
GCA_987270405.1	Leucobryum juniperoideum	2026-09-02	SAMEA111383075	WELLCOME SANGER INSTITUTE	EBI	PRJEB120899;PRJEB123334;PRJEB40665;PRJEB43510;PRJEB43745;PRJNA533106			no_sra_center
GCA_977061895.1	Leucocephalonemertes aurantiaca	2025-11-15	SAMEA110449733	WELLCOME SANGER INSTITUTE	EBI	PRJEB102851;PRJEB40665;PRJEB43510;PRJEB43745;PRJEB76771;PRJNA533106			no_sra_center
GCA_984652615.1	Leucodon sciuroides	2026-06-22	SAMEA13831637	WELLCOME SANGER INSTITUTE	EBI	PRJEB111050;PRJEB114272;PRJEB40665;PRJEB43510;PRJEB43745;PRJNA533106			no_sra_center
GCA_948253155.1	Leucoma salicis	2023-01-18	SAMEA10978935	WELLCOME SANGER INSTITUTE	EBI	PRJEB40665;PRJEB43510;PRJEB43745;PRJEB58418;PRJEB58973;PRJEB71705;PRJNA533106			no_sra_center
GCA_949987735.1	Leucophora obtusa	2023-05-03	SAMEA10166765	WELLCOME SANGER INSTITUTE	EBI	PRJEB40665;PRJEB43510;PRJEB43745;PRJEB57107;PRJEB61595;PRJNA533106			no_sra_center
GCA_988324655.1	Leucophora personata	2026-10-03	SAMEA10166772	WELLCOME SANGER INSTITUTE	EBI	PRJEB124554;PRJEB126512;PRJEB40665;PRJEB43510;PRJEB43745;PRJNA533106			no_sra_center
GCA_965643815.1	Leucophora sponsa	2025-07-20	SAMEA115574537	WELLCOME SANGER INSTITUTE	EBI	PRJEB40665;PRJEB43510;PRJEB43745;PRJEB89597;PRJEB94039;PRJNA533106			no_sra_center
GCA_964270905.1	Leucopleurus acutus	2024-09-29	SAMEA114493133	WELLCOME SANGER INSTITUTE	EBI	PRJEB40665;PRJEB43510;PRJEB43745;PRJEB77312;PRJEB80626;PRJNA1020146;PRJNA489243;PRJNA533106			no_sra_center
GCA_982340895.1	Leucoraja naevus	2026-03-23	SAMEA117801450	WELLCOME SANGER INSTITUTE	EBI	PRJEB105481;PRJEB110396;PRJEB40665;PRJEB43510;PRJEB43745;PRJNA489243;PRJNA533106			no_sra_center
GCA_985607265.1	Leucozona glaucia	2026-07-04	SAMEA7702299	WELLCOME SANGER INSTITUTE	EBI	PRJEB115028;PRJEB40665;PRJEB43510;PRJEB43745;PRJEB80669;PRJNA533106			no_sra_center
GCA_932273885.2	Leucozona laternaria	2022-10-25	SAMEA8603164	WELLCOME SANGER INSTITUTE	EBI	PRJEB40665;PRJEB43510;PRJEB43745;PRJEB49344;PRJEB51193;PRJNA533106			no_sra_center
GCA_934045905.1	Leuctra nigra	2022-03-27	SAMEA7521360	WELLCOME SANGER INSTITUTE	EBI	PRJEB40665;PRJEB43510;PRJEB43745;PRJEB50932;PRJEB51797;PRJNA533106			no_sra_center
GCA_976925295.1	Levisticum officinale	2025-11-08	SAMEA114565235	WELLCOME SANGER INSTITUTE	EBI	PRJEB125134;PRJEB40665;PRJEB43510;PRJEB43745;PRJEB80366;PRJEB92290;PRJEB97230;PRJNA533106			no_sra_center
GCA_977000275.1	Lewinskya affinis	2025-11-07	SAMEA111383154	WELLCOME SANGER INSTITUTE	EBI	PRJEB40665;PRJEB43510;PRJEB43745;PRJEB97846;PRJEB98976;PRJNA533106			no_sra_center
GCA_976985105.1	Lewinskya rupestris	2025-10-05	SAMEA110039421	WELLCOME SANGER INSTITUTE	EBI	PRJEB40665;PRJEB43510;PRJEB43745;PRJEB97848;PRJEB98409;PRJNA533106			no_sra_center
GCA_976987265.1	Lewinskya speciosa	2025-11-07	SAMEA114782935	WELLCOME SANGER INSTITUTE	EBI	PRJEB40665;PRJEB43510;PRJEB43745;PRJEB98067;PRJEB98705;PRJNA533106			no_sra_center
GCA_986167755.1	Lewinskya striata	2026-06-30	SAMEA112689875	WELLCOME SANGER INSTITUTE	EBI	PRJEB113209;PRJEB115201;PRJEB40665;PRJEB43510;PRJEB43745;PRJNA533106			no_sra_center
GCA_963422465.1	Lichina pygmaea	2023-09-11	SAMEA13854761	WELLCOME SANGER INSTITUTE	EBI	PRJEB40665;PRJEB43510;PRJEB43743;PRJEB43745;PRJEB63659;PRJEB65835;PRJNA533106			no_sra_center
GCA_947049295.1	Ligdia adustata	2022-10-09	SAMEA10979137	WELLCOME SANGER INSTITUTE	EBI	PRJEB40665;PRJEB43510;PRJEB43745;PRJEB55023;PRJEB56552;PRJEB71705;PRJNA533106			no_sra_center
GCA_985198285.1	Ligusticum scoticum	2026-07-04	SAMEA9335107	WELLCOME SANGER INSTITUTE	EBI	PRJEB113207;PRJEB114762;PRJEB125134;PRJEB40665;PRJEB43510;PRJEB43745;PRJEB80366;PRJNA533106			no_sra_center
GCA_985198365.1	Ligusticum scoticum	2026-07-04	SAMEA9335107	WELLCOME SANGER INSTITUTE	EBI	PRJEB113207;PRJEB114763;PRJEB125134;PRJEB40665;PRJEB43510;PRJEB43745;PRJEB80366;PRJNA533106			no_sra_center
GCA_963555705.1	Ligustrum vulgare	2023-10-05	SAMEA7535976	WELLCOME SANGER INSTITUTE	EBI	PRJEB40665;PRJEB43510;PRJEB43745;PRJEB65698;PRJEB66504;PRJNA533106			no_sra_center
GCA_985607245.1	Lilioceris lilii	2026-07-04	SAMEA7521389	WELLCOME SANGER INSTITUTE	EBI	PRJEB112956;PRJEB115024;PRJEB40665;PRJEB43510;PRJEB43745;PRJNA533106			no_sra_center
GCA_977872505.1	Limacia clavigera	2026-02-01	SAMEA115715282	WELLCOME SANGER INSTITUTE	EBI	PRJEB102887;PRJEB104984;PRJEB40665;PRJEB43510;PRJEB43745;PRJNA533106			no_sra_center
GCA_963576545.1	Limanda limanda	2023-11-03	SAMEA112765706	WELLCOME SANGER INSTITUTE	EBI	PRJEB40665;PRJEB43510;PRJEB43745;PRJEB65388;PRJEB68099;PRJNA489243;PRJNA533106			no_sra_center
GCA_965230825.1	Limaria hians	2025-03-28	SAMEA110374006	WELLCOME SANGER INSTITUTE	EBI	PRJEB40665;PRJEB43510;PRJEB43745;PRJEB75297;PRJEB87585;PRJNA533106			no_sra_center
GCA_988240475.1	Limbarda crithmoides	2026-09-10	SAMEA115503025	WELLCOME SANGER INSTITUTE	European Bioinformatics Institute	PRJEB123970;PRJEB125558;PRJEB40665;PRJEB43510;PRJEB43745;PRJNA533106			no_sra_center
GCA_988240415.1	Limbarda crithmoides	2026-09-10	SAMEA115503025	WELLCOME SANGER INSTITUTE	European Bioinformatics Institute	PRJEB123970;PRJEB125559;PRJEB40665;PRJEB43510;PRJEB43745;PRJNA533106			no_sra_center
GCA_905147385.1	Limenitis camilla	2021-01-28	SAMEA7523310	Wellcome Sanger Institute	EBI	PRJEB40665;PRJEB41923;PRJEB42132;PRJEB43510;PRJEB43745;PRJEB71705;PRJNA533106			no_sra_center
GCA_965195335.1	Limnaecia phragmitella	2025-03-10	SAMEA10979130	WELLCOME SANGER INSTITUTE	EBI	PRJEB40665;PRJEB43510;PRJEB43745;PRJEB71705;PRJEB85382;PRJEB86501;PRJNA533106			no_sra_center
GCA_951813805.1	Limnephilus auricula	2023-07-14	SAMEA112232834	WELLCOME SANGER INSTITUTE	EBI	PRJEB40665;PRJEB43510;PRJEB43745;PRJEB62561;PRJEB62921;PRJNA533106			no_sra_center
GCA_917563855.2	Limnephilus lunatus	2022-02-13	SAMEA7521206	WELLCOME SANGER INSTITUTE	EBI	PRJEB40665;PRJEB43510;PRJEB43745;PRJEB46311;PRJEB48032;PRJNA533106			no_sra_center
GCA_917880885.1	Limnephilus marmoratus	2021-11-18	SAMEA7520990	WELLCOME SANGER INSTITUTE	EBI	PRJEB40665;PRJEB43510;PRJEB43745;PRJEB46312;PRJEB48179;PRJNA533106			no_sra_center
GCA_929108145.2	Limnephilus rhombicus	2022-10-25	SAMEA7849396	WELLCOME SANGER INSTITUTE	EBI	PRJEB40665;PRJEB43510;PRJEB43745;PRJEB49540;PRJEB50657;PRJNA533106			no_sra_center
GCA_988140955.1	Limnia unguicornis	2026-09-09	SAMEA111458341	WELLCOME SANGER INSTITUTE	EBI	PRJEB121408;PRJEB124033;PRJEB40665;PRJEB43510;PRJEB43745;PRJNA533106			no_sra_center
GCA_982266925.2	Limnophora tigrina	2026-09-09	SAMEA113425716	WELLCOME SANGER INSTITUTE	EBI	PRJEB109831;PRJEB40665;PRJEB43510;PRJEB43745;PRJEB79605;PRJNA533106			no_sra_center
GCA_977930355.1	Limonia nubeculosa	2026-01-18	SAMEA114644675	WELLCOME SANGER INSTITUTE	EBI	PRJEB104962;PRJEB105256;PRJEB40665;PRJEB43510;PRJEB43745;PRJNA533106			no_sra_center
GCA_965119595.1	Limonius poneli	2025-02-11	SAMEA110038403	WELLCOME SANGER INSTITUTE	EBI	PRJEB40665;PRJEB43510;PRJEB43745;PRJEB83543;PRJEB85520;PRJNA533106			no_sra_center
GCA_965119585.1	Limonius poneli	2025-02-11	SAMEA110038403	WELLCOME SANGER INSTITUTE	EBI	PRJEB40665;PRJEB43510;PRJEB43745;PRJEB83543;PRJEB85521;PRJNA533106			no_sra_center
GCA_987196075.1	Limosa lapponica	2026-09-08	SAMEA120960972	WELLCOME SANGER INSTITUTE	EBI	PRJEB115831;PRJEB122722;PRJEB40665;PRJEB43510;PRJEB43745;PRJNA489243;PRJNA533106			no_sra_center
GCA_987270375.1	Limosa limosa	2026-09-08	SAMEA118427550	WELLCOME SANGER INSTITUTE	EBI	PRJEB115871;PRJEB123328;PRJEB125134;PRJEB40665;PRJEB43510;PRJEB43745;PRJEB80366;PRJNA489243;PRJNA533106			no_sra_center
GCA_987270395.1	Limosa limosa	2026-09-08	SAMEA118427550	WELLCOME SANGER INSTITUTE	EBI	PRJEB115871;PRJEB123329;PRJEB125134;PRJEB40665;PRJEB43510;PRJEB43745;PRJEB80366;PRJNA489243;PRJNA533106			no_sra_center
GCA_984048625.1	Limosella australis	2026-05-24	SAMEA114564259	WELLCOME SANGER INSTITUTE	EBI	PRJEB111419;PRJEB112792;PRJEB40665;PRJEB43510;PRJEB43745;PRJNA533106			no_sra_center
GCA_987195915.1	Linaria cannabina	2026-09-08	SAMEA118680283	WELLCOME SANGER INSTITUTE	EBI	PRJEB115911;PRJEB122725;PRJEB40665;PRJEB43510;PRJEB43745;PRJNA489243;PRJNA533106			no_sra_center
GCA_987197665.1	Linaria cannabina	2026-09-08	SAMEA118680283	WELLCOME SANGER INSTITUTE	EBI	PRJEB115911;PRJEB122724;PRJEB40665;PRJEB43510;PRJEB43745;PRJNA489243;PRJNA533106			no_sra_center
GCA_977927345.1	Linaria repens	2026-02-01	SAMEA114565226	WELLCOME SANGER INSTITUTE	EBI	PRJEB104532;PRJEB105144;PRJEB125134;PRJEB40665;PRJEB43510;PRJEB43745;PRJEB80366;PRJNA533106			no_sra_center
GCA_948329865.1	Linaria vulgaris	2023-01-28	SAMEA7522288	WELLCOME SANGER INSTITUTE	EBI	PRJEB125134;PRJEB40665;PRJEB43510;PRJEB43745;PRJEB50878;PRJEB59030;PRJEB80366;PRJNA533106			no_sra_center
GCA_910592395.2	Lineus longissimus	2022-02-13	SAMEA7522833	WELLCOME SANGER INSTITUTE	EBI	PRJEB40665;PRJEB43510;PRJEB43745;PRJEB45185;PRJEB45696;PRJNA533106			no_sra_center
GCA_984661435.1	Lineus ruber	2026-06-22	SAMEA112789108	WELLCOME SANGER INSTITUTE	EBI	PRJEB110021;PRJEB114326;PRJEB40665;PRJEB43510;PRJEB43745;PRJNA533106			no_sra_center
GCA_984661425.1	Lineus ruber	2026-06-22	SAMEA112789108	WELLCOME SANGER INSTITUTE	EBI	PRJEB110021;PRJEB114327;PRJEB40665;PRJEB43510;PRJEB43745;PRJNA533106			no_sra_center
GCA_965218665.2	Linnaea borealis	2025-10-15	SAMEA7535987	WELLCOME SANGER INSTITUTE	EBI	PRJEB40665;PRJEB43510;PRJEB43745;PRJEB81019;PRJEB87353;PRJNA533106			no_sra_center
GCA_951800035.1	Linnaemya tessellans	2023-05-27	SAMEA7746588	WELLCOME SANGER INSTITUTE	EBI	PRJEB40665;PRJEB43510;PRJEB43745;PRJEB59774;PRJEB62589;PRJNA533106			no_sra_center
GCA_963675445.1	Linnaemya vulpina	2023-12-07	SAMEA112964114	WELLCOME SANGER INSTITUTE	EBI	PRJEB40665;PRJEB43510;PRJEB43745;PRJEB64991;PRJEB69585;PRJNA533106			no_sra_center
GCA_977013585.1	Linnemannia fluviae	2025-11-07	SAMEA9873914	WELLCOME SANGER INSTITUTE	EBI	PRJEB100630;PRJEB40665;PRJEB43510;PRJEB43745;PRJEB96163;PRJNA533106			no_sra_center
GCA_965366145.1	Linum bienne	2025-06-27	SAMEA9335256	WELLCOME SANGER INSTITUTE	EBI	PRJEB40665;PRJEB43510;PRJEB43745;PRJEB76769;PRJEB90314;PRJNA533106			no_sra_center
GCA_986265355.1	Linum catharticum	2026-06-27	SAMEA9335264	WELLCOME SANGER INSTITUTE	EBI	PRJEB112647;PRJEB115449;PRJEB125134;PRJEB40665;PRJEB43510;PRJEB43745;PRJEB80366;PRJNA533106			no_sra_center
GCA_963978545.1	Linyphia triangularis	2024-03-10	SAMEA111458582	WELLCOME SANGER INSTITUTE	EBI	PRJEB40665;PRJEB43510;PRJEB43745;PRJEB65733;PRJEB73615;PRJNA533106			no_sra_center
GCA_978021545.1	Liophloeus tessulatus	2026-02-01	SAMEA118767889	WELLCOME SANGER INSTITUTE	EBI	PRJEB105951;PRJEB106583;PRJEB40665;PRJEB43510;PRJEB43745;PRJNA533106			no_sra_center
GCA_963971575.1	Liopterus haemorrhoidalis	2024-03-07	SAMEA112964409	WELLCOME SANGER INSTITUTE	EBI	PRJEB40665;PRJEB43510;PRJEB43745;PRJEB70266;PRJEB73544;PRJNA533106			no_sra_center
GCA_988143905.1	Lipara lucens	2026-09-09	SAMEA118280878	WELLCOME SANGER INSTITUTE	EBI	PRJEB121376;PRJEB124107;PRJEB40665;PRJEB43510;PRJEB43745;PRJNA533106			no_sra_center
GCA_963383615.2	Lipophrys pholis	2026-07-04	SAMEA7522844	WELLCOME SANGER INSTITUTE	EBI	PRJEB107229;PRJEB40665;PRJEB43510;PRJEB43745;PRJEB64943;PRJEB65340;PRJNA489243;PRJNA533106			no_sra_center
GCA_988324405.1	Lipoptena cervi	2026-10-03	SAMEA112774798	WELLCOME SANGER INSTITUTE	EBI	PRJEB127097;PRJEB40665;PRJEB43510;PRJEB43745;PRJEB80671;PRJNA533106			no_sra_center
GCA_987272625.1	Lispocephala erythrocera	2026-09-08	SAMEA113425463	WELLCOME SANGER INSTITUTE	EBI	PRJEB123342;PRJEB40665;PRJEB43510;PRJEB43745;PRJEB97824;PRJNA533106			no_sra_center
GCA_965644445.1	Lispocephala verna	2025-07-28	SAMEA114644717	WELLCOME SANGER INSTITUTE	EBI	PRJEB40665;PRJEB43510;PRJEB43745;PRJEB84347;PRJEB94216;PRJNA533106			no_sra_center
GCA_964261635.2	Lissotriton helveticus	2026-04-10	SAMEA110240860	WELLCOME SANGER INSTITUTE	EBI	PRJEB40665;PRJEB43510;PRJEB43745;PRJEB69288;PRJEB79500;PRJNA489243;PRJNA533106			no_sra_center
GCA_964263255.2	Lissotriton vulgaris	2026-04-28	SAMEA110240861	WELLCOME SANGER INSTITUTE	EBI	PRJEB107229;PRJEB125134;PRJEB40665;PRJEB43510;PRJEB43745;PRJEB69290;PRJEB79654;PRJEB80366;PRJNA489243;PRJNA533106			no_sra_center
GCA_963978505.1	Listrodromus nycthemerus	2024-03-10	SAMEA112232822	WELLCOME SANGER INSTITUTE	EBI	PRJEB40665;PRJEB43510;PRJEB43745;PRJEB68244;PRJEB73616;PRJNA533106			no_sra_center
GCA_965125955.1	Lithobius variegatus	2025-02-11	SAMEA8603223	WELLCOME SANGER INSTITUTE	EBI	PRJEB40665;PRJEB43510;PRJEB43745;PRJEB77497;PRJEB85686;PRJNA533106			no_sra_center
GCA_986342255.1	Lithophaga lithophaga	2026-07-04	SAMEA122177798	WELLCOME SANGER INSTITUTE	EBI	PRJEB114599;PRJEB115756;PRJEB40665;PRJEB43510;PRJEB43745;PRJEB71705;PRJNA533106			no_sra_center
GCA_949152455.1	Lithophane leautieri	2023-03-10	SAMEA111458031	WELLCOME SANGER INSTITUTE	EBI	PRJEB40665;PRJEB43510;PRJEB43745;PRJEB59370;PRJEB59850;PRJEB71705;PRJNA533106			no_sra_center
GCA_948473465.1	Lithophane ornitopus	2023-02-03	SAMEA10107010	WELLCOME SANGER INSTITUTE	EBI	PRJEB40665;PRJEB43510;PRJEB43745;PRJEB58424;PRJEB59314;PRJEB71705;PRJNA533106			no_sra_center
GCA_947363905.1	Lithophane semibrunnea	2022-12-04	SAMEA14341787	WELLCOME SANGER INSTITUTE	EBI	PRJEB40665;PRJEB43510;PRJEB43745;PRJEB56106;PRJEB57646;PRJEB71705;PRJNA533106			no_sra_center
GCA_947522985.1	Lithophane socia	2022-12-07	SAMEA10979155	WELLCOME SANGER INSTITUTE	EBI	PRJEB40665;PRJEB43510;PRJEB43745;PRJEB57658;PRJEB58010;PRJEB71705;PRJNA533106			no_sra_center
GCA_963576445.1	Lithosia quadra	2023-11-03	SAMEA112775013	WELLCOME SANGER INSTITUTE	EBI	PRJEB40665;PRJEB43510;PRJEB43745;PRJEB66748;PRJEB68101;PRJEB71705;PRJNA533106			no_sra_center
GCA_982266885.1	Lithospermum officinale	2026-03-14	SAMEA114563453	WELLCOME SANGER INSTITUTE	EBI	PRJEB109828;PRJEB40665;PRJEB43510;PRJEB43745;PRJEB79876;PRJNA533106			no_sra_center
GCA_988425305.1	Littorina arcana	2026-10-07	SAMEA114276502	WELLCOME SANGER INSTITUTE	EBI	PRJEB125619;PRJEB127951;PRJEB40665;PRJEB43510;PRJEB43745;PRJNA533106			no_sra_center
GCA_964330335.1	Littorina littorea	2024-11-07	SAMEA7536118	WELLCOME SANGER INSTITUTE	EBI	PRJEB40665;PRJEB43510;PRJEB43745;PRJEB77578;PRJEB82122;PRJNA533106			no_sra_center
GCA_965235085.1	Littorina obtusata	2025-04-06	SAMEA7523736	WELLCOME SANGER INSTITUTE	EBI	PRJEB40665;PRJEB43510;PRJEB43745;PRJEB83547;PRJEB85418;PRJNA533106			no_sra_center
GCA_965250475.1	Littorina saxatilis	2025-04-20	SAMEA7523847	WELLCOME SANGER INSTITUTE	EBI	PRJEB40665;PRJEB43510;PRJEB43745;PRJEB85190;PRJEB88637;PRJNA533106			no_sra_center
GCA_965199305.1	Lobelia dortmanna	2025-03-13	SAMEA10369529	WELLCOME SANGER INSTITUTE	EBI	PRJEB40665;PRJEB43510;PRJEB43745;PRJEB79878;PRJEB86808;PRJNA533106			no_sra_center
GCA_965199505.2	Lobelia urens	2025-10-26	SAMEA112287497	WELLCOME SANGER INSTITUTE	EBI	PRJEB40665;PRJEB43510;PRJEB43745;PRJEB86025;PRJEB86861;PRJNA533106			no_sra_center
GCA_965199575.2	Lobelia urens	2025-10-26	SAMEA112287497	WELLCOME SANGER INSTITUTE	EBI	PRJEB40665;PRJEB43510;PRJEB43745;PRJEB86025;PRJEB86860;PRJNA533106			no_sra_center
GCA_984589695.1	Lobesia abscisana	2026-06-22	SAMEA118768321	WELLCOME SANGER INSTITUTE	EBI	PRJEB112682;PRJEB114208;PRJEB40665;PRJEB43510;PRJEB43745;PRJEB71705;PRJNA533106			no_sra_center
GCA_978021425.1	Lobesia littoralis	2026-01-25	SAMEA118767989	WELLCOME SANGER INSTITUTE	EBI	PRJEB106031;PRJEB106590;PRJEB40665;PRJEB43510;PRJEB43745;PRJEB71705;PRJNA533106			no_sra_center
GCA_982398065.1	Lobesia reliquana	2026-04-12	SAMEA118559829	WELLCOME SANGER INSTITUTE	EBI	PRJEB109902;PRJEB111242;PRJEB40665;PRJEB43510;PRJEB43745;PRJEB71705;PRJNA533106			no_sra_center
GCA_932526365.1	Lobophora halterata	2022-03-23	SAMEA7520514	WELLCOME SANGER INSTITUTE	EBI	PRJEB40665;PRJEB43510;PRJEB43745;PRJEB50743;PRJEB51383;PRJEB71705;PRJNA533106			no_sra_center
GCA_949126875.1	Lochmaea capreae	2023-03-10	SAMEA14448388	WELLCOME SANGER INSTITUTE	EBI	PRJEB40665;PRJEB43510;PRJEB43745;PRJEB59073;PRJEB59460;PRJNA533106			no_sra_center
GCA_947563755.1	Lochmaea crataegi	2022-12-13	SAMEA110451579	WELLCOME SANGER INSTITUTE	EBI	PRJEB40665;PRJEB43510;PRJEB43745;PRJEB57666;PRJEB58179;PRJNA533106			no_sra_center
GCA_964261705.1	Loensia variegata	2024-09-10	SAMEA112232811	WELLCOME SANGER INSTITUTE	EBI	PRJEB40665;PRJEB43510;PRJEB43745;PRJEB77452;PRJEB79746;PRJNA533106			no_sra_center
GCA_965363035.2	Loeskeobryum brevirostre	2026-04-27	SAMEA111431363	WELLCOME SANGER INSTITUTE	EBI	PRJEB40665;PRJEB43510;PRJEB43745;PRJEB80503;PRJEB90253;PRJNA533106			no_sra_center
GCA_983140565.1	Loewia submetallica	2026-06-15	SAMEA112963088	WELLCOME SANGER INSTITUTE	EBI	PRJEB112380;PRJEB40665;PRJEB43510;PRJEB43745;PRJEB80421;PRJNA533106			no_sra_center
GCA_963921325.1	Logfia minima	2024-01-08	SAMEA112287350	WELLCOME SANGER INSTITUTE	EBI	PRJEB40665;PRJEB43510;PRJEB43745;PRJEB68276;PRJEB71712;PRJNA533106			no_sra_center
GCA_948107665.1	Lomographa bimaculata	2023-01-09	SAMEA10979145	WELLCOME SANGER INSTITUTE	EBI	PRJEB40665;PRJEB43510;PRJEB43745;PRJEB58085;PRJEB58782;PRJEB71705;PRJNA533106			no_sra_center
GCA_964199915.1	Lomographa temerata	2024-07-19	SAMEA112221830	WELLCOME SANGER INSTITUTE	EBI	PRJEB40665;PRJEB43510;PRJEB43745;PRJEB71705;PRJEB77509;PRJEB77678;PRJNA533106			no_sra_center
GCA_984096315.1	Lonchoptera bifurcata	2026-06-15	SAMEA112964074	WELLCOME SANGER INSTITUTE	EBI	PRJEB112800;PRJEB40665;PRJEB43510;PRJEB43745;PRJEB97826;PRJNA533106			no_sra_center
GCA_965234885.1	Lonchoptera lutea	2025-04-06	SAMEA10166740	WELLCOME SANGER INSTITUTE	EBI	PRJEB40665;PRJEB43510;PRJEB43745;PRJEB66005;PRJEB88093;PRJNA533106			no_sra_center
GCA_965178105.1	Longitarsus dorsalis	2025-03-04	SAMEA114644596	WELLCOME SANGER INSTITUTE	EBI	PRJEB40665;PRJEB43510;PRJEB43745;PRJEB84111;PRJEB86221;PRJNA533106			no_sra_center
GCA_964258785.1	Longitarsus flavicornis	2024-09-01	SAMEA14448383	WELLCOME SANGER INSTITUTE	EBI	PRJEB40665;PRJEB43510;PRJEB43745;PRJEB64108;PRJEB79478;PRJNA533106			no_sra_center
GCA_965275835.2	Lophiolepis eriophora	2026-04-25	SAMEA114563336	WELLCOME SANGER INSTITUTE	EBI	PRJEB40665;PRJEB43510;PRJEB43745;PRJEB81007;PRJEB89043;PRJNA533106			no_sra_center
GCA_982585795.1	Lophozia ventricosa	2026-04-27	SAMEA112690796	WELLCOME SANGER INSTITUTE	EBI	PRJEB110555;PRJEB111818;PRJEB40665;PRJEB43510;PRJEB43745;PRJNA533106			no_sra_center
GCA_963942505.1	Lordithon lunulatus	2024-02-09	SAMEA112232723	WELLCOME SANGER INSTITUTE	EBI	PRJEB40665;PRJEB43510;PRJEB43745;PRJEB61501;PRJEB72465;PRJNA533106			no_sra_center
GCA_965212415.1	Lotus pedunculatus	2025-03-20	SAMEA110451271	WELLCOME SANGER INSTITUTE	EBI	PRJEB40665;PRJEB43510;PRJEB43745;PRJEB85206;PRJEB87033;PRJNA533106			no_sra_center
GCA_977824325.1	Lotus subbiflorus	2026-02-01	SAMEA114564284	WELLCOME SANGER INSTITUTE	EBI	PRJEB103875;PRJEB104831;PRJEB40665;PRJEB43510;PRJEB43745;PRJNA533106			no_sra_center
GCA_965247445.1	Lozotaenia forsterana	2025-04-18	SAMEA114805992	WELLCOME SANGER INSTITUTE	EBI	PRJEB40665;PRJEB43510;PRJEB43745;PRJEB71705;PRJEB82371;PRJEB88583;PRJNA533106			no_sra_center
GCA_965655125.1	Lucilia caesar	2025-08-04	SAMEA114645007	WELLCOME SANGER INSTITUTE	EBI	PRJEB40665;PRJEB43510;PRJEB43745;PRJEB83539;PRJEB94916;PRJNA533106			no_sra_center
GCA_949709985.1	Luffia ferchaultella	2023-04-05	SAMEA9252612	WELLCOME SANGER INSTITUTE	EBI	PRJEB40665;PRJEB43510;PRJEB43745;PRJEB59780;PRJEB60734;PRJEB71705;PRJNA533106			no_sra_center
GCA_949987565.1	Luidia sarsii	2023-05-03	SAMEA110449798	WELLCOME SANGER INSTITUTE	EBI	PRJEB40665;PRJEB43510;PRJEB43745;PRJEB60212;PRJEB61567;PRJNA533106			no_sra_center
GCA_987195895.1	Lullula arborea	2026-08-02	SAMEA118680290	WELLCOME SANGER INSTITUTE	EBI	PRJEB118615;PRJEB122726;PRJEB40665;PRJEB43510;PRJEB43745;PRJNA489243;PRJNA533106			no_sra_center
GCA_945859605.1	Lumbricus rubellus	2022-09-13	SAMEA7524021	WELLCOME SANGER INSTITUTE	EBI	PRJEB40665;PRJEB43510;PRJEB43745;PRJEB53406;PRJEB54837;PRJNA533106			no_sra_center
GCA_949752735.1	Lumbricus terrestris	2023-04-08	SAMEA7524126	WELLCOME SANGER INSTITUTE	EBI	PRJEB40665;PRJEB43510;PRJEB43745;PRJEB59400;PRJEB60886;PRJNA533106			no_sra_center
GCA_948567375.1	Lunularia cruciata	2023-02-03	SAMEA9068447	WELLCOME SANGER INSTITUTE	EBI	PRJEB40665;PRJEB43510;PRJEB43745;PRJEB57426;PRJEB59341;PRJNA533106			no_sra_center
GCA_963855955.1	Luperina nickerlii	2023-12-15	SAMEA112964460	WELLCOME SANGER INSTITUTE	EBI	PRJEB40665;PRJEB43510;PRJEB43745;PRJEB67619;PRJEB71120;PRJEB71705;PRJNA533106			no_sra_center
GCA_927399505.1	Luperina testacea	2022-02-03	SAMEA8534287	WELLCOME SANGER INSTITUTE	EBI	PRJEB40665;PRJEB43510;PRJEB43745;PRJEB48331;PRJEB49992;PRJEB71705;PRJNA533106			no_sra_center
GCA_982446645.1	Luperus flavipes	2026-04-16	SAMEA118540188	WELLCOME SANGER INSTITUTE	EBI	PRJEB107845;PRJEB111436;PRJEB40665;PRJEB43510;PRJEB43745;PRJNA533106			no_sra_center
GCA_982374535.1	Luperus longicornis	2026-04-04	SAMEA112964225	WELLCOME SANGER INSTITUTE	EBI	PRJEB110941;PRJEB40665;PRJEB43510;PRJEB43745;PRJEB97876;PRJNA533106			no_sra_center
GCA_977013125.1	Luquetia lobella	2025-11-07	SAMEA117491994	WELLCOME SANGER INSTITUTE	EBI	PRJEB100647;PRJEB40665;PRJEB43510;PRJEB43745;PRJEB71705;PRJEB96582;PRJNA533106			no_sra_center
GCA_964023205.1	Lutraria lutraria	2024-04-07	SAMEA110450086	WELLCOME SANGER INSTITUTE	EBI	PRJEB40665;PRJEB43510;PRJEB43745;PRJEB70500;PRJEB74570;PRJNA533106			no_sra_center
GCA_964274315.1	Luzula pallescens	2024-11-08	SAMEA114564257	WELLCOME SANGER INSTITUTE	EBI	PRJEB40665;PRJEB43510;PRJEB43745;PRJEB79874;PRJEB80852;PRJNA533106			no_sra_center
GCA_946800325.1	Luzula sylvatica	2022-09-15	SAMEA7535982	WELLCOME SANGER INSTITUTE	EBI	PRJEB40665;PRJEB43510;PRJEB43745;PRJEB50874;PRJEB55665;PRJNA533106			no_sra_center
GCA_905333005.2	Lycaena phlaeas	2022-02-13	SAMEA7523293	WELLCOME SANGER INSTITUTE	EBI	PRJEB40665;PRJEB43473;PRJEB43510;PRJEB43533;PRJEB43745;PRJEB71705;PRJNA533106			no_sra_center
GCA_947563715.1	Lycia hirtaria	2022-12-13	SAMEA10107033	WELLCOME SANGER INSTITUTE	EBI	PRJEB40665;PRJEB43510;PRJEB43745;PRJEB56733;PRJEB58177;PRJEB71705;PRJNA533106			no_sra_center
GCA_950005105.1	Lycophotia porphyrea	2023-05-01	SAMEA112198378	WELLCOME SANGER INSTITUTE	EBI	PRJEB40665;PRJEB43510;PRJEB43745;PRJEB61365;PRJEB61622;PRJEB71705;PRJNA533106			no_sra_center
GCA_982474395.1	Lycopus europaeus	2026-04-16	SAMEA7521828	WELLCOME SANGER INSTITUTE	EBI	PRJEB111486;PRJEB40665;PRJEB43510;PRJEB43745;PRJEB46856;PRJNA533106			no_sra_center
GCA_984589625.1	Lygephila pastinum	2026-06-22	SAMEA116117308	WELLCOME SANGER INSTITUTE	EBI	PRJEB112445;PRJEB114209;PRJEB40665;PRJEB43510;PRJEB43745;PRJEB71705;PRJNA533106			no_sra_center
GCA_963576585.1	Lymantria dispar	2023-11-03	SAMEA112652153	WELLCOME SANGER INSTITUTE	EBI	PRJEB40665;PRJEB43510;PRJEB43745;PRJEB67405;PRJEB68129;PRJEB71705;PRJNA533106			no_sra_center
GCA_905163515.2	Lymantria monacha	2022-02-02	SAMEA7519912	Wellcome Sanger Institute	EBI	PRJEB40665;PRJEB42031;PRJEB42133;PRJEB43510;PRJEB43745;PRJEB71705;PRJNA533106			no_sra_center
GCA_965226265.1	Lyonetia clerkella	2025-03-28	SAMEA111457857	WELLCOME SANGER INSTITUTE	EBI	PRJEB40665;PRJEB43510;PRJEB43745;PRJEB71705;PRJEB77582;PRJEB87577;PRJNA533106			no_sra_center
GCA_947311025.1	Lypha dubia	2022-11-29	SAMEA10157823	WELLCOME SANGER INSTITUTE	EBI	PRJEB40665;PRJEB43510;PRJEB43745;PRJEB55025;PRJEB57374;PRJNA533106			no_sra_center
GCA_905333045.1	Lysandra bellargus	2021-03-19	SAMEA7523471	WELLCOME SANGER INSTITUTE	EBI	PRJEB40665;PRJEB43476;PRJEB43510;PRJEB43534;PRJEB43745;PRJEB71705;PRJNA533106			no_sra_center
GCA_905220515.1	Lysandra coridon	2021-02-16	SAMEA7523305	WELLCOME SANGER INSTITUTE	EBI	PRJEB40665;PRJEB42886;PRJEB42953;PRJEB43510;PRJEB43745;PRJEB71705;PRJNA533106			no_sra_center
GCA_965637415.1	Lysimachia arvensis	2025-07-09	SAMEA9335285	WELLCOME SANGER INSTITUTE	EBI	PRJEB40665;PRJEB43510;PRJEB43745;PRJEB76361;PRJEB91626;PRJNA533106			no_sra_center
GCA_965366155.1	Lysimachia maritima	2025-06-27	SAMEA10983584	WELLCOME SANGER INSTITUTE	EBI	PRJEB40665;PRJEB43510;PRJEB43745;PRJEB89334;PRJEB90312;PRJNA533106			no_sra_center
GCA_965212335.2	Lysimachia thyrsiflora	2025-10-26	SAMEA114782719	WELLCOME SANGER INSTITUTE	EBI	PRJEB40665;PRJEB43510;PRJEB43745;PRJEB85342;PRJEB87030;PRJNA533106			no_sra_center
GCA_965234855.2	Lythrum hyssopifolia	2026-04-27	SAMEA112287370	WELLCOME SANGER INSTITUTE	EBI	PRJEB40665;PRJEB43510;PRJEB43745;PRJEB85344;PRJEB88089;PRJNA533106			no_sra_center
GCA_986171135.1	Lythrum portula	2026-06-27	SAMEA11478579	WELLCOME SANGER INSTITUTE	EBI	PRJEB112980;PRJEB115204;PRJEB40665;PRJEB43510;PRJEB43745;PRJNA533106			no_sra_center
GCA_986280925.1	Lythrum salicaria	2026-08-22	SAMEA7521827	WELLCOME SANGER INSTITUTE	EBI	PRJEB113100;PRJEB115749;PRJEB40665;PRJEB43510;PRJEB43745;PRJNA533106			no_sra_center
GCA_964197775.1	Macaria brunneata	2024-07-06	SAMEA112198542	WELLCOME SANGER INSTITUTE	EBI	PRJEB40665;PRJEB43510;PRJEB43745;PRJEB71705;PRJEB74573;PRJEB77182;PRJNA533106			no_sra_center
GCA_964023185.2	Macaria liturata	2024-09-07	SAMEA112198471	WELLCOME SANGER INSTITUTE	EBI	PRJEB40665;PRJEB43510;PRJEB43745;PRJEB70739;PRJEB71705;PRJEB74569;PRJNA533106			no_sra_center
GCA_927399415.1	Macaria notata	2022-02-03	SAMEA7746623	WELLCOME SANGER INSTITUTE	EBI	PRJEB40665;PRJEB43510;PRJEB43745;PRJEB48591;PRJEB50000;PRJEB71705;PRJNA533106			no_sra_center
GCA_986694535.1	Macaria signaria	2026-08-20	SAMEA120504040	WELLCOME SANGER INSTITUTE	EBI	PRJEB114873;PRJEB120822;PRJEB40665;PRJEB43510;PRJEB43745;PRJEB71705;PRJNA533106			no_sra_center
GCA_986694555.1	Macaria signaria	2026-08-20	SAMEA120504040	WELLCOME SANGER INSTITUTE	EBI	PRJEB114873;PRJEB120821;PRJEB40665;PRJEB43510;PRJEB43745;PRJEB71705;PRJNA533106			no_sra_center
GCA_933228815.1	Machimus atricapillus	2022-03-23	SAMEA7849389	WELLCOME SANGER INSTITUTE	EBI	PRJEB40665;PRJEB43510;PRJEB43745;PRJEB50882;PRJEB51579;PRJNA533106			no_sra_center
GCA_951509405.1	Machimus rusticus	2023-05-15	SAMEA111458048	WELLCOME SANGER INSTITUTE	EBI	PRJEB40665;PRJEB43510;PRJEB43745;PRJEB59368;PRJEB62112;PRJNA533106			no_sra_center
GCA_987576585.1	Macoma balthica	2026-09-09	SAMEA112652168	WELLCOME SANGER INSTITUTE	EBI	PRJEB112715;PRJEB123864;PRJEB40665;PRJEB43510;PRJEB43745;PRJNA533106			no_sra_center
GCA_964059415.1	Macomangulus tenuis	2024-06-05	SAMEA7522832	WELLCOME SANGER INSTITUTE	EBI	PRJEB40665;PRJEB43510;PRJEB43745;PRJEB73395;PRJEB76077;PRJNA533106			no_sra_center
GCA_964059405.1	Macomangulus tenuis	2024-06-05	SAMEA7522832	WELLCOME SANGER INSTITUTE	EBI	PRJEB40665;PRJEB43510;PRJEB43745;PRJEB73395;PRJEB76078;PRJNA533106			no_sra_center
GCA_978473185.1	Macrocera phalerata	2026-03-01	SAMEA112964222	WELLCOME SANGER INSTITUTE	EBI	PRJEB107308;PRJEB40665;PRJEB43510;PRJEB43745;PRJEB75714;PRJNA533106			no_sra_center
GCA_965284725.1	Macrochilo cribrumalis	2025-05-31	SAMEA112222159	WELLCOME SANGER INSTITUTE	EBI	PRJEB40665;PRJEB43510;PRJEB43745;PRJEB71705;PRJEB88756;PRJEB89569;PRJNA533106			no_sra_center
GCA_965636975.1	Macrodema micropterum	2025-07-09	SAMEA115574556	WELLCOME SANGER INSTITUTE	EBI	PRJEB40665;PRJEB43510;PRJEB43745;PRJEB89619;PRJEB91508;PRJNA533106			no_sra_center
GCA_976984725.1	Macroglossum stellatarum	2025-10-21	SAMEA115163349	WELLCOME SANGER INSTITUTE	EBI	PRJEB40665;PRJEB43510;PRJEB43745;PRJEB71705;PRJEB92302;PRJEB98280;PRJNA533106			no_sra_center
GCA_949628255.1	Macrophya alboannulata	2023-03-16	SAMEA10167065	WELLCOME SANGER INSTITUTE	EBI	PRJEB40665;PRJEB43510;PRJEB43745;PRJEB59942;PRJEB60541;PRJNA533106			no_sra_center
GCA_963924015.1	Macrophya annulata	2024-01-18	SAMEA110451611	WELLCOME SANGER INSTITUTE	EBI	PRJEB40665;PRJEB43510;PRJEB43745;PRJEB65725;PRJEB71902;PRJNA533106			no_sra_center
GCA_982499975.1	Macrophya punctumalbum	2026-04-17	SAMEA10167078	WELLCOME SANGER INSTITUTE	EBI	PRJEB111563;PRJEB40665;PRJEB43510;PRJEB43745;PRJEB59149;PRJNA533106			no_sra_center
GCA_988265155.1	Macrophya ribis	2026-09-14	SAMEA115574622	WELLCOME SANGER INSTITUTE	EBI	PRJEB112721;PRJEB126012;PRJEB40665;PRJEB43510;PRJEB43745;PRJNA533106			no_sra_center
GCA_916610135.2	Macropis europaea	2022-01-09	SAMEA7746440	WELLCOME SANGER INSTITUTE	EBI	PRJEB40665;PRJEB43510;PRJEB43745;PRJEB46314;PRJEB47740;PRJNA533106			no_sra_center
GCA_984798895.1	Macrothylacia rubi	2026-06-26	SAMEA114644432	WELLCOME SANGER INSTITUTE	EBI	PRJEB113160;PRJEB114418;PRJEB40665;PRJEB43510;PRJEB43745;PRJEB71705;PRJNA533106			no_sra_center
GCA_963942565.1	Maea johnstoni	2024-02-09	SAMEA111454427	WELLCOME SANGER INSTITUTE	EBI	PRJEB40665;PRJEB43510;PRJEB43743;PRJEB43745;PRJEB71422;PRJEB72459;PRJNA533106			no_sra_center
GCA_963853765.1	Magallana gigas	2023-12-12	SAMEA7536694	WELLCOME SANGER INSTITUTE	EBI	PRJEB40665;PRJEB43510;PRJEB43745;PRJEB61921;PRJEB70993;PRJNA533106			no_sra_center
GCA_965663545.1	Magdalis barbicornis	2025-08-23	SAMEA115574528	WELLCOME SANGER INSTITUTE	EBI	PRJEB40665;PRJEB43510;PRJEB43745;PRJEB84275;PRJEB94978;PRJNA533106			no_sra_center
GCA_965642045.1	Magdalis cerasi	2025-07-18	SAMEA110451647	WELLCOME SANGER INSTITUTE	EBI	PRJEB40665;PRJEB43510;PRJEB43745;PRJEB77541;PRJEB92160;PRJNA533106			no_sra_center
GCA_910589415.1	Malachius bipustulatus	2021-07-07	SAMEA7520537	WELLCOME SANGER INSTITUTE	EBI	PRJEB40665;PRJEB43510;PRJEB43745;PRJEB45121;PRJEB45315;PRJNA533106			no_sra_center
GCA_986177575.1	Malacoceros girardi	2026-07-04	SAMEA112789116	WELLCOME SANGER INSTITUTE	EBI	PRJEB112994;PRJEB115247;PRJEB40665;PRJEB43510;PRJEB43745;PRJNA533106			no_sra_center
GCA_988322975.1	Malacosoma castrense	2026-10-03	SAMEA118256943	WELLCOME SANGER INSTITUTE	EBI	PRJEB125021;PRJEB127757;PRJEB40665;PRJEB43510;PRJEB43745;PRJEB71705;PRJNA533106			no_sra_center
GCA_963693495.1	Malacosoma neustria	2023-12-06	SAMEA112963211	WELLCOME SANGER INSTITUTE	EBI	PRJEB40665;PRJEB43510;PRJEB43745;PRJEB67423;PRJEB70837;PRJEB71705;PRJNA533106			no_sra_center
GCA_950108345.1	Malthinus flaveolus	2023-05-01	SAMEA10978905	WELLCOME SANGER INSTITUTE	EBI	PRJEB40665;PRJEB43510;PRJEB43745;PRJEB60643;PRJEB61706;PRJNA533106			no_sra_center
GCA_965119235.1	Malthodes marginatus	2025-01-30	SAMEA114805883	WELLCOME SANGER INSTITUTE	EBI	PRJEB40665;PRJEB43510;PRJEB43745;PRJEB84097;PRJEB85282;PRJNA533106			no_sra_center
GCA_964263285.1	Malthodes minimus	2024-09-15	SAMEA112232515	WELLCOME SANGER INSTITUTE	EBI	PRJEB40665;PRJEB43510;PRJEB43745;PRJEB78330;PRJEB79898;PRJNA533106			no_sra_center
GCA_916050505.2	Malus domestica	2022-10-21	SAMEA9197673	WELLCOME SANGER INSTITUTE	EBI	PRJEB40665;PRJEB43510;PRJEB43745;PRJEB47315;PRJEB47505;PRJNA533106			no_sra_center
GCA_916612005.2	Malus domestica	2022-10-21	SAMEA9197674	WELLCOME SANGER INSTITUTE	EBI	PRJEB40665;PRJEB43510;PRJEB43745;PRJEB47315;PRJEB47756;PRJNA533106			no_sra_center
GCA_916615275.3	Malus domestica	2022-10-25	SAMEA9239977	WELLCOME SANGER INSTITUTE	EBI	PRJEB40665;PRJEB43510;PRJEB43745;PRJEB47315;PRJEB47761;PRJNA533106			no_sra_center
GCA_916615385.2	Malus domestica	2022-10-21	SAMEA8717325	WELLCOME SANGER INSTITUTE	EBI	PRJEB40665;PRJEB43510;PRJEB43745;PRJEB47315;PRJEB47758;PRJNA533106			no_sra_center
GCA_916048215.3	Malus sylvestris	2022-10-25	SAMEA9197672	WELLCOME SANGER INSTITUTE	EBI	PRJEB40665;PRJEB43510;PRJEB43745;PRJEB47316;PRJEB47504;PRJNA533106			no_sra_center
GCA_963082935.1	Malus x robusta	2023-08-09	SAMEA9211460	WELLCOME SANGER INSTITUTE	EBI	PRJEB40665;PRJEB43510;PRJEB43745;PRJEB47868;PRJEB64843;PRJNA533106			no_sra_center
GCA_984589195.1	Malva arborea	2026-06-22	SAMEA9335286	WELLCOME SANGER INSTITUTE	EBI	PRJEB113112;PRJEB114159;PRJEB40665;PRJEB43510;PRJEB43745;PRJNA533106			no_sra_center
GCA_965231755.2	Malva neglecta	2025-10-26	SAMEA114782687	WELLCOME SANGER INSTITUTE	EBI	PRJEB40665;PRJEB43510;PRJEB43745;PRJEB85655;PRJEB87753;PRJNA533106			no_sra_center
GCA_965231965.2	Malva neglecta	2025-10-26	SAMEA114782687	WELLCOME SANGER INSTITUTE	EBI	PRJEB40665;PRJEB43510;PRJEB43745;PRJEB85655;PRJEB87752;PRJNA533106			no_sra_center
GCA_965277935.2	Malva sylvestris	2026-04-04	SAMEA112287506	WELLCOME SANGER INSTITUTE	EBI	PRJEB40665;PRJEB43510;PRJEB43745;PRJEB87949;PRJEB89152;PRJNA533106			no_sra_center
GCA_905163435.1	Mamestra brassicae	2021-01-28	SAMEA7524129	Wellcome Sanger Institute	EBI	PRJEB40665;PRJEB42032;PRJEB42134;PRJEB43510;PRJEB43745;PRJEB71705;PRJNA533106			no_sra_center
GCA_963576595.1	Maniola hyperantus	2023-11-03	SAMEA7523284	WELLCOME SANGER INSTITUTE	EBI	PRJEB33226;PRJEB36757;PRJEB40665;PRJEB43510;PRJEB43745;PRJEB68132;PRJEB71705;PRJNA533106			no_sra_center
GCA_905333055.1	Maniola jurtina	2021-03-19	SAMEA7523158	WELLCOME SANGER INSTITUTE	EBI	PRJEB40665;PRJEB43489;PRJEB43510;PRJEB43535;PRJEB43745;PRJEB71705;PRJNA533106			no_sra_center
GCA_965117215.1	Maniola tithonus	2025-01-25	SAMEA115163346	WELLCOME SANGER INSTITUTE	EBI	PRJEB40665;PRJEB43510;PRJEB43745;PRJEB71705;PRJEB83489;PRJEB85149;PRJNA533106			no_sra_center
GCA_923062675.1	Marasmarcha lunaedactyla	2021-12-19	SAMEA7701293	WELLCOME SANGER INSTITUTE	EBI	PRJEB40665;PRJEB43510;PRJEB43745;PRJEB47467;PRJEB49393;PRJEB71705;PRJNA533106			no_sra_center
GCA_986694515.1	Marasmius cohaerens	2026-07-11	SAMEA110757098	WELLCOME SANGER INSTITUTE	EBI	PRJEB120814;PRJEB40665;PRJEB43510;PRJEB43745;PRJEB68008;PRJNA533106			no_sra_center
GCA_965642975.2	Marchantia polymorpha	2026-04-04	SAMEA11478633	WELLCOME SANGER INSTITUTE	EBI	PRJEB40665;PRJEB43510;PRJEB43745;PRJEB80443;PRJEB93897;PRJNA533106			no_sra_center
GCA_976954565.1	Marchantia quadrata	2025-10-26	SAMEA10982979	WELLCOME SANGER INSTITUTE	EBI	PRJEB40665;PRJEB43510;PRJEB43745;PRJEB95073;PRJEB98036;PRJNA533106			no_sra_center
GCA_988323955.1	Mareca penelope	2026-10-04	SAMEA118427529	WELLCOME SANGER INSTITUTE	EBI	PRJEB105640;PRJEB126642;PRJEB40665;PRJEB43510;PRJEB43745;PRJNA489243;PRJNA533106			no_sra_center
GCA_965278785.1	Mareca strepera	2025-05-10	SAMEA112468030	WELLCOME SANGER INSTITUTE	EBI	PRJEB40665;PRJEB43510;PRJEB43745;PRJEB74683;PRJEB89279;PRJNA489243;PRJNA533106			no_sra_center
GCA_973895155.1	Marsupella aquatica	2025-10-09	SAMEA111383869	WELLCOME SANGER INSTITUTE	EBI	PRJEB40665;PRJEB43510;PRJEB43745;PRJEB95077;PRJEB96480;PRJNA533106			no_sra_center
GCA_986168715.1	Marsupella emarginata	2026-07-01	SAMEA111264483	WELLCOME SANGER INSTITUTE	EBI	PRJEB115203;PRJEB40665;PRJEB43510;PRJEB43745;PRJEB95061;PRJNA533106			no_sra_center
GCA_963455335.1	Martes martes	2023-09-20	SAMEA14268932	WELLCOME SANGER INSTITUTE	EBI	PRJEB107229;PRJEB40665;PRJEB43510;PRJEB43745;PRJEB65269;PRJEB65998;PRJNA489243;PRJNA533106			no_sra_center
GCA_911728455.2	Marthasterias glacialis	2022-01-30	SAMEA7522991	WELLCOME SANGER INSTITUTE	EBI	PRJEB40665;PRJEB43510;PRJEB43745;PRJEB45116;PRJEB46624;PRJNA533106			no_sra_center
GCA_963854735.1	Marvania coccoides	2023-12-15	SAMEA12753552	WELLCOME SANGER INSTITUTE	EBI	PRJEB40665;PRJEB43510;PRJEB43745;PRJEB68020;PRJEB70826;PRJNA533106			no_sra_center
GCA_965645245.1	Massalongia carnosa	2025-07-28	SAMEA114749975	WELLCOME SANGER INSTITUTE	EBI	PRJEB40665;PRJEB43510;PRJEB43743;PRJEB43745;PRJEB85653;PRJEB94308;PRJNA533106			no_sra_center
GCA_965642095.2	Mastigophora woodsii	2026-04-04	SAMEA10904336	WELLCOME SANGER INSTITUTE	EBI	PRJEB40665;PRJEB43510;PRJEB43745;PRJEB90001;PRJEB92387;PRJNA533106			no_sra_center
GCA_964234995.1	Matricaria chamomilla	2024-08-31	SAMEA110450211	WELLCOME SANGER INSTITUTE	EBI	PRJEB125134;PRJEB40665;PRJEB43510;PRJEB43745;PRJEB77773;PRJEB79096;PRJEB80366;PRJNA533106			no_sra_center
GCA_964276665.1	Matricaria discoidea	2024-10-28	SAMEA110450208	WELLCOME SANGER INSTITUTE	EBI	PRJEB40665;PRJEB43510;PRJEB43745;PRJEB79110;PRJEB81254;PRJNA533106			no_sra_center
GCA_917880715.2	Matsumyia berberina	2022-02-09	SAMEA7701563	WELLCOME SANGER INSTITUTE	EBI	PRJEB40665;PRJEB43510;PRJEB43745;PRJEB45194;PRJEB48175;PRJNA533106			no_sra_center
GCA_964656325.1	Matthiola sinuata	2025-01-02	SAMEA112290308	WELLCOME SANGER INSTITUTE	EBI	PRJEB40665;PRJEB43510;PRJEB43745;PRJEB81630;PRJEB83352;PRJNA533106			no_sra_center
GCA_946902985.2	Meconema thalassinum	2023-10-05	SAMEA7520379	WELLCOME SANGER INSTITUTE	EBI	PRJEB40665;PRJEB43510;PRJEB43745;PRJEB48399;PRJEB53006;PRJNA533106			no_sra_center
GCA_986449165.1	Mecyna asinalis	2026-08-22	SAMEA118540703	WELLCOME SANGER INSTITUTE	EBI	PRJEB114615;PRJEB116039;PRJEB40665;PRJEB43510;PRJEB43745;PRJEB71705;PRJNA533106			no_sra_center
GCA_949319885.1	Mecyna flavalis	2023-03-10	SAMEA111458014	WELLCOME SANGER INSTITUTE	EBI	PRJEB40665;PRJEB43510;PRJEB43745;PRJEB59071;PRJEB60244;PRJEB71705;PRJNA533106			no_sra_center
GCA_946800305.1	Medicago arabica	2022-09-15	SAMEA7521936	WELLCOME SANGER INSTITUTE	EBI	PRJEB40665;PRJEB43510;PRJEB43745;PRJEB47317;PRJEB55667;PRJNA533106			no_sra_center
GCA_958299785.1	Medicago lupulina	2023-07-07	SAMEA11478582	WELLCOME SANGER INSTITUTE	EBI	PRJEB125134;PRJEB40665;PRJEB43510;PRJEB43745;PRJEB62565;PRJEB64120;PRJEB80366;PRJNA533106			no_sra_center
GCA_988240545.1	Medicago tornata	2026-09-10	SAMEA121641826	WELLCOME SANGER INSTITUTE	EBI	PRJEB124355;PRJEB125134;PRJEB125568;PRJEB40665;PRJEB43510;PRJEB43745;PRJEB80366;PRJNA533106			no_sra_center
GCA_988240665.1	Medicago tornata	2026-09-10	SAMEA121641826	WELLCOME SANGER INSTITUTE	EBI	PRJEB124355;PRJEB125134;PRJEB125569;PRJEB40665;PRJEB43510;PRJEB43745;PRJEB80366;PRJNA533106			no_sra_center
GCA_982374795.1	Meesia triquetra	2026-04-04	SAMEA117801556	WELLCOME SANGER INSTITUTE	EBI	PRJEB110238;PRJEB110873;PRJEB125134;PRJEB40665;PRJEB43510;PRJEB43745;PRJEB80366;PRJNA533106			no_sra_center
GCA_963576845.1	Megachile leachella	2023-11-05	SAMEA11025085	WELLCOME SANGER INSTITUTE	EBI	PRJEB40665;PRJEB43510;PRJEB43745;PRJEB63501;PRJEB68062;PRJNA533106			no_sra_center
GCA_945859555.1	Megachile ligniseca	2022-09-13	SAMEA7520495	WELLCOME SANGER INSTITUTE	EBI	PRJEB40665;PRJEB43510;PRJEB43745;PRJEB53608;PRJEB54843;PRJNA533106			no_sra_center
GCA_982499455.1	Megachile maritima	2026-04-17	SAMEA112964216	WELLCOME SANGER INSTITUTE	EBI	PRJEB111566;PRJEB40665;PRJEB43510;PRJEB43745;PRJEB82541;PRJNA533106			no_sra_center
GCA_945859595.2	Megachile willughbiella	2022-10-25	SAMEA7520496	WELLCOME SANGER INSTITUTE	EBI	PRJEB40665;PRJEB43510;PRJEB43745;PRJEB53558;PRJEB54833;PRJNA533106			no_sra_center
GCA_984657715.1	Megalepthyphantes collinus	2026-06-22	SAMEA115574663	WELLCOME SANGER INSTITUTE	EBI	PRJEB111336;PRJEB114324;PRJEB40665;PRJEB43510;PRJEB43745;PRJNA533106			no_sra_center
GCA_965653845.1	Megalonotus praetextatus	2025-08-03	SAMEA114644612	WELLCOME SANGER INSTITUTE	EBI	PRJEB40665;PRJEB43510;PRJEB43745;PRJEB89621;PRJEB94563;PRJNA533106			no_sra_center
GCA_965653145.1	Megalonotus praetextatus	2025-08-03	SAMEA114644612	WELLCOME SANGER INSTITUTE	EBI	PRJEB40665;PRJEB43510;PRJEB43745;PRJEB89621;PRJEB94562;PRJNA533106			no_sra_center
GCA_963854835.1	Megamerina dolium	2023-12-15	SAMEA112964358	WELLCOME SANGER INSTITUTE	EBI	PRJEB40665;PRJEB43510;PRJEB43745;PRJEB68240;PRJEB70836;PRJNA533106			no_sra_center
GCA_936450015.1	Meganola albula	2022-05-03	SAMEA7701294	WELLCOME SANGER INSTITUTE	EBI	PRJEB40665;PRJEB43510;PRJEB43745;PRJEB46332;PRJEB52085;PRJEB71705;PRJNA533106			no_sra_center
GCA_965643495.1	Megatoma undata	2025-07-19	SAMEA115574525	WELLCOME SANGER INSTITUTE	EBI	PRJEB40665;PRJEB43510;PRJEB43745;PRJEB80395;PRJEB93942;PRJNA533106			no_sra_center
GCA_963680825.1	Meiosimyza decipiens	2023-12-06	SAMEA112232826	WELLCOME SANGER INSTITUTE	EBI	PRJEB40665;PRJEB43510;PRJEB43745;PRJEB68004;PRJEB70449;PRJNA533106			no_sra_center
GCA_963662105.1	Meiosimyza platycephala	2023-12-06	SAMEA112232865	WELLCOME SANGER INSTITUTE	EBI	PRJEB40665;PRJEB43510;PRJEB43745;PRJEB68002;PRJEB68341;PRJNA533106			no_sra_center
GCA_984657395.1	Melampyrum pratense	2026-06-22	SAMEA9335114	WELLCOME SANGER INSTITUTE	EBI	PRJEB112717;PRJEB114276;PRJEB125134;PRJEB40665;PRJEB43510;PRJEB43745;PRJEB80366;PRJNA533106			no_sra_center
GCA_984658735.1	Melampyrum pratense	2026-07-10	SAMEA9335114	WELLCOME SANGER INSTITUTE	EBI	PRJEB112717;PRJEB114277;PRJEB125134;PRJEB40665;PRJEB43510;PRJEB43745;PRJEB80366;PRJNA533106			no_sra_center
GCA_965112295.2	Melampyrum sylvaticum	2026-02-01	SAMEA7535989	WELLCOME SANGER INSTITUTE	EBI	PRJEB125134;PRJEB40665;PRJEB43510;PRJEB43745;PRJEB80366;PRJEB81021;PRJEB84210;PRJNA533106			no_sra_center
GCA_920104075.1	Melanargia galathea	2021-11-25	SAMEA7523296	WELLCOME SANGER INSTITUTE	EBI	PRJEB40665;PRJEB43510;PRJEB43745;PRJEB46857;PRJEB48881;PRJEB71705;PRJNA533106			no_sra_center
GCA_947386135.1	Melanchra persicariae	2022-12-04	SAMEA10978947	WELLCOME SANGER INSTITUTE	EBI	PRJEB40665;PRJEB43510;PRJEB43745;PRJEB56410;PRJEB57741;PRJEB71705;PRJNA533106			no_sra_center
GCA_965663475.1	Melangyna compositarum	2025-08-23	SAMEA7701564	WELLCOME SANGER INSTITUTE	EBI	PRJEB40665;PRJEB43510;PRJEB43745;PRJEB83545;PRJEB94981;PRJNA533106			no_sra_center
GCA_949320155.1	Melangyna quadrimaculata	2023-04-08	SAMEA14448134	WELLCOME SANGER INSTITUTE	EBI	PRJEB40665;PRJEB43510;PRJEB43745;PRJEB56134;PRJEB60249;PRJNA533106			no_sra_center
GCA_965605835.1	Melanomya nana	2025-07-07	SAMEA11025035	WELLCOME SANGER INSTITUTE	EBI	PRJEB40665;PRJEB43510;PRJEB43745;PRJEB85046;PRJEB90562;PRJNA533106			no_sra_center
GCA_963583895.1	Melanophora roralis	2023-11-05	SAMEA112222163	WELLCOME SANGER INSTITUTE	EBI	PRJEB40665;PRJEB43510;PRJEB43745;PRJEB62612;PRJEB68163;PRJNA533106			no_sra_center
GCA_914767635.1	Melanostoma mellinum	2021-09-16	SAMEA7520051	WELLCOME SANGER INSTITUTE	EBI	PRJEB40665;PRJEB43510;PRJEB43745;PRJEB46300;PRJEB47341;PRJNA533106			no_sra_center
GCA_949752695.1	Melanostoma scalare	2023-04-08	SAMEA7520053	WELLCOME SANGER INSTITUTE	EBI	PRJEB40665;PRJEB43510;PRJEB43745;PRJEB53930;PRJEB60861;PRJNA533106			no_sra_center
GCA_963082815.1	Melanotus villosus	2023-08-09	SAMEA9359409	WELLCOME SANGER INSTITUTE	EBI	PRJEB40665;PRJEB43510;PRJEB43745;PRJEB60633;PRJEB64848;PRJNA533106			no_sra_center
GCA_965152645.1	Melanthia procellata	2025-02-19	SAMEA114644922	WELLCOME SANGER INSTITUTE	EBI	PRJEB40665;PRJEB43510;PRJEB43745;PRJEB71705;PRJEB85018;PRJEB85901;PRJNA533106			no_sra_center
GCA_922984935.2	Meles meles	2022-03-23	SAMEA7524400	WELLCOME SANGER INSTITUTE	EBI	PRJEB40665;PRJEB43510;PRJEB43745;PRJEB46333;PRJEB49353;PRJNA489243;PRJNA533106			no_sra_center
GCA_984662005.1	Melica uniflora	2026-06-22	SAMEA110043457	WELLCOME SANGER INSTITUTE	EBI	PRJEB113110;PRJEB114315;PRJEB40665;PRJEB43510;PRJEB43745;PRJNA533106			no_sra_center
GCA_963668005.1	Melieria crassipennis	2023-12-10	SAMEA112964239	WELLCOME SANGER INSTITUTE	EBI	PRJEB40665;PRJEB43510;PRJEB43745;PRJEB67605;PRJEB69165;PRJNA533106			no_sra_center
GCA_963971225.1	Melieria omissa	2024-03-04	SAMEA112963096	WELLCOME SANGER INSTITUTE	EBI	PRJEB40665;PRJEB43510;PRJEB43745;PRJEB67433;PRJEB73493;PRJNA533106			no_sra_center
GCA_964056695.1	Melieria picta	2024-05-18	SAMEA112964202	WELLCOME SANGER INSTITUTE	EBI	PRJEB40665;PRJEB43510;PRJEB43745;PRJEB73950;PRJEB75755;PRJNA533106			no_sra_center
GCA_988280795.1	Melilotus altissimus	2026-09-17	SAMEA115503531	WELLCOME SANGER INSTITUTE	European Bioinformatics Institute	PRJEB123996;PRJEB126653;PRJEB40665;PRJEB43510;PRJEB43745;PRJNA533106			no_sra_center
GCA_982090105.1	Melinna palmata	2026-03-08	SAMEA14448275	WELLCOME SANGER INSTITUTE	EBI	PRJEB106995;PRJEB108970;PRJEB40665;PRJEB43510;PRJEB43745;PRJNA533106			no_sra_center
GCA_964023965.1	Melinopterus prodromus	2024-04-12	SAMEA9359414	WELLCOME SANGER INSTITUTE	EBI	PRJEB40665;PRJEB43510;PRJEB43745;PRJEB66051;PRJEB74734;PRJNA533106			no_sra_center
GCA_948107695.1	Meliscaeva auricollis	2023-01-09	SAMEA10166752	WELLCOME SANGER INSTITUTE	EBI	PRJEB40665;PRJEB43510;PRJEB43745;PRJEB56251;PRJEB58784;PRJNA533106			no_sra_center
GCA_965212275.1	Meliscaeva cinctella	2025-03-20	SAMEA112964220	WELLCOME SANGER INSTITUTE	EBI	PRJEB40665;PRJEB43510;PRJEB43745;PRJEB85350;PRJEB87038;PRJNA533106			no_sra_center
GCA_905220545.2	Melitaea athalia	2022-02-02	SAMEA7523312	WELLCOME SANGER INSTITUTE	EBI	PRJEB40665;PRJEB42889;PRJEB42954;PRJEB43510;PRJEB43745;PRJEB71705;PRJNA533106			no_sra_center
GCA_905220565.1	Melitaea cinxia	2021-02-16	SAMEA7523475	WELLCOME SANGER INSTITUTE	EBI	PRJEB40665;PRJEB42891;PRJEB42955;PRJEB43510;PRJEB43745;PRJEB71705;PRJNA533106			no_sra_center
GCA_965112285.1	Melittis melissophyllum	2025-01-23	SAMEA112290316	WELLCOME SANGER INSTITUTE	EBI	PRJEB40665;PRJEB43510;PRJEB43745;PRJEB65658;PRJEB84209;PRJNA533106			no_sra_center
GCA_935421215.2	Melolontha melolontha	2022-10-25	SAMEA7524378	WELLCOME SANGER INSTITUTE	EBI	PRJEB40665;PRJEB43510;PRJEB43745;PRJEB50973;PRJEB51927;PRJNA533106			no_sra_center
GCA_914767715.1	Membranipora membranacea	2021-09-16	SAMEA7536681	WELLCOME SANGER INSTITUTE	EBI	PRJEB40665;PRJEB43510;PRJEB43745;PRJEB45195;PRJEB47372;PRJNA533106			no_sra_center
GCA_977020135.1	Menophra abruptaria	2025-11-10	SAMEA116348409	WELLCOME SANGER INSTITUTE	EBI	PRJEB102452;PRJEB40665;PRJEB43510;PRJEB43745;PRJEB71705;PRJEB97024;PRJNA533106			no_sra_center
GCA_965615935.2	Mentha aquatica	2026-04-04	SAMEA110451273	WELLCOME SANGER INSTITUTE	EBI	PRJEB125134;PRJEB40665;PRJEB43510;PRJEB43745;PRJEB80366;PRJEB87947;PRJEB91157;PRJNA533106			no_sra_center
GCA_937616625.2	Mercurialis annua	2022-10-31	SAMEA7522176	WELLCOME SANGER INSTITUTE	EBI	PRJEB40665;PRJEB43510;PRJEB43745;PRJEB50972;PRJEB52246;PRJNA533106			no_sra_center
GCA_971847395.1	Mergellus albellus	2025-09-13	SAMEA112468122	WELLCOME SANGER INSTITUTE	EBI	PRJEB40665;PRJEB43510;PRJEB43745;PRJEB74728;PRJEB96093;PRJNA489243;PRJNA533106			no_sra_center
GCA_971812175.1	Mergellus albellus	2025-09-13	SAMEA112468122	WELLCOME SANGER INSTITUTE	EBI	PRJEB40665;PRJEB43510;PRJEB43745;PRJEB74728;PRJEB96092;PRJNA489243;PRJNA533106			no_sra_center
GCA_988425565.1	Mergus serrator	2026-10-07	SAMEA113398848	WELLCOME SANGER INSTITUTE	EBI	PRJEB105339;PRJEB125134;PRJEB40665;PRJEB43510;PRJEB43745;PRJEB75872;PRJEB80366;PRJNA489243;PRJNA533106			no_sra_center
GCA_988322485.1	Mergus serrator	2026-10-03	SAMEA113398848	WELLCOME SANGER INSTITUTE	EBI	PRJEB105338;PRJEB125134;PRJEB40665;PRJEB43510;PRJEB43745;PRJEB75872;PRJEB80366;PRJNA489243;PRJNA533106			no_sra_center
GCA_958301585.1	Merodon equestris	2023-07-07	SAMEA112221777	WELLCOME SANGER INSTITUTE	EBI	PRJEB40665;PRJEB43510;PRJEB43745;PRJEB61688;PRJEB64158;PRJNA533106			no_sra_center
GCA_982500655.1	Meromyza pratorum	2026-04-17	SAMEA112963086	WELLCOME SANGER INSTITUTE	EBI	PRJEB111547;PRJEB40665;PRJEB43510;PRJEB43745;PRJEB97868;PRJNA533106			no_sra_center
GCA_984573095.1	Merrifieldia baliodactyla	2026-05-31	SAMEA118768055	WELLCOME SANGER INSTITUTE	EBI	PRJEB112435;PRJEB113575;PRJEB40665;PRJEB43510;PRJEB43745;PRJEB71705;PRJNA533106			no_sra_center
GCA_984573545.1	Merrifieldia leucodactyla	2026-05-31	SAMEA118768054	WELLCOME SANGER INSTITUTE	EBI	PRJEB112684;PRJEB113576;PRJEB40665;PRJEB43510;PRJEB43745;PRJEB71705;PRJNA533106			no_sra_center
GCA_949987695.1	Merzomyia westermanni	2023-05-03	SAMEA7746463	WELLCOME SANGER INSTITUTE	EBI	PRJEB40665;PRJEB43510;PRJEB43745;PRJEB48049;PRJEB61566;PRJNA533106			no_sra_center
GCA_965117175.1	Mesapamea secalis	2025-01-25	SAMEA115163342	WELLCOME SANGER INSTITUTE	EBI	PRJEB40665;PRJEB43510;PRJEB43745;PRJEB71705;PRJEB83491;PRJEB85150;PRJNA533106			no_sra_center
GCA_987488835.1	Mesoleptidea cingulata	2026-09-08	SAMEA118256979	WELLCOME SANGER INSTITUTE	EBI	PRJEB115857;PRJEB123690;PRJEB40665;PRJEB43510;PRJEB43745;PRJNA533106			no_sra_center
GCA_916614155.1	Mesoligia furuncula	2021-10-01	SAMEA7701289	WELLCOME SANGER INSTITUTE	EBI	PRJEB40665;PRJEB43510;PRJEB43745;PRJEB46328;PRJEB47754;PRJEB71705;PRJNA533106			no_sra_center
GCA_986918565.1	Mesoligia literosa	2026-08-31	SAMEA118768192	WELLCOME SANGER INSTITUTE	EBI	PRJEB114617;PRJEB121082;PRJEB40665;PRJEB43510;PRJEB43745;PRJEB71705;PRJNA533106			no_sra_center
GCA_986918485.1	Mesoligia literosa	2026-09-01	SAMEA118768192	WELLCOME SANGER INSTITUTE	EBI	PRJEB114617;PRJEB121081;PRJEB40665;PRJEB43510;PRJEB43745;PRJEB71705;PRJNA533106			no_sra_center
GCA_964341445.2	Mesoplodon mirus	2026-07-06	SAMEA115358965	WELLCOME SANGER INSTITUTE	EBI	PRJEB40665;PRJEB43510;PRJEB43745;PRJEB79281;PRJEB82817;PRJNA1020146;PRJNA489243;PRJNA533106			no_sra_center
GCA_950004255.1	Mesopsocus fuscifrons	2023-05-01	SAMEA10241719	WELLCOME SANGER INSTITUTE	EBI	PRJEB40665;PRJEB43510;PRJEB43745;PRJEB60722;PRJEB61591;PRJNA533106			no_sra_center
GCA_982820625.1	Mesoptychia rutheana	2026-05-17	SAMEA117801589	WELLCOME SANGER INSTITUTE	EBI	PRJEB110553;PRJEB112210;PRJEB40665;PRJEB43510;PRJEB43745;PRJNA533106			no_sra_center
GCA_933210815.1	Meta bourneti	2022-03-23	SAMEA9066041	WELLCOME SANGER INSTITUTE	EBI	PRJEB40665;PRJEB43510;PRJEB43745;PRJEB48587;PRJEB51391;PRJNA533106			no_sra_center
GCA_949699065.1	Metalampra italica	2023-03-17	SAMEA111458737	WELLCOME SANGER INSTITUTE	EBI	PRJEB40665;PRJEB43510;PRJEB43745;PRJEB60313;PRJEB60674;PRJEB71705;PRJNA533106			no_sra_center
GCA_947359465.1	Metellina segmentata	2022-12-03	SAMEA7696460	WELLCOME SANGER INSTITUTE	EBI	PRJEB40665;PRJEB43510;PRJEB43745;PRJEB55727;PRJEB57613;PRJNA533106			no_sra_center
GCA_982375245.1	Meteorus filator	2026-04-04	SAMEA112964408	WELLCOME SANGER INSTITUTE	EBI	PRJEB111073;PRJEB40665;PRJEB43510;PRJEB43745;PRJEB82728;PRJNA533106			no_sra_center
GCA_984048595.1	Meteorus ictericus	2026-05-24	SAMEA112964382	WELLCOME SANGER INSTITUTE	EBI	PRJEB112808;PRJEB40665;PRJEB43510;PRJEB43745;PRJEB73892;PRJNA533106			no_sra_center
GCA_982553025.1	Meteorus pendulus	2026-04-27	SAMEA116117408	WELLCOME SANGER INSTITUTE	EBI	PRJEB111278;PRJEB111837;PRJEB40665;PRJEB43510;PRJEB43745;PRJNA533106			no_sra_center
GCA_982552955.1	Meteorus rubens	2026-04-27	SAMEA112964389	WELLCOME SANGER INSTITUTE	EBI	PRJEB111839;PRJEB40665;PRJEB43510;PRJEB43745;PRJEB73920;PRJNA533106			no_sra_center
GCA_965282865.1	Metoecus paradoxus	2025-05-18	SAMEA112232700	WELLCOME SANGER INSTITUTE	EBI	PRJEB40665;PRJEB43510;PRJEB43745;PRJEB68262;PRJEB89532;PRJNA533106			no_sra_center
GCA_963576795.1	Metopia argyrocephala	2023-11-05	SAMEA110451619	WELLCOME SANGER INSTITUTE	EBI	PRJEB40665;PRJEB43510;PRJEB43745;PRJEB63509;PRJEB68068;PRJNA533106			no_sra_center
GCA_949775045.1	Metridium senile	2023-04-08	SAMEA110449715	WELLCOME SANGER INSTITUTE	EBI	PRJEB40665;PRJEB43510;PRJEB43745;PRJEB59155;PRJEB60995;PRJNA533106			no_sra_center
GCA_977788085.1	Metriotes lutarea	2026-02-01	SAMEA117051898	WELLCOME SANGER INSTITUTE	EBI	PRJEB102927;PRJEB104842;PRJEB40665;PRJEB43510;PRJEB43745;PRJEB71705;PRJNA533106			no_sra_center
GCA_939531405.1	Metschnikowia zobellii	2022-05-03	SAMEA7500987	WELLCOME SANGER INSTITUTE	EBI	PRJEB40665;PRJEB43510;PRJEB43745;PRJEB52022;PRJEB52419;PRJNA533106			no_sra_center
GCA_986176495.1	Metzneria aprilella	2026-06-27	SAMEA118559552	WELLCOME SANGER INSTITUTE	EBI	PRJEB113374;PRJEB115232;PRJEB40665;PRJEB43510;PRJEB43745;PRJEB71705;PRJNA533106			no_sra_center
GCA_986173315.1	Metzneria aprilella	2026-06-27	SAMEA118559552	WELLCOME SANGER INSTITUTE	EBI	PRJEB113374;PRJEB115233;PRJEB40665;PRJEB43510;PRJEB43745;PRJEB71705;PRJNA533106			no_sra_center
GCA_984799175.1	Metzneria lappella	2026-06-26	SAMEA118768015	WELLCOME SANGER INSTITUTE	EBI	PRJEB112729;PRJEB114421;PRJEB40665;PRJEB43510;PRJEB43745;PRJEB71705;PRJNA533106			no_sra_center
GCA_984798985.1	Metzneria lappella	2026-06-26	SAMEA118768015	WELLCOME SANGER INSTITUTE	EBI	PRJEB112729;PRJEB114420;PRJEB40665;PRJEB43510;PRJEB43745;PRJEB71705;PRJNA533106			no_sra_center
GCA_986606605.1	Metzneria neuropterella	2026-08-22	SAMEA118257120	WELLCOME SANGER INSTITUTE	EBI	PRJEB113376;PRJEB120766;PRJEB40665;PRJEB43510;PRJEB43745;PRJEB71705;PRJNA533106			no_sra_center
GCA_985198295.1	Microcara testacea	2026-07-04	SAMEA118540086	WELLCOME SANGER INSTITUTE	EBI	PRJEB112928;PRJEB114765;PRJEB40665;PRJEB43510;PRJEB43745;PRJNA533106			no_sra_center
GCA_963457635.1	Microchirus variegatus	2023-09-20	SAMEA12219470	WELLCOME SANGER INSTITUTE	EBI	PRJEB40665;PRJEB43510;PRJEB43745;PRJEB64068;PRJEB66144;PRJNA489243;PRJNA533106			no_sra_center
GCA_949715475.1	Microchrysa polita	2023-04-08	SAMEA10167095	WELLCOME SANGER INSTITUTE	EBI	PRJEB40665;PRJEB43510;PRJEB43745;PRJEB56559;PRJEB60767;PRJNA533106			no_sra_center
GCA_963931805.1	Microdon myrmicae	2024-02-06	SAMEA112232574	WELLCOME SANGER INSTITUTE	EBI	PRJEB40665;PRJEB43510;PRJEB43745;PRJEB67421;PRJEB72227;PRJNA533106			no_sra_center
GCA_982398055.1	Microlinyphia pusilla	2026-04-12	SAMEA114644583	WELLCOME SANGER INSTITUTE	EBI	PRJEB109896;PRJEB111249;PRJEB40665;PRJEB43510;PRJEB43745;PRJNA533106			no_sra_center
GCA_978019865.1	Microlophium carnosum	2026-01-18	SAMEA116823099	WELLCOME SANGER INSTITUTE	EBI	PRJEB105644;PRJEB106458;PRJEB40665;PRJEB43510;PRJEB43745;PRJNA533106			no_sra_center
GCA_964030765.1	Micromesistius poutassou	2024-04-20	SAMEA111457552	WELLCOME SANGER INSTITUTE	EBI	PRJEB107229;PRJEB40665;PRJEB43510;PRJEB43745;PRJEB70737;PRJEB75077;PRJNA489243;PRJNA533106			no_sra_center
GCA_963924665.1	Micromys minutus	2024-01-29	SAMEA112468042	WELLCOME SANGER INSTITUTE	EBI	PRJEB40665;PRJEB43510;PRJEB43745;PRJEB71536;PRJEB72093;PRJNA489243;PRJNA533106			no_sra_center
GCA_988324355.1	Microphor holosericeus	2026-10-04	SAMEA114644695	WELLCOME SANGER INSTITUTE	EBI	PRJEB121398;PRJEB124110;PRJEB40665;PRJEB43510;PRJEB43745;PRJNA533106			no_sra_center
GCA_964016945.1	Microplitis deprimator	2024-03-22	SAMEA110451492	WELLCOME SANGER INSTITUTE	EBI	PRJEB40665;PRJEB43510;PRJEB43745;PRJEB67617;PRJEB74119;PRJNA533106			no_sra_center
GCA_944548615.1	Micropterix aruncella	2022-07-13	SAMEA10978742	WELLCOME SANGER INSTITUTE	EBI	PRJEB40665;PRJEB43510;PRJEB43745;PRJEB53243;PRJEB53845;PRJEB71705;PRJNA533106			no_sra_center
GCA_965643785.1	Microrhagus pygmaeus	2025-07-19	SAMEA114805832	WELLCOME SANGER INSTITUTE	EBI	PRJEB40665;PRJEB43510;PRJEB43745;PRJEB86941;PRJEB94007;PRJNA533106			no_sra_center
GCA_964266715.1	Microstomus kitt	2024-09-26	SAMEA114298639	WELLCOME SANGER INSTITUTE	EBI	PRJEB40665;PRJEB43510;PRJEB43745;PRJEB75977;PRJEB80479;PRJNA489243;PRJNA533106			no_sra_center
GCA_987114375.1	Microtus agrestis	2026-09-01	SAMEA120960998	WELLCOME SANGER INSTITUTE	EBI	PRJEB115849;PRJEB121458;PRJEB40665;PRJEB43510;PRJEB43745;PRJNA489243;PRJNA533106			no_sra_center
GCA_987114395.1	Microtus agrestis	2026-09-01	SAMEA120960998	WELLCOME SANGER INSTITUTE	EBI	PRJEB115849;PRJEB121457;PRJEB40665;PRJEB43510;PRJEB43745;PRJNA489243;PRJNA533106			no_sra_center
GCA_933228765.1	Miltochrista miniata	2022-03-23	SAMEA9252593	WELLCOME SANGER INSTITUTE	EBI	PRJEB40665;PRJEB43510;PRJEB43745;PRJEB50744;PRJEB51586;PRJEB71705;PRJNA533106			no_sra_center
GCA_947623455.1	Mimachlamys varia	2022-12-19	SAMEA8534354	WELLCOME SANGER INSTITUTE	EBI	PRJEB40665;PRJEB43510;PRJEB43745;PRJEB57314;PRJEB58318;PRJNA533106			no_sra_center
GCA_905332985.1	Mimas tiliae	2021-03-11	SAMEA7520521	WELLCOME SANGER INSTITUTE	EBI	PRJEB40665;PRJEB43491;PRJEB43510;PRJEB43536;PRJEB43745;PRJEB71705;PRJNA533106			no_sra_center
GCA_986880905.1	Mimulus peregrinus	2026-09-01	SAMEA110449460	WELLCOME SANGER INSTITUTE	EBI	PRJEB113744;PRJEB120991;PRJEB40665;PRJEB43510;PRJEB43745;PRJNA533106			no_sra_center
GCA_917499265.3	Mimumesa dahlbomi	2022-10-25	SAMEA8603165	WELLCOME SANGER INSTITUTE	EBI	PRJEB40665;PRJEB43510;PRJEB43745;PRJEB46329;PRJEB48054;PRJNA533106			no_sra_center
GCA_965113145.1	Minettia fasciata	2025-01-24	SAMEA113425395	WELLCOME SANGER INSTITUTE	EBI	PRJEB40665;PRJEB43510;PRJEB43745;PRJEB83505;PRJEB84932;PRJNA533106			no_sra_center
GCA_964146895.2	Miniopterus schreibersii	2025-04-05	SAMEA113980738	WELLCOME SANGER INSTITUTE	EBI	PRJEB107229;PRJEB40665;PRJEB43510;PRJEB43745;PRJEB74978;PRJEB76208;PRJNA489243;PRJNA489245;PRJNA533106			no_sra_center
GCA_965195395.1	Mirificarma mulinella	2025-03-10	SAMEA115574595	WELLCOME SANGER INSTITUTE	EBI	PRJEB40665;PRJEB43510;PRJEB43745;PRJEB71705;PRJEB85006;PRJEB86504;PRJNA533106			no_sra_center
GCA_988323415.1	Miris striatus	2026-10-03	SAMEA10167041	WELLCOME SANGER INSTITUTE	EBI	PRJEB108387;PRJEB127729;PRJEB40665;PRJEB43510;PRJEB43745;PRJNA533106			no_sra_center
GCA_946800315.1	Misopates orontium	2022-09-15	SAMEA7521933	WELLCOME SANGER INSTITUTE	EBI	PRJEB40665;PRJEB43510;PRJEB43745;PRJEB50885;PRJEB55658;PRJNA533106			no_sra_center
GCA_964106765.1	Moehringia trinervia	2024-06-06	SAMEA114214469	WELLCOME SANGER INSTITUTE	EBI	PRJEB40665;PRJEB43510;PRJEB43745;PRJEB74623;PRJEB76111;PRJNA533106			no_sra_center
GCA_963576475.1	Molanna angustata	2023-11-03	SAMEA112964177	WELLCOME SANGER INSTITUTE	EBI	PRJEB40665;PRJEB43510;PRJEB43745;PRJEB66410;PRJEB68105;PRJNA533106			no_sra_center
GCA_965637535.1	Mompha epilobiella	2025-07-09	SAMEA113425415	WELLCOME SANGER INSTITUTE	EBI	PRJEB40665;PRJEB43510;PRJEB43745;PRJEB71705;PRJEB89320;PRJEB91633;PRJNA533106			no_sra_center
GCA_987201365.1	Mompha miscella	2026-09-08	SAMEA10979067	WELLCOME SANGER INSTITUTE	EBI	PRJEB122967;PRJEB40665;PRJEB43510;PRJEB43745;PRJEB71705;PRJEB81842;PRJNA533106			no_sra_center
GCA_965198445.1	Mompha subbistrigella	2025-03-13	SAMEA111457874	WELLCOME SANGER INSTITUTE	EBI	PRJEB40665;PRJEB43510;PRJEB43745;PRJEB71705;PRJEB85386;PRJEB86830;PRJNA533106			no_sra_center
GCA_964261925.1	Monacha cantiana	2024-09-12	SAMEA112232757	WELLCOME SANGER INSTITUTE	EBI	PRJEB40665;PRJEB43510;PRJEB43745;PRJEB74240;PRJEB79840;PRJNA533106			no_sra_center
GCA_984807525.1	Monochroa lutulentella	2026-06-26	SAMEA118768304	WELLCOME SANGER INSTITUTE	EBI	PRJEB112687;PRJEB114644;PRJEB40665;PRJEB43510;PRJEB43745;PRJEB71705;PRJNA533106			no_sra_center
GCA_982551405.1	Monochroa tenebrella	2026-04-25	SAMEA118540589	WELLCOME SANGER INSTITUTE	EBI	PRJEB109862;PRJEB110613;PRJEB40665;PRJEB43510;PRJEB43745;PRJEB71705;PRJNA533106			no_sra_center
GCA_977066395.1	Mononychus punctumalbum	2025-11-27	SAMEA118280411	WELLCOME SANGER INSTITUTE	EBI	PRJEB100748;PRJEB103978;PRJEB40665;PRJEB43510;PRJEB43745;PRJNA533106			no_sra_center
GCA_947458855.1	Monopis laevigella	2022-12-06	SAMEA10979206	WELLCOME SANGER INSTITUTE	EBI	PRJEB40665;PRJEB43510;PRJEB43745;PRJEB56368;PRJEB57901;PRJEB71705;PRJNA533106			no_sra_center
GCA_947359445.1	Monopis laevigella	2022-12-03	SAMEA10979208	WELLCOME SANGER INSTITUTE	EBI	PRJEB40665;PRJEB43510;PRJEB43745;PRJEB56368;PRJEB57608;PRJEB71705;PRJNA533106			no_sra_center
GCA_987114575.1	Monopis monachella	2026-08-31	SAMEA120504827	WELLCOME SANGER INSTITUTE	EBI	PRJEB118561;PRJEB121448;PRJEB40665;PRJEB43510;PRJEB43745;PRJEB71705;PRJNA533106			no_sra_center
GCA_987114565.1	Monopis monachella	2026-08-28	SAMEA120504827	WELLCOME SANGER INSTITUTE	EBI	PRJEB118561;PRJEB121447;PRJEB40665;PRJEB43510;PRJEB43745;PRJEB71705;PRJNA533106			no_sra_center
GCA_965226455.1	Monopis weaverella	2025-03-28	SAMEA112198374	WELLCOME SANGER INSTITUTE	EBI	PRJEB40665;PRJEB43510;PRJEB43745;PRJEB71705;PRJEB75169;PRJEB87578;PRJNA533106			no_sra_center
GCA_984574225.1	Monostegia abdominalis	2026-06-15	SAMEA113425702	WELLCOME SANGER INSTITUTE	EBI	PRJEB106427;PRJEB113603;PRJEB40665;PRJEB43510;PRJEB43745;PRJNA533106			no_sra_center
GCA_977065965.1	Monotoma picipes	2025-11-28	SAMEA112232836	WELLCOME SANGER INSTITUTE	EBI	PRJEB103784;PRJEB40665;PRJEB43510;PRJEB43745;PRJEB75295;PRJNA533106			no_sra_center
GCA_965196665.1	Mormo maura	2025-03-10	SAMEA114644836	WELLCOME SANGER INSTITUTE	EBI	PRJEB40665;PRJEB43510;PRJEB43745;PRJEB71705;PRJEB84103;PRJEB86580;PRJNA533106			no_sra_center
GCA_987196015.1	Motacilla cinerea	2026-09-03	SAMEA120960991	WELLCOME SANGER INSTITUTE	EBI	PRJEB115829;PRJEB122728;PRJEB40665;PRJEB43510;PRJEB43745;PRJNA489243;PRJNA533106			no_sra_center
GCA_987196375.1	Motacilla flava	2026-09-02	SAMEA118680314	WELLCOME SANGER INSTITUTE	EBI	PRJEB115873;PRJEB122731;PRJEB40665;PRJEB43510;PRJEB43745;PRJNA489243;PRJNA533106			no_sra_center
GCA_987197035.1	Motacilla flava	2026-09-02	SAMEA118680314	WELLCOME SANGER INSTITUTE	EBI	PRJEB115873;PRJEB122730;PRJEB40665;PRJEB43510;PRJEB43745;PRJNA489243;PRJNA533106			no_sra_center
GCA_943193625.1	Mucor piriformis	2022-06-10	SAMEA9202734	WELLCOME SANGER INSTITUTE	EBI	PRJEB40665;PRJEB43510;PRJEB43745;PRJEB52585;PRJEB53003;PRJNA533106			no_sra_center
GCA_965276695.1	Mullus surmuletus	2025-05-03	SAMEA115715126	WELLCOME SANGER INSTITUTE	EBI	PRJEB40665;PRJEB43510;PRJEB43745;PRJEB87973;PRJEB89104;PRJNA489243;PRJNA533106			no_sra_center
GCA_963930625.2	Muntiacus reevesi	2026-02-01	SAMEA110690972	WELLCOME SANGER INSTITUTE	EBI	PRJEB40665;PRJEB43510;PRJEB43745;PRJEB71430;PRJEB72164;PRJNA489243;PRJNA533106			no_sra_center
GCA_949316315.1	Mus musculus	2023-04-08	SAMEA112251260	WELLCOME SANGER INSTITUTE	EBI	PRJEB107229;PRJEB40665;PRJEB43510;PRJEB43745;PRJEB59719;PRJEB60144;PRJNA489243;PRJNA533106			no_sra_center
GCA_963383645.1	Muscardinus avellanarius	2023-08-26	SAMEA110180654	WELLCOME SANGER INSTITUTE	EBI	PRJEB40665;PRJEB43510;PRJEB43745;PRJEB64959;PRJEB65338;PRJNA489243;PRJNA533106			no_sra_center
GCA_988136345.1	Muscicapa striata	2026-09-09	SAMEA118680484	WELLCOME SANGER INSTITUTE	EBI	PRJEB115875;PRJEB124029;PRJEB40665;PRJEB43510;PRJEB43745;PRJNA489243;PRJNA533106			no_sra_center
GCA_964034835.1	Muscina levida	2024-04-27	SAMEA7746786	WELLCOME SANGER INSTITUTE	EBI	PRJEB40665;PRJEB43510;PRJEB43745;PRJEB66740;PRJEB75308;PRJNA533106			no_sra_center
GCA_949126915.1	Musotima nitidalis	2023-03-10	SAMEA111458030	WELLCOME SANGER INSTITUTE	EBI	PRJEB40665;PRJEB43510;PRJEB43745;PRJEB59145;PRJEB59461;PRJEB71705;PRJNA533106			no_sra_center
GCA_965636855.1	Mustela erminea	2025-07-09	SAMEA113398842	WELLCOME SANGER INSTITUTE	EBI	PRJEB40665;PRJEB43510;PRJEB43745;PRJEB80985;PRJEB91369;PRJNA489243;PRJNA533106			no_sra_center
GCA_965636865.1	Mustela erminea	2025-07-09	SAMEA113398842	WELLCOME SANGER INSTITUTE	EBI	PRJEB40665;PRJEB43510;PRJEB43745;PRJEB80985;PRJEB91368;PRJNA489243;PRJNA533106			no_sra_center
GCA_964662115.1	Mustela nivalis	2025-01-03	SAMEA113398841	WELLCOME SANGER INSTITUTE	EBI	PRJEB40665;PRJEB43510;PRJEB43745;PRJEB80975;PRJEB83720;PRJNA489243;PRJNA533106			no_sra_center
GCA_964213995.1	Mustelus asterias	2024-08-22	SAMEA114298637	WELLCOME SANGER INSTITUTE	EBI	PRJEB107229;PRJEB125134;PRJEB40665;PRJEB43510;PRJEB43745;PRJEB75876;PRJEB78883;PRJEB80366;PRJNA489243;PRJNA533106			no_sra_center
GCA_930367185.1	Myathropa florea	2022-02-13	SAMEA7520156	WELLCOME SANGER INSTITUTE	EBI	PRJEB40665;PRJEB43510;PRJEB43745;PRJEB48254;PRJEB50850;PRJNA533106			no_sra_center
GCA_965250825.1	Mycena galericulata	2025-04-21	SAMEA113940399	WELLCOME SANGER INSTITUTE	EBI	PRJEB40665;PRJEB43510;PRJEB43745;PRJEB75971;PRJEB88714;PRJNA533106			no_sra_center
GCA_977112535.1	Mycetophagus atomarius	2026-01-23	SAMEA10107037	WELLCOME SANGER INSTITUTE	EBI	PRJEB104609;PRJEB40665;PRJEB43510;PRJEB43745;PRJEB76765;PRJNA533106			no_sra_center
GCA_965642255.1	Mycetophagus piceus	2025-07-19	SAMEA114805957	WELLCOME SANGER INSTITUTE	EBI	PRJEB40665;PRJEB43510;PRJEB43745;PRJEB85192;PRJEB93769;PRJNA533106			no_sra_center
GCA_988425335.1	Mycetophagus quadripustulatus	2026-10-07	SAMEA115574578	WELLCOME SANGER INSTITUTE	EBI	PRJEB124550;PRJEB127937;PRJEB40665;PRJEB43510;PRJEB43745;PRJNA533106			no_sra_center
GCA_982191725.1	Mycetophila formosa	2026-03-08	SAMEA115574976	WELLCOME SANGER INSTITUTE	European Bioinformatics Institute	PRJEB109075;PRJEB40665;PRJEB43510;PRJEB43745;PRJEB97540;PRJNA533106			no_sra_center
GCA_981263315.1	Mycetophila fungorum	2026-02-28	SAMEA115792958	WELLCOME SANGER INSTITUTE	EBI	PRJEB108679;PRJEB40665;PRJEB43510;PRJEB43745;PRJEB97542;PRJNA533106			no_sra_center
GCA_982340625.1	Myennis octopunctata	2026-03-23	SAMEA114806312	WELLCOME SANGER INSTITUTE	EBI	PRJEB110375;PRJEB40665;PRJEB43510;PRJEB43745;PRJEB97268;PRJNA533106			no_sra_center
GCA_982192425.1	Myodes glareolus	2026-03-08	SAMEA7702027	WELLCOME SANGER INSTITUTE	EBI	PRJEB108351;PRJEB109083;PRJEB40665;PRJEB43510;PRJEB43745;PRJNA489243;PRJNA533106			no_sra_center
GCA_965637325.1	Myopa buccata	2025-07-09	SAMEA114663812	WELLCOME SANGER INSTITUTE	EBI	PRJEB40665;PRJEB43510;PRJEB43745;PRJEB84349;PRJEB91502;PRJNA533106			no_sra_center
GCA_943737955.2	Myopa tessellatipennis	2023-12-09	SAMEA9654265	WELLCOME SANGER INSTITUTE	EBI	PRJEB40665;PRJEB43510;PRJEB43745;PRJEB52797;PRJEB53295;PRJNA533106			no_sra_center
GCA_982374425.1	Myopa testacea	2026-04-04	SAMEA10166744	WELLCOME SANGER INSTITUTE	EBI	PRJEB110874;PRJEB40665;PRJEB43510;PRJEB43745;PRJEB58147;PRJNA533106			no_sra_center
GCA_949629155.1	Myopa testacea	2023-03-16	SAMEA10166770	WELLCOME SANGER INSTITUTE	EBI	PRJEB40665;PRJEB43510;PRJEB43745;PRJEB58147;PRJEB60551;PRJNA533106			no_sra_center
GCA_963259705.2	Myotis daubentonii	2025-04-09	SAMEA9921455	WELLCOME SANGER INSTITUTE	EBI	PRJEB107229;PRJEB40665;PRJEB43510;PRJEB43745;PRJEB61137;PRJEB65246;PRJNA489243;PRJNA489245;PRJNA533106			no_sra_center
GCA_963242275.2	Myotis daubentonii	2025-04-09	SAMEA9921455	WELLCOME SANGER INSTITUTE	EBI	PRJEB107229;PRJEB40665;PRJEB43510;PRJEB43745;PRJEB61137;PRJEB65247;PRJNA489243;PRJNA489245;PRJNA533106			no_sra_center
GCA_965115925.2	Myotis emarginatus	2025-04-14	SAMEA115534660	WELLCOME SANGER INSTITUTE	EBI	PRJEB40665;PRJEB43510;PRJEB43745;PRJEB81650;PRJEB85111;PRJNA489243;PRJNA489245;PRJNA533106			no_sra_center
GCA_965115945.2	Myotis emarginatus	2025-04-14	SAMEA115534660	WELLCOME SANGER INSTITUTE	EBI	PRJEB40665;PRJEB43510;PRJEB43745;PRJEB81650;PRJEB85110;PRJNA489243;PRJNA489245;PRJNA533106			no_sra_center
GCA_964094495.4	Myotis mystacinus	2026-09-12	SAMEA114250307	WELLCOME SANGER INSTITUTE	EBI	PRJEB107229;PRJEB40665;PRJEB43510;PRJEB43745;PRJEB73910;PRJEB76004;PRJNA489243;PRJNA489245;PRJNA533106			no_sra_center
GCA_964195625.1	Myotis mystacinus	2024-06-30	SAMEA114250307	WELLCOME SANGER INSTITUTE	EBI	PRJEB107229;PRJEB40665;PRJEB43510;PRJEB43745;PRJEB73910;PRJEB76003;PRJNA489243;PRJNA489245;PRJNA533106			no_sra_center
GCA_964212035.2	Myotis nattereri	2025-03-28	SAMEA114614248	WELLCOME SANGER INSTITUTE	EBI	PRJEB107229;PRJEB40665;PRJEB43510;PRJEB43745;PRJEB77440;PRJEB78592;PRJNA489243;PRJNA489245;PRJNA533106			no_sra_center
GCA_963930655.1	Myrica gale	2024-01-31	SAMEA7535962	WELLCOME SANGER INSTITUTE	EBI	PRJEB40665;PRJEB43510;PRJEB43745;PRJEB70986;PRJEB72166;PRJNA533106			no_sra_center
GCA_964291835.1	Myriophyllum alterniflorum	2024-10-28	SAMEA11478586	WELLCOME SANGER INSTITUTE	EBI	PRJEB40665;PRJEB43510;PRJEB43745;PRJEB81202;PRJEB81570;PRJNA533106			no_sra_center
GCA_986694575.1	Myriophyllum aquaticum	2026-08-22	SAMEA117589101	WELLCOME SANGER INSTITUTE	EBI	PRJEB114929;PRJEB120811;PRJEB125134;PRJEB40665;PRJEB43510;PRJEB43745;PRJEB80366;PRJNA533106			no_sra_center
GCA_987200745.1	Myriophyllum spicatum	2026-09-08	SAMEA14449819	WELLCOME SANGER INSTITUTE	EBI	PRJEB114927;PRJEB122915;PRJEB40665;PRJEB43510;PRJEB43745;PRJNA533106			no_sra_center
GCA_988143595.1	Myriophyllum verticillatum	2026-09-09	SAMEA118967415	WELLCOME SANGER INSTITUTE	EBI	PRJEB120876;PRJEB124095;PRJEB40665;PRJEB43510;PRJEB43745;PRJNA533106			no_sra_center
GCA_958510865.1	Myrrha octodecimguttata	2023-07-18	SAMEA112221799	WELLCOME SANGER INSTITUTE	EBI	PRJEB40665;PRJEB43510;PRJEB43745;PRJEB61846;PRJEB64393;PRJNA533106			no_sra_center
GCA_977930265.1	Myrrhis odorata	2026-01-26	SAMEA114214468	WELLCOME SANGER INSTITUTE	EBI	PRJEB104562;PRJEB105250;PRJEB125134;PRJEB40665;PRJEB43510;PRJEB43745;PRJEB80366;PRJNA533106			no_sra_center
GCA_964106805.1	Mysia undata	2024-06-06	SAMEA8717442	WELLCOME SANGER INSTITUTE	EBI	PRJEB40665;PRJEB43510;PRJEB43745;PRJEB73439;PRJEB75996;PRJNA533106			no_sra_center
GCA_965644405.1	Mystacides azureus	2025-07-28	SAMEA14448314	WELLCOME SANGER INSTITUTE	EBI	PRJEB40665;PRJEB43510;PRJEB43745;PRJEB71288;PRJEB94217;PRJNA533106			no_sra_center
GCA_963576905.1	Mystacides longicornis	2023-11-04	SAMEA112964140	WELLCOME SANGER INSTITUTE	EBI	PRJEB40665;PRJEB43510;PRJEB43745;PRJEB66746;PRJEB68069;PRJNA533106			no_sra_center
GCA_929112965.1	Mythimna albipuncta	2022-02-09	SAMEA8603191	WELLCOME SANGER INSTITUTE	EBI	PRJEB40665;PRJEB43510;PRJEB43745;PRJEB48329;PRJEB50661;PRJEB71705;PRJNA533106			no_sra_center
GCA_964503365.1	Mythimna conigera	2025-03-05	SAMEA114644848	WELLCOME SANGER INSTITUTE	EBI	PRJEB40665;PRJEB43510;PRJEB43745;PRJEB71705;PRJEB82381;PRJEB83186;PRJNA533106			no_sra_center
GCA_910589285.2	Mythimna ferrago	2022-02-09	SAMEA7701536	WELLCOME SANGER INSTITUTE	EBI	PRJEB40665;PRJEB43510;PRJEB43745;PRJEB45178;PRJEB45327;PRJEB71705;PRJNA533106			no_sra_center
GCA_905147345.3	Mythimna impura	2022-11-05	SAMEA7519913	Wellcome Sanger Institute	EBI	PRJEB40665;PRJEB41924;PRJEB42135;PRJEB43510;PRJEB43745;PRJEB71705;PRJNA533106			no_sra_center
GCA_949319445.1	Mythimna lalbum	2023-03-10	SAMEA111458566	WELLCOME SANGER INSTITUTE	EBI	PRJEB40665;PRJEB43510;PRJEB43745;PRJEB58962;PRJEB60254;PRJEB71705;PRJNA533106			no_sra_center
GCA_961205895.1	Mythimna pallens	2023-07-28	SAMEA112222349	WELLCOME SANGER INSTITUTE	EBI	PRJEB40665;PRJEB43510;PRJEB43745;PRJEB62620;PRJEB64611;PRJEB71705;PRJNA533106			no_sra_center
GCA_979322105.1	Mythimna pudorina	2026-02-27	SAMEA116117122	WELLCOME SANGER INSTITUTE	EBI	PRJEB106013;PRJEB108049;PRJEB40665;PRJEB43510;PRJEB43745;PRJEB71705;PRJNA533106			no_sra_center
GCA_987274565.1	Mythimna straminea	2026-09-08	SAMEA118768308	WELLCOME SANGER INSTITUTE	EBI	PRJEB121366;PRJEB123352;PRJEB40665;PRJEB43510;PRJEB43745;PRJEB71705;PRJNA533106			no_sra_center
GCA_949316375.1	Mythimna vitellina	2023-03-10	SAMEA111458567	WELLCOME SANGER INSTITUTE	EBI	PRJEB40665;PRJEB43510;PRJEB43745;PRJEB58960;PRJEB60126;PRJEB71705;PRJNA533106			no_sra_center
GCA_963676685.2	Mytilus edulis	2024-03-10	SAMEA13854264	WELLCOME SANGER INSTITUTE	EBI	PRJEB40665;PRJEB43510;PRJEB43745;PRJEB47820;PRJEB65209;PRJEB70180;PRJNA533106			no_sra_center
GCA_965363235.1	Mytilus galloprovincialis	2025-07-02	SAMEA115791578	WELLCOME SANGER INSTITUTE	EBI	PRJEB40665;PRJEB43510;PRJEB43745;PRJEB88764;PRJEB90278;PRJNA533106			no_sra_center
GCA_965279825.1	Nacerdes melanura	2025-05-10	SAMEA116354053	WELLCOME SANGER INSTITUTE	EBI	PRJEB40665;PRJEB43510;PRJEB43745;PRJEB88744;PRJEB89413;PRJNA533106			no_sra_center
GCA_965649385.1	Nalassus laevioctostriatus	2025-07-30	SAMEA114806240	WELLCOME SANGER INSTITUTE	EBI	PRJEB40665;PRJEB43510;PRJEB43745;PRJEB81377;PRJEB94436;PRJNA533106			no_sra_center
GCA_965649375.1	Nalassus laevioctostriatus	2025-07-30	SAMEA114806240	WELLCOME SANGER INSTITUTE	EBI	PRJEB40665;PRJEB43510;PRJEB43745;PRJEB81377;PRJEB94437;PRJNA533106			no_sra_center
GCA_965153395.1	Nanogona polydesmoides	2025-02-28	SAMEA112222325	WELLCOME SANGER INSTITUTE	EBI	PRJEB40665;PRJEB43510;PRJEB43745;PRJEB80243;PRJEB85992;PRJNA533106			no_sra_center
GCA_986271415.1	Nardia scalaris	2026-07-06	SAMEA10983437	WELLCOME SANGER INSTITUTE	EBI	PRJEB113106;PRJEB115708;PRJEB40665;PRJEB43510;PRJEB43745;PRJNA533106			no_sra_center
GCA_963920575.1	Narthecium ossifragum	2023-12-23	SAMEA10983567	WELLCOME SANGER INSTITUTE	EBI	PRJEB40665;PRJEB43510;PRJEB43745;PRJEB65688;PRJEB71485;PRJNA533106			no_sra_center
GCA_963854855.1	Nasturtium officinale	2023-12-15	SAMEA110013348	WELLCOME SANGER INSTITUTE	EBI	PRJEB125134;PRJEB40665;PRJEB43510;PRJEB43745;PRJEB65678;PRJEB70821;PRJEB80366;PRJNA533106			no_sra_center
GCA_964273705.1	Natrix helvetica	2024-10-05	SAMEA114598156	WELLCOME SANGER INSTITUTE	EBI	PRJEB40665;PRJEB43510;PRJEB43745;PRJEB78963;PRJEB80796;PRJNA489243;PRJNA533106			no_sra_center
GCA_944738965.1	Nebria brevicollis	2022-07-13	SAMEA7520209	WELLCOME SANGER INSTITUTE	EBI	PRJEB40665;PRJEB43510;PRJEB43745;PRJEB49041;PRJEB53866;PRJNA533106			no_sra_center
GCA_944039245.1	Nebria salina	2022-06-24	SAMEA7524273	WELLCOME SANGER INSTITUTE	EBI	PRJEB40665;PRJEB43510;PRJEB43745;PRJEB45181;PRJEB53510;PRJNA533106			no_sra_center
GCA_963969595.1	Neckera pumila	2024-02-27	SAMEA111266030	WELLCOME SANGER INSTITUTE	EBI	PRJEB40665;PRJEB43510;PRJEB43745;PRJEB65217;PRJEB73294;PRJNA533106			no_sra_center
GCA_977969715.1	Nedyus quadrimaculatus	2026-02-01	SAMEA10166983	WELLCOME SANGER INSTITUTE	EBI	PRJEB105448;PRJEB40665;PRJEB43510;PRJEB43745;PRJEB75557;PRJNA533106			no_sra_center
GCA_977929065.1	Nemapogon clematella	2026-02-01	SAMEA117491970	WELLCOME SANGER INSTITUTE	EBI	PRJEB105158;PRJEB40665;PRJEB43510;PRJEB43745;PRJEB71705;PRJEB98352;PRJNA533106			no_sra_center
GCA_988228185.1	Nemapogon cloacella	2026-09-09	SAMEA120504657	WELLCOME SANGER INSTITUTE	EBI	PRJEB124291;PRJEB125190;PRJEB40665;PRJEB43510;PRJEB43745;PRJEB71705;PRJNA533106			no_sra_center
GCA_963924495.1	Nemapogon koenigi	2024-01-29	SAMEA112232492	WELLCOME SANGER INSTITUTE	EBI	PRJEB40665;PRJEB43510;PRJEB43745;PRJEB71572;PRJEB71705;PRJEB72076;PRJNA533106			no_sra_center
GCA_987217075.1	Nemapogon picarella	2026-09-03	SAMEA120504593	WELLCOME SANGER INSTITUTE	EBI	PRJEB118563;PRJEB123205;PRJEB40665;PRJEB43510;PRJEB43745;PRJEB71705;PRJNA533106			no_sra_center
GCA_965113035.1	Nemapogon ruricolella	2025-01-24	SAMEA112226474	WELLCOME SANGER INSTITUTE	EBI	PRJEB40665;PRJEB43510;PRJEB43745;PRJEB71705;PRJEB79425;PRJEB84464;PRJNA533106			no_sra_center
GCA_965113025.1	Nemapogon ruricolella	2025-01-24	SAMEA112226474	WELLCOME SANGER INSTITUTE	EBI	PRJEB40665;PRJEB43510;PRJEB43745;PRJEB71705;PRJEB79425;PRJEB84465;PRJNA533106			no_sra_center
GCA_977066535.1	Nematopogon schwarziellus	2025-11-27	SAMEA117574080	WELLCOME SANGER INSTITUTE	EBI	PRJEB104059;PRJEB40665;PRJEB43510;PRJEB43745;PRJEB71705;PRJEB97018;PRJNA533106			no_sra_center
GCA_946902875.1	Nematopogon swammerdamellus	2022-09-22	SAMEA10166818	WELLCOME SANGER INSTITUTE	EBI	PRJEB40665;PRJEB43510;PRJEB43745;PRJEB54807;PRJEB56097;PRJEB71705;PRJNA533106			no_sra_center
GCA_932526225.2	Nematostella vectensis	2026-02-07	SAMEA8534429	WELLCOME SANGER INSTITUTE	EBI	PRJEB40665;PRJEB43510;PRJEB43745;PRJEB50792;PRJEB51373;PRJNA533106			no_sra_center
GCA_986708595.1	Nemophora degeerella	2026-08-22	SAMEA114805656	WELLCOME SANGER INSTITUTE	EBI	PRJEB114911;PRJEB120927;PRJEB40665;PRJEB43510;PRJEB43745;PRJEB71705;PRJNA533106			no_sra_center
GCA_964261965.1	Nemophora metallica	2024-09-12	SAMEA114539588	WELLCOME SANGER INSTITUTE	EBI	PRJEB40665;PRJEB43510;PRJEB43745;PRJEB71705;PRJEB78967;PRJEB79843;PRJNA533106			no_sra_center
GCA_964194425.1	Nemopoda nitidula	2024-06-28	SAMEA113425719	WELLCOME SANGER INSTITUTE	EBI	PRJEB40665;PRJEB43510;PRJEB43745;PRJEB74593;PRJEB76970;PRJNA533106			no_sra_center
GCA_947369275.1	Nemotelus nigrinus	2022-12-04	SAMEA11025071	WELLCOME SANGER INSTITUTE	EBI	PRJEB40665;PRJEB43510;PRJEB43745;PRJEB55137;PRJEB57710;PRJNA533106			no_sra_center
GCA_987947345.1	Nemotelus notatus	2026-09-09	SAMEA112963057	WELLCOME SANGER INSTITUTE	EBI	PRJEB122661;PRJEB123839;PRJEB40665;PRJEB43510;PRJEB43745;PRJNA533106			no_sra_center
GCA_963978885.1	Nemotelus pantherinus	2024-03-10	SAMEA112964080	WELLCOME SANGER INSTITUTE	EBI	PRJEB40665;PRJEB43510;PRJEB43745;PRJEB73393;PRJEB73703;PRJNA533106			no_sra_center
GCA_982191795.1	Nemotelus uliginosus	2026-03-08	SAMEA112963076	WELLCOME SANGER INSTITUTE	EBI	PRJEB109077;PRJEB40665;PRJEB43510;PRJEB43745;PRJEB79810;PRJNA533106			no_sra_center
GCA_921293005.1	Nemoura dubitans	2021-12-05	SAMEA9065873	WELLCOME SANGER INSTITUTE	EBI	PRJEB40665;PRJEB43510;PRJEB43745;PRJEB46848;PRJEB49082;PRJNA533106			no_sra_center
GCA_921293315.2	Nemurella pictetii	2022-10-25	SAMEA7520996	WELLCOME SANGER INSTITUTE	EBI	PRJEB40665;PRJEB43510;PRJEB43745;PRJEB47468;PRJEB49087;PRJNA533106			no_sra_center
GCA_947623515.1	Neoascia interrupta	2022-12-19	SAMEA10166789	WELLCOME SANGER INSTITUTE	EBI	PRJEB40665;PRJEB43510;PRJEB43745;PRJEB55984;PRJEB58320;PRJNA533106			no_sra_center
GCA_982340755.1	Neoascia tenur	2026-03-23	SAMEA114644716	WELLCOME SANGER INSTITUTE	EBI	PRJEB110378;PRJEB40665;PRJEB43510;PRJEB43745;PRJEB79710;PRJNA533106			no_sra_center
GCA_964656585.1	Neocochylis molliculana	2025-01-02	SAMEA7746615	WELLCOME SANGER INSTITUTE	EBI	PRJEB40665;PRJEB43510;PRJEB43745;PRJEB71298;PRJEB71705;PRJEB83559;PRJNA533106			no_sra_center
GCA_963243735.1	Neocrepidodera transversa	2023-08-20	SAMEA111458439	WELLCOME SANGER INSTITUTE	EBI	PRJEB40665;PRJEB43510;PRJEB43745;PRJEB59946;PRJEB65059;PRJNA533106			no_sra_center
GCA_982374225.1	Neofaculta ericetella	2026-04-04	SAMEA118256617	WELLCOME SANGER INSTITUTE	EBI	PRJEB109882;PRJEB110879;PRJEB40665;PRJEB43510;PRJEB43745;PRJEB71705;PRJNA533106			no_sra_center
GCA_964106205.1	Neogale vison	2024-06-06	SAMEA112468126	WELLCOME SANGER INSTITUTE	EBI	PRJEB40665;PRJEB43510;PRJEB43745;PRJEB74153;PRJEB76008;PRJNA489243;PRJNA533106			no_sra_center
GCA_964106545.1	Neogale vison	2024-06-06	SAMEA112468126	WELLCOME SANGER INSTITUTE	EBI	PRJEB40665;PRJEB43510;PRJEB43745;PRJEB74153;PRJEB76007;PRJNA489243;PRJNA533106			no_sra_center
GCA_984589315.1	Neoitamus cothurnatus	2026-06-22	SAMEA114663804	WELLCOME SANGER INSTITUTE	EBI	PRJEB104964;PRJEB114185;PRJEB40665;PRJEB43510;PRJEB43745;PRJNA533106			no_sra_center
GCA_947538895.1	Neoitamus cyanurus	2022-12-09	SAMEA10167008	WELLCOME SANGER INSTITUTE	EBI	PRJEB40665;PRJEB43510;PRJEB43745;PRJEB55594;PRJEB58065;PRJNA533106			no_sra_center
GCA_965642955.2	Neoorthocaulis attenuatus	2026-04-04	SAMEA110022789	WELLCOME SANGER INSTITUTE	EBI	PRJEB40665;PRJEB43510;PRJEB43745;PRJEB89639;PRJEB93896;PRJNA533106			no_sra_center
GCA_977066405.1	Neophilaenus exclamationis	2026-02-01	SAMEA117578688	WELLCOME SANGER INSTITUTE	EBI	PRJEB103980;PRJEB125134;PRJEB40665;PRJEB43510;PRJEB43745;PRJEB80366;PRJEB97318;PRJNA533106			no_sra_center
GCA_977112235.1	Neosphaleroptera nubilana	2026-02-01	SAMEA117575397	WELLCOME SANGER INSTITUTE	EBI	PRJEB104619;PRJEB40665;PRJEB43510;PRJEB43745;PRJEB71705;PRJEB97294;PRJNA533106			no_sra_center
GCA_986264635.1	Neottiglossa pusilla	2026-07-04	SAMEA118256511	WELLCOME SANGER INSTITUTE	EBI	PRJEB113360;PRJEB115339;PRJEB40665;PRJEB43510;PRJEB43745;PRJNA533106			no_sra_center
GCA_984589775.1	Nephopterix angustella	2026-06-22	SAMEA111458716	WELLCOME SANGER INSTITUTE	EBI	PRJEB112996;PRJEB114211;PRJEB40665;PRJEB43510;PRJEB43745;PRJEB71705;PRJNA533106			no_sra_center
GCA_947095585.1	Nephrocerus scutellatus	2022-10-21	SAMEA10167086	WELLCOME SANGER INSTITUTE	EBI	PRJEB40665;PRJEB43510;PRJEB43745;PRJEB55889;PRJEB56849;PRJEB56852;PRJNA533106			no_sra_center
GCA_947310385.1	Nephrotoma appendiculata	2022-11-29	SAMEA10166758	WELLCOME SANGER INSTITUTE	EBI	PRJEB40665;PRJEB43510;PRJEB43745;PRJEB55031;PRJEB57378;PRJNA533106			no_sra_center
GCA_932526605.1	Nephrotoma flavescens	2022-03-23	SAMEA7520954	WELLCOME SANGER INSTITUTE	EBI	PRJEB40665;PRJEB43510;PRJEB43745;PRJEB50880;PRJEB51389;PRJNA533106			no_sra_center
GCA_963691935.1	Nephrotoma guestfalica	2023-12-10	SAMEA112964209	WELLCOME SANGER INSTITUTE	EBI	PRJEB40665;PRJEB43510;PRJEB43745;PRJEB66414;PRJEB70591;PRJNA533106			no_sra_center
GCA_982660795.1	Nereis zonata	2026-05-04	SAMEA12219400	WELLCOME SANGER INSTITUTE	EBI	PRJEB108353;PRJEB111841;PRJEB40665;PRJEB43510;PRJEB43745;PRJNA533106			no_sra_center
GCA_963457695.1	Neria commutata	2023-09-20	SAMEA112226471	WELLCOME SANGER INSTITUTE	EBI	PRJEB40665;PRJEB43510;PRJEB43745;PRJEB61850;PRJEB66154;PRJNA533106			no_sra_center
GCA_988324515.1	Netelia cristata	2026-10-03	SAMEA114805674	WELLCOME SANGER INSTITUTE	EBI	PRJEB124676;PRJEB127109;PRJEB40665;PRJEB43510;PRJEB43745;PRJNA533106			no_sra_center
GCA_946811545.1	Netelia fuscicornis	2022-09-15	SAMEA10241712	WELLCOME SANGER INSTITUTE	EBI	PRJEB40665;PRJEB43510;PRJEB43745;PRJEB54053;PRJEB55770;PRJNA533106			no_sra_center
GCA_964017225.1	Netelia inedita	2024-03-23	SAMEA110044018	WELLCOME SANGER INSTITUTE	EBI	PRJEB40665;PRJEB43510;PRJEB43745;PRJEB65668;PRJEB74185;PRJNA533106			no_sra_center
GCA_984766975.1	Netelia infractor	2026-06-22	SAMEA112221951	WELLCOME SANGER INSTITUTE	EBI	PRJEB114370;PRJEB40665;PRJEB43510;PRJEB43745;PRJEB83736;PRJNA533106			no_sra_center
GCA_964007305.1	Netelia melanura	2024-03-19	SAMEA14448407	WELLCOME SANGER INSTITUTE	EBI	PRJEB40665;PRJEB43510;PRJEB43745;PRJEB66406;PRJEB74014;PRJNA533106			no_sra_center
GCA_951802705.1	Netelia virgata	2023-05-29	SAMEA111458568	WELLCOME SANGER INSTITUTE	EBI	PRJEB40665;PRJEB43510;PRJEB43745;PRJEB61487;PRJEB62669;PRJNA533106			no_sra_center
GCA_964035555.1	Netta rufina	2024-04-29	SAMEA112468124	WELLCOME SANGER INSTITUTE	EBI	PRJEB40665;PRJEB43510;PRJEB43745;PRJEB71875;PRJEB75341;PRJNA489243;PRJNA533106			no_sra_center
GCA_964251855.1	Neurigona quadrifasciata	2024-08-31	SAMEA112232538	WELLCOME SANGER INSTITUTE	EBI	PRJEB40665;PRJEB43510;PRJEB43745;PRJEB78304;PRJEB79323;PRJNA533106			no_sra_center
GCA_988223265.1	Nicotiana alata	2026-09-09	SAMEA115503031	WELLCOME SANGER INSTITUTE	European Bioinformatics Institute	PRJEB123964;PRJEB124610;PRJEB40665;PRJEB43510;PRJEB43745;PRJNA533106			no_sra_center
GCA_963457615.1	Nicrophorus investigator	2023-09-20	SAMEA111457908	WELLCOME SANGER INSTITUTE	EBI	PRJEB40665;PRJEB43510;PRJEB43745;PRJEB61331;PRJEB66142;PRJNA533106			no_sra_center
GCA_988140925.1	Nigrotipula nigra	2026-09-09	SAMEA112232740	WELLCOME SANGER INSTITUTE	EBI	PRJEB121378;PRJEB124036;PRJEB40665;PRJEB43510;PRJEB43745;PRJNA533106			no_sra_center
GCA_963920215.1	Nineta flava	2023-12-21	SAMEA112964377	WELLCOME SANGER INSTITUTE	EBI	PRJEB40665;PRJEB43510;PRJEB43745;PRJEB66750;PRJEB71418;PRJNA533106			no_sra_center
GCA_963082995.1	Noctua comes	2023-08-09	SAMEA7701458	WELLCOME SANGER INSTITUTE	EBI	PRJEB40665;PRJEB43510;PRJEB43745;PRJEB64088;PRJEB64830;PRJEB71705;PRJNA533106			no_sra_center
GCA_905163415.1	Noctua fimbriata	2021-01-28	SAMEA7519914	Wellcome Sanger Institute	EBI	PRJEB40665;PRJEB42035;PRJEB42136;PRJEB43510;PRJEB43745;PRJEB71705;PRJNA533106			no_sra_center
GCA_910589295.1	Noctua janthe	2021-07-07	SAMEA7701537	WELLCOME SANGER INSTITUTE	EBI	PRJEB40665;PRJEB43510;PRJEB43745;PRJEB45125;PRJEB45329;PRJEB71705;PRJNA533106			no_sra_center
GCA_963576755.1	Noctua janthina	2023-11-03	SAMEA112964405	WELLCOME SANGER INSTITUTE	EBI	PRJEB40665;PRJEB43510;PRJEB43745;PRJEB67419;PRJEB68122;PRJEB71705;PRJNA533106			no_sra_center
GCA_905220335.1	Noctua pronuba	2021-02-16	SAMEA7519837	Wellcome Sanger Institute	EBI	PRJEB40665;PRJEB42860;PRJEB43510;PRJEB43745;PRJEB43815;PRJEB71705;PRJNA533106			no_sra_center
GCA_976919185.1	Noctuidae sp. SAN22000473	2025-10-11	SAMEA115128740	WELLCOME SANGER INSTITUTE	EBI	PRJEB40665;PRJEB43510;PRJEB43745;PRJEB71705;PRJEB94686;PRJEB97452;PRJNA533106			no_sra_center
GCA_984886095.1	Nogopterium gracile	2026-07-04	SAMEA112689495	WELLCOME SANGER INSTITUTE	EBI	PRJEB110256;PRJEB114681;PRJEB40665;PRJEB43510;PRJEB43745;PRJNA533106			no_sra_center
GCA_987489045.1	Nola confusalis	2026-09-08	SAMEA116129985	WELLCOME SANGER INSTITUTE	EBI	PRJEB114917;PRJEB123685;PRJEB40665;PRJEB43510;PRJEB43745;PRJEB71705;PRJNA533106			no_sra_center
GCA_907165295.1	Nomada fabriciana	2021-05-17	SAMEA7520701	WELLCOME SANGER INSTITUTE	EBI	PRJEB40665;PRJEB43510;PRJEB43745;PRJEB44636;PRJEB44833;PRJNA533106			no_sra_center
GCA_963583965.1	Nomada ferruginata	2023-11-05	SAMEA10107008	WELLCOME SANGER INSTITUTE	EBI	PRJEB40665;PRJEB43510;PRJEB43745;PRJEB64977;PRJEB68185;PRJNA533106			no_sra_center
GCA_951802745.1	Nomada flava	2023-05-30	SAMEA10157824	WELLCOME SANGER INSTITUTE	EBI	PRJEB40665;PRJEB43510;PRJEB43745;PRJEB55749;PRJEB62675;PRJNA533106			no_sra_center
GCA_948146005.1	Nomada fucata	2023-01-18	SAMEA10166748	WELLCOME SANGER INSTITUTE	EBI	PRJEB40665;PRJEB43510;PRJEB43745;PRJEB58232;PRJEB58841;PRJNA533106			no_sra_center
GCA_963969485.1	Nomada goodeniana	2024-02-27	SAMEA10166733	WELLCOME SANGER INSTITUTE	EBI	PRJEB40665;PRJEB43510;PRJEB43745;PRJEB64941;PRJEB73289;PRJNA533106			no_sra_center
GCA_951802735.1	Nomada hirtipes	2023-05-30	SAMEA10167081	WELLCOME SANGER INSTITUTE	EBI	PRJEB40665;PRJEB43510;PRJEB43745;PRJEB59954;PRJEB62674;PRJNA533106			no_sra_center
GCA_963667235.1	Nomada lathburiana	2023-12-11	SAMEA10166759	WELLCOME SANGER INSTITUTE	EBI	PRJEB40665;PRJEB43510;PRJEB43745;PRJEB66043;PRJEB69027;PRJNA533106			no_sra_center
GCA_951802685.1	Nomada panzeri	2023-05-29	SAMEA10166737	WELLCOME SANGER INSTITUTE	EBI	PRJEB40665;PRJEB43510;PRJEB43745;PRJEB61369;PRJEB62668;PRJNA533106			no_sra_center
GCA_951802695.1	Nomada ruficornis	2023-05-29	SAMEA10166769	WELLCOME SANGER INSTITUTE	EBI	PRJEB40665;PRJEB43510;PRJEB43745;PRJEB55751;PRJEB62670;PRJNA533106			no_sra_center
GCA_986606645.1	Nomada rufipes	2026-08-25	SAMEA112964289	WELLCOME SANGER INSTITUTE	EBI	PRJEB120769;PRJEB40665;PRJEB43510;PRJEB43745;PRJEB80679;PRJNA533106			no_sra_center
GCA_982494095.1	Nomada zonata	2026-04-17	SAMEA10157819	WELLCOME SANGER INSTITUTE	EBI	PRJEB111504;PRJEB40665;PRJEB43510;PRJEB43745;PRJEB82539;PRJNA533106			no_sra_center
GCA_958496325.1	Nomophila noctuella	2023-07-18	SAMEA112232694	WELLCOME SANGER INSTITUTE	EBI	PRJEB40665;PRJEB43510;PRJEB43745;PRJEB63412;PRJEB64377;PRJEB71705;PRJNA533106			no_sra_center
GCA_982551345.1	Norellia spinipes	2026-04-25	SAMEA10106987	WELLCOME SANGER INSTITUTE	EBI	PRJEB110579;PRJEB40665;PRJEB43510;PRJEB43745;PRJEB80044;PRJNA533106			no_sra_center
GCA_965240235.1	Nothochrysa capitata	2025-04-14	SAMEA115574593	WELLCOME SANGER INSTITUTE	EBI	PRJEB40665;PRJEB43510;PRJEB43745;PRJEB87451;PRJEB88338;PRJNA533106			no_sra_center
GCA_965642445.1	Notiophilus biguttatus	2025-07-19	SAMEA8563705	WELLCOME SANGER INSTITUTE	EBI	PRJEB40665;PRJEB43510;PRJEB43745;PRJEB70845;PRJEB93845;PRJNA533106			no_sra_center
GCA_965637175.1	Notocelia cynosbatella	2025-07-09	SAMEA117575329	WELLCOME SANGER INSTITUTE	EBI	PRJEB40665;PRJEB43510;PRJEB43745;PRJEB71705;PRJEB89615;PRJEB91521;PRJNA533106			no_sra_center
GCA_965636945.1	Notocelia cynosbatella	2025-07-09	SAMEA117575329	WELLCOME SANGER INSTITUTE	EBI	PRJEB40665;PRJEB43510;PRJEB43745;PRJEB71705;PRJEB89615;PRJEB91522;PRJNA533106			no_sra_center
GCA_982319605.1	Notocelia roborana	2026-03-22	SAMEA118540660	WELLCOME SANGER INSTITUTE	EBI	PRJEB109864;PRJEB110308;PRJEB40665;PRJEB43510;PRJEB43745;PRJEB71705;PRJNA533106			no_sra_center
GCA_905163555.1	Notocelia uddmanniana	2021-01-28	SAMEA7519916	Wellcome Sanger Institute	EBI	PRJEB40665;PRJEB42037;PRJEB42137;PRJEB43510;PRJEB43745;PRJEB71705;PRJNA533106			no_sra_center
GCA_905147325.1	Notodonta dromedarius	2021-01-28	SAMEA7520190	Wellcome Sanger Institute	EBI	PRJEB40665;PRJEB41926;PRJEB42138;PRJEB43510;PRJEB43745;PRJEB71705;PRJNA533106			no_sra_center
GCA_988323535.1	Notodonta tritophus	2026-10-03	SAMEA120504971	WELLCOME SANGER INSTITUTE	EBI	PRJEB114897;PRJEB127758;PRJEB40665;PRJEB43510;PRJEB43745;PRJEB71705;PRJNA533106			no_sra_center
GCA_918843915.1	Notodonta ziczac	2021-11-18	SAMEA7746619	WELLCOME SANGER INSTITUTE	EBI	PRJEB40665;PRJEB43510;PRJEB43745;PRJEB46845;PRJEB48684;PRJEB71705;PRJNA533106			no_sra_center
GCA_965276455.1	Notoxus monoceros	2025-05-03	SAMEA114644898	WELLCOME SANGER INSTITUTE	EBI	PRJEB40665;PRJEB43510;PRJEB43745;PRJEB85194;PRJEB89052;PRJNA533106			no_sra_center
GCA_936439885.1	Nowickia ferox	2022-05-03	SAMEA7746479	WELLCOME SANGER INSTITUTE	EBI	PRJEB40665;PRJEB43510;PRJEB43745;PRJEB50974;PRJEB52074;PRJNA533106			no_sra_center
GCA_963556515.1	Nudaria mundana	2023-10-17	SAMEA112775014	WELLCOME SANGER INSTITUTE	EBI	PRJEB40665;PRJEB43510;PRJEB43745;PRJEB64090;PRJEB67491;PRJEB71705;PRJNA533106			no_sra_center
GCA_988323825.1	Numenius arquata	2026-10-03	SAMEA112693994	WELLCOME SANGER INSTITUTE	EBI	PRJEB107229;PRJEB40665;PRJEB43510;PRJEB43745;PRJEB71566;PRJEB75987;PRJNA489243;PRJNA533106			no_sra_center
GCA_988323905.1	Nuphar lutea	2026-10-04	SAMEA10369526	WELLCOME SANGER INSTITUTE	EBI	PRJEB125092;PRJEB127701;PRJEB40665;PRJEB43510;PRJEB43745;PRJNA533106			no_sra_center
GCA_984573655.1	Nuphar pumila	2026-06-15	SAMEA9335288	WELLCOME SANGER INSTITUTE	EBI	PRJEB111328;PRJEB113489;PRJEB125134;PRJEB40665;PRJEB43510;PRJEB43745;PRJEB80366;PRJNA533106			no_sra_center
GCA_964264875.2	Nyctalus leisleri	2025-04-03	SAMEA114250308	WELLCOME SANGER INSTITUTE	EBI	PRJEB107229;PRJEB40665;PRJEB43510;PRJEB43745;PRJEB78823;PRJEB80299;PRJNA489243;PRJNA489245;PRJNA533106			no_sra_center
GCA_947037095.2	Nycteola revayana	2023-12-09	SAMEA10107012	WELLCOME SANGER INSTITUTE	EBI	PRJEB40665;PRJEB43510;PRJEB43745;PRJEB55450;PRJEB56389;PRJEB71705;PRJNA533106			no_sra_center
GCA_982382495.1	Nyctia halterata	2026-04-06	SAMEA8534313	WELLCOME SANGER INSTITUTE	EBI	PRJEB111107;PRJEB40665;PRJEB43510;PRJEB43745;PRJEB71212;PRJNA533106			no_sra_center
GCA_963151315.1	Nymphalis c-album	2023-08-19	SAMEA7523165	WELLCOME SANGER INSTITUTE	EBI	PRJEB40665;PRJEB43510;PRJEB43745;PRJEB55962;PRJEB64888;PRJEB71705;PRJNA533106			no_sra_center
GCA_905147045.1	Nymphalis io	2021-01-28	SAMEA7523149	Wellcome Sanger Institute	EBI	PRJEB40665;PRJEB41894;PRJEB42130;PRJEB43510;PRJEB43745;PRJEB71705;PRJNA533106			no_sra_center
GCA_905220585.2	Nymphalis polychloros	2022-02-02	SAMEA7523477	WELLCOME SANGER INSTITUTE	EBI	PRJEB40665;PRJEB42893;PRJEB42956;PRJEB43510;PRJEB43745;PRJEB71705;PRJNA533106			no_sra_center
GCA_905147175.2	Nymphalis urticae	2022-02-02	SAMEA7523286	Wellcome Sanger Institute	EBI	PRJEB40665;PRJEB41896;PRJEB42112;PRJEB43510;PRJEB43745;PRJEB71705;PRJNA533106			no_sra_center
GCA_965615785.1	Nymphoides peltata	2025-07-08	SAMEA7522291	WELLCOME SANGER INSTITUTE	EBI	PRJEB40665;PRJEB43510;PRJEB43745;PRJEB81385;PRJEB90959;PRJNA533106			no_sra_center
GCA_947347705.1	Nymphula nitidulata	2022-11-29	SAMEA7701288	WELLCOME SANGER INSTITUTE	EBI	PRJEB40665;PRJEB43510;PRJEB43745;PRJEB55337;PRJEB57578;PRJEB71705;PRJNA533106			no_sra_center
GCA_910591585.2	Nysson spinosus	2022-10-15	SAMEA7520702	WELLCOME SANGER INSTITUTE	EBI	PRJEB40665;PRJEB43510;PRJEB43745;PRJEB45176;PRJEB45459;PRJNA533106			no_sra_center
GCA_975301485.1	Nysson trimaculatus	2025-10-26	SAMEA112964094	WELLCOME SANGER INSTITUTE	EBI	PRJEB40665;PRJEB43510;PRJEB43745;PRJEB83146;PRJEB96874;PRJNA533106			no_sra_center
GCA_987947295.1	Ochlerotatus rusticus	2026-09-09	SAMEA112232579	WELLCOME SANGER INSTITUTE	EBI	PRJEB121394;PRJEB123840;PRJEB40665;PRJEB43510;PRJEB43745;PRJNA533106			no_sra_center
GCA_905404295.2	Ochlodes sylvanus	2022-10-14	SAMEA7523138	WELLCOME SANGER INSTITUTE	EBI	PRJEB40665;PRJEB43510;PRJEB43745;PRJEB43803;PRJEB44002;PRJEB71705;PRJNA533106			no_sra_center
GCA_951361185.1	Ochropacha duplaris	2023-05-13	SAMEA112198468	WELLCOME SANGER INSTITUTE	EBI	PRJEB40665;PRJEB43510;PRJEB43745;PRJEB61607;PRJEB61975;PRJEB71705;PRJNA533106			no_sra_center
GCA_958449745.1	Ochropleura leucogaster	2023-07-18	SAMEA112221947	WELLCOME SANGER INSTITUTE	EBI	PRJEB40665;PRJEB43510;PRJEB43745;PRJEB63420;PRJEB64181;PRJEB71705;PRJNA533106			no_sra_center
GCA_905475445.1	Ochropleura plecta	2021-04-15	SAMEA7520524	WELLCOME SANGER INSTITUTE	EBI	PRJEB40665;PRJEB43510;PRJEB43745;PRJEB43802;PRJEB44051;PRJEB71705;PRJNA533106			no_sra_center
GCA_910593695.2	Ocypus olens	2022-10-14	SAMEA7520211	WELLCOME SANGER INSTITUTE	EBI	PRJEB40665;PRJEB43510;PRJEB43745;PRJEB45196;PRJEB45833;PRJNA533106			no_sra_center
GCA_965282375.1	Ocys tachysoides	2025-05-18	SAMEA111458174	WELLCOME SANGER INSTITUTE	EBI	PRJEB40665;PRJEB43510;PRJEB43745;PRJEB68014;PRJEB89445;PRJNA533106			no_sra_center
GCA_963920705.1	Odiellus spinosus	2023-12-25	SAMEA9066027	WELLCOME SANGER INSTITUTE	EBI	PRJEB40665;PRJEB43510;PRJEB43745;PRJEB59133;PRJEB71546;PRJNA533106			no_sra_center
GCA_949825065.1	Odontocerum albicorne	2023-04-19	SAMEA7520808	WELLCOME SANGER INSTITUTE	EBI	PRJEB40665;PRJEB43510;PRJEB43745;PRJEB59794;PRJEB61394;PRJNA533106			no_sra_center
GCA_965615855.1	Odontomyia argentata	2025-07-08	SAMEA114644745	WELLCOME SANGER INSTITUTE	EBI	PRJEB40665;PRJEB43510;PRJEB43745;PRJEB84351;PRJEB91159;PRJNA533106			no_sra_center
GCA_963969285.1	Odontomyia ornata	2024-02-27	SAMEA112964298	WELLCOME SANGER INSTITUTE	EBI	PRJEB40665;PRJEB43510;PRJEB43745;PRJEB66027;PRJEB72866;PRJNA533106			no_sra_center
GCA_982319515.1	Odontomyia tigrina	2026-03-22	SAMEA112964299	WELLCOME SANGER INSTITUTE	EBI	PRJEB110299;PRJEB40665;PRJEB43510;PRJEB43745;PRJEB80206;PRJNA533106			no_sra_center
GCA_965234205.1	Odontopera bidentata	2025-04-06	SAMEA10979154	WELLCOME SANGER INSTITUTE	EBI	PRJEB40665;PRJEB43510;PRJEB43745;PRJEB71705;PRJEB86628;PRJEB87986;PRJNA533106			no_sra_center
GCA_983139205.1	Odontoschisma sphagni	2026-05-16	SAMEA111383217	WELLCOME SANGER INSTITUTE	EBI	PRJEB110557;PRJEB112379;PRJEB40665;PRJEB43510;PRJEB43745;PRJNA533106			no_sra_center
GCA_988221815.1	Oecetis lacustris	2026-09-03	SAMEA118540803	WELLCOME SANGER INSTITUTE	EBI	PRJEB123492;PRJEB124458;PRJEB40665;PRJEB43510;PRJEB43745;PRJNA533106			no_sra_center
GCA_979846555.1	Oedemera lurida	2026-02-27	SAMEA7520207	WELLCOME SANGER INSTITUTE	EBI	PRJEB108216;PRJEB40665;PRJEB43510;PRJEB43745;PRJEB52205;PRJNA533106			no_sra_center
GCA_977872475.1	Oedipodium griffithianum	2026-01-26	SAMEA114215132	WELLCOME SANGER INSTITUTE	EBI	PRJEB104979;PRJEB40665;PRJEB43510;PRJEB43745;PRJEB97850;PRJNA533106			no_sra_center
GCA_949316235.1	Oegoconia quadripuncta	2023-03-12	SAMEA111458706	WELLCOME SANGER INSTITUTE	EBI	PRJEB40665;PRJEB43510;PRJEB43745;PRJEB59195;PRJEB60143;PRJEB71705;PRJNA533106			no_sra_center
GCA_988223245.1	Oenanthe lachenalii	2026-09-09	SAMEA112689514	WELLCOME SANGER INSTITUTE	EBI	PRJEB123384;PRJEB124621;PRJEB40665;PRJEB43510;PRJEB43745;PRJNA533106			no_sra_center
GCA_987359165.1	Oenanthe oenanthe	2026-09-08	SAMEA118680313	WELLCOME SANGER INSTITUTE	EBI	PRJEB115877;PRJEB123535;PRJEB125134;PRJEB40665;PRJEB43510;PRJEB43745;PRJEB80366;PRJNA489243;PRJNA533106			no_sra_center
GCA_984589415.1	Oenothera biennis	2026-06-22	SAMEA114565231	WELLCOME SANGER INSTITUTE	EBI	PRJEB113154;PRJEB114171;PRJEB40665;PRJEB43510;PRJEB43745;PRJNA533106			no_sra_center
GCA_984589425.1	Oenothera biennis	2026-06-22	SAMEA114565231	WELLCOME SANGER INSTITUTE	EBI	PRJEB113154;PRJEB114172;PRJEB40665;PRJEB43510;PRJEB43745;PRJNA533106			no_sra_center
GCA_986497565.1	Oidaematophorus lithodactyla	2026-08-25	SAMEA118768454	WELLCOME SANGER INSTITUTE	EBI	PRJEB114619;PRJEB116812;PRJEB40665;PRJEB43510;PRJEB43745;PRJEB71705;PRJNA533106			no_sra_center
GCA_963082905.1	Oligia fasciuncula	2023-08-09	SAMEA112221824	WELLCOME SANGER INSTITUTE	EBI	PRJEB40665;PRJEB43510;PRJEB43745;PRJEB63424;PRJEB64834;PRJEB71705;PRJNA533106			no_sra_center
GCA_948474745.1	Oligia latruncula	2023-02-03	SAMEA111458707	WELLCOME SANGER INSTITUTE	EBI	PRJEB40665;PRJEB43510;PRJEB43745;PRJEB58958;PRJEB59256;PRJEB71705;PRJNA533106			no_sra_center
GCA_951800025.1	Oligia strigilis	2023-05-27	SAMEA11025011	WELLCOME SANGER INSTITUTE	EBI	PRJEB40665;PRJEB43510;PRJEB43745;PRJEB60724;PRJEB62582;PRJEB71705;PRJNA533106			no_sra_center
GCA_977013005.1	Oligotrichum hercynicum	2025-11-07	SAMEA112689703	WELLCOME SANGER INSTITUTE	EBI	PRJEB101218;PRJEB40665;PRJEB43510;PRJEB43745;PRJEB97852;PRJNA533106			no_sra_center
GCA_964263845.1	Omalotheca supina	2024-09-15	SAMEA114782735	WELLCOME SANGER INSTITUTE	EBI	PRJEB40665;PRJEB43510;PRJEB43745;PRJEB78931;PRJEB80007;PRJNA533106			no_sra_center
GCA_984573895.1	Omonadus floralis	2026-06-06	SAMEA112232686	WELLCOME SANGER INSTITUTE	EBI	PRJEB112439;PRJEB113503;PRJEB40665;PRJEB43510;PRJEB43745;PRJNA533106			no_sra_center
GCA_984573945.1	Omonadus floralis	2026-06-15	SAMEA112232686	WELLCOME SANGER INSTITUTE	EBI	PRJEB112439;PRJEB113502;PRJEB40665;PRJEB43510;PRJEB43745;PRJNA533106			no_sra_center
GCA_988265085.1	Omosita discoidea	2026-09-14	SAMEA118540693	WELLCOME SANGER INSTITUTE	EBI	PRJEB124325;PRJEB126005;PRJEB40665;PRJEB43510;PRJEB43745;PRJNA533106			no_sra_center
GCA_916610215.1	Omphaloscelis lunosa	2021-10-01	SAMEA8603195	WELLCOME SANGER INSTITUTE	EBI	PRJEB40665;PRJEB43510;PRJEB43745;PRJEB46322;PRJEB47743;PRJEB71705;PRJNA533106			no_sra_center
GCA_964017045.1	Omphiscola glabra	2024-03-22	SAMEA9654424	WELLCOME SANGER INSTITUTE	EBI	PRJEB40665;PRJEB43510;PRJEB43745;PRJEB73399;PRJEB74131;PRJNA533106			no_sra_center
GCA_963931925.1	Onchidella celtica	2024-02-06	SAMEA110449713	WELLCOME SANGER INSTITUTE	EBI	PRJEB40665;PRJEB43510;PRJEB43745;PRJEB71538;PRJEB72237;PRJNA533106			no_sra_center
GCA_965197055.1	Ononis reclinata	2025-03-10	SAMEA112290333	WELLCOME SANGER INSTITUTE	EBI	PRJEB40665;PRJEB43510;PRJEB43745;PRJEB78300;PRJEB86654;PRJNA533106			no_sra_center
GCA_963969525.1	Ontholestes murinus	2024-02-27	SAMEA112232716	WELLCOME SANGER INSTITUTE	EBI	PRJEB40665;PRJEB43510;PRJEB43745;PRJEB70751;PRJEB73304;PRJNA533106			no_sra_center
GCA_988323865.1	Operophtera brumata	2026-10-03	SAMEA118767840	WELLCOME SANGER INSTITUTE	EBI	PRJEB127106;PRJEB40665;PRJEB43510;PRJEB43745;PRJEB50745;PRJEB71705;PRJNA533106			no_sra_center
GCA_932527175.1	Operophtera brumata	2022-03-23	SAMEA8563695	WELLCOME SANGER INSTITUTE	EBI	PRJEB40665;PRJEB43510;PRJEB43745;PRJEB50745;PRJEB51375;PRJEB71705;PRJNA533106			no_sra_center
GCA_965119575.1	Ophiocomina nigra	2025-02-11	SAMEA7522717	WELLCOME SANGER INSTITUTE	EBI	PRJEB40665;PRJEB43510;PRJEB43745;PRJEB84095;PRJEB85519;PRJNA533106			no_sra_center
GCA_982089755.1	Ophion confusus	2026-03-08	SAMEA112221790	WELLCOME SANGER INSTITUTE	EBI	PRJEB108963;PRJEB40665;PRJEB43510;PRJEB43745;PRJEB60819;PRJNA533106			no_sra_center
GCA_951751655.1	Ophion costatus	2023-05-22	SAMEA111458581	WELLCOME SANGER INSTITUTE	EBI	PRJEB40665;PRJEB43510;PRJEB43745;PRJEB61491;PRJEB62464;PRJNA533106			no_sra_center
GCA_982089845.1	Ophion crassicornis	2026-03-08	SAMEA14448265	WELLCOME SANGER INSTITUTE	EBI	PRJEB108965;PRJEB40665;PRJEB43510;PRJEB43745;PRJEB60661;PRJNA533106			no_sra_center
GCA_963210295.1	Ophion ellenae	2023-08-19	SAMEA14448410	WELLCOME SANGER INSTITUTE	EBI	PRJEB40665;PRJEB43510;PRJEB43745;PRJEB60637;PRJEB65020;PRJNA533106			no_sra_center
GCA_976494275.1	Ophion forticornis	2025-10-26	SAMEA112222303	WELLCOME SANGER INSTITUTE	EBI	PRJEB40665;PRJEB43510;PRJEB43745;PRJEB83483;PRJEB96235;PRJNA533106			no_sra_center
GCA_964007375.1	Ophion obscuratus	2024-03-19	SAMEA9066053	WELLCOME SANGER INSTITUTE	EBI	PRJEB40665;PRJEB43510;PRJEB43745;PRJEB66394;PRJEB74011;PRJNA533106			no_sra_center
GCA_944452715.1	Ophion slaviceki	2022-07-01	SAMEA8534284	WELLCOME SANGER INSTITUTE	EBI	PRJEB40665;PRJEB43510;PRJEB43745;PRJEB53249;PRJEB53636;PRJNA533106			no_sra_center
GCA_963932345.1	Ophion ventricosus	2024-02-07	SAMEA112232611	WELLCOME SANGER INSTITUTE	EBI	PRJEB40665;PRJEB43510;PRJEB43745;PRJEB62891;PRJEB72345;PRJNA533106			no_sra_center
GCA_965637035.1	Ophion wuestneii	2025-07-09	SAMEA112232616	WELLCOME SANGER INSTITUTE	EBI	PRJEB40665;PRJEB43510;PRJEB43745;PRJEB77436;PRJEB91529;PRJNA533106			no_sra_center
GCA_986172105.1	Ophiothrix fragilis	2026-07-04	SAMEA110449652	WELLCOME SANGER INSTITUTE	EBI	PRJEB113102;PRJEB115209;PRJEB40665;PRJEB43510;PRJEB43745;PRJNA533106			no_sra_center
GCA_943142095.1	Ophonus ardosiacus	2022-06-10	SAMEA7746467	WELLCOME SANGER INSTITUTE	EBI	PRJEB40665;PRJEB43510;PRJEB43745;PRJEB52573;PRJEB52910;PRJNA533106			no_sra_center
GCA_964338635.1	Opilo mollis	2024-11-09	SAMEA115574675	WELLCOME SANGER INSTITUTE	EBI	PRJEB40665;PRJEB43510;PRJEB43745;PRJEB79427;PRJEB82306;PRJNA533106			no_sra_center
GCA_931315375.2	Opisthograptis luteolata	2022-04-15	SAMEA7519838	WELLCOME SANGER INSTITUTE	EBI	PRJEB40665;PRJEB43510;PRJEB43745;PRJEB48397;PRJEB51048;PRJEB71705;PRJNA533106			no_sra_center
GCA_982446775.1	Opomyza florum	2026-04-16	SAMEA113425766	WELLCOME SANGER INSTITUTE	EBI	PRJEB111437;PRJEB40665;PRJEB43510;PRJEB43745;PRJEB88860;PRJNA533106			no_sra_center
GCA_966197025.1	Opomyza germinationis	2025-08-23	SAMEA112232882	WELLCOME SANGER INSTITUTE	EBI	PRJEB40665;PRJEB43510;PRJEB43745;PRJEB79818;PRJEB95908;PRJNA533106			no_sra_center
GCA_966197045.1	Opomyza germinationis	2025-08-23	SAMEA112232882	WELLCOME SANGER INSTITUTE	EBI	PRJEB40665;PRJEB43510;PRJEB43745;PRJEB79818;PRJEB95907;PRJNA533106			no_sra_center
GCA_978021475.1	Orchesella cincta	2026-01-28	SAMEA112232537	WELLCOME SANGER INSTITUTE	EBI	PRJEB106593;PRJEB40665;PRJEB43510;PRJEB43745;PRJEB97290;PRJNA533106			no_sra_center
GCA_978021485.1	Orchesella cincta	2026-02-01	SAMEA112232537	WELLCOME SANGER INSTITUTE	EBI	PRJEB106594;PRJEB40665;PRJEB43510;PRJEB43745;PRJEB97290;PRJNA533106			no_sra_center
GCA_981111525.1	Orchesella cincta	2026-02-28	SAMEA114438372	WELLCOME SANGER INSTITUTE	EBI	PRJEB108634;PRJEB40665;PRJEB43510;PRJEB43745;PRJEB97290;PRJNA533106			no_sra_center
GCA_964034955.1	Orchesella flavescens	2024-04-27	SAMEA112232546	WELLCOME SANGER INSTITUTE	EBI	PRJEB40665;PRJEB43510;PRJEB43745;PRJEB68258;PRJEB75316;PRJNA533106			no_sra_center
GCA_966392285.1	Orchesella villosa	2025-09-06	SAMEA114438382	WELLCOME SANGER INSTITUTE	EBI	PRJEB40665;PRJEB43510;PRJEB43745;PRJEB84105;PRJEB96003;PRJNA533106			no_sra_center
GCA_965642315.1	Orchesia undulata	2025-07-19	SAMEA114644657	WELLCOME SANGER INSTITUTE	EBI	PRJEB40665;PRJEB43510;PRJEB43745;PRJEB80945;PRJEB93772;PRJNA533106			no_sra_center
GCA_958502075.1	Orchestes rusci	2023-07-18	SAMEA110029153	WELLCOME SANGER INSTITUTE	EBI	PRJEB40665;PRJEB43510;PRJEB43745;PRJEB62726;PRJEB64389;PRJNA533106			no_sra_center
GCA_916999025.1	Orgyia antiqua	2021-10-12	SAMEA7524390	WELLCOME SANGER INSTITUTE	EBI	PRJEB40665;PRJEB43510;PRJEB43745;PRJEB47377;PRJEB47958;PRJEB71705;PRJNA533106			no_sra_center
GCA_965115965.1	Orgyia recens	2025-01-24	SAMEA114805682	WELLCOME SANGER INSTITUTE	EBI	PRJEB40665;PRJEB43510;PRJEB43745;PRJEB71705;PRJEB83509;PRJEB85103;PRJNA533106			no_sra_center
GCA_981126395.1	Ormyrus nitidulus	2026-02-28	SAMEA113425708	WELLCOME SANGER INSTITUTE	EBI	PRJEB108628;PRJEB40665;PRJEB43510;PRJEB43745;PRJEB79441;PRJNA533106			no_sra_center
GCA_965250645.1	Ornithomya avicularia	2025-04-21	SAMEA114644435	WELLCOME SANGER INSTITUTE	EBI	PRJEB40665;PRJEB43510;PRJEB43745;PRJEB84353;PRJEB88715;PRJNA533106			no_sra_center
GCA_963971445.1	Ornithomya chloropus	2024-03-07	SAMEA112232563	WELLCOME SANGER INSTITUTE	EBI	PRJEB40665;PRJEB43510;PRJEB43745;PRJEB68250;PRJEB73536;PRJNA533106			no_sra_center
GCA_963978525.1	Ornithomya fringillina	2024-03-10	SAMEA112226455	WELLCOME SANGER INSTITUTE	EBI	PRJEB40665;PRJEB43510;PRJEB43745;PRJEB68264;PRJEB73620;PRJNA533106			no_sra_center
GCA_988240535.1	Ornithopus compressus	2026-09-10	SAMEA121267876	WELLCOME SANGER INSTITUTE	EBI	PRJEB124357;PRJEB125134;PRJEB125570;PRJEB40665;PRJEB43510;PRJEB43745;PRJEB80366;PRJNA533106			no_sra_center
GCA_988240505.1	Ornithopus compressus	2026-09-10	SAMEA121267876	WELLCOME SANGER INSTITUTE	EBI	PRJEB124357;PRJEB125134;PRJEB125571;PRJEB40665;PRJEB43510;PRJEB43745;PRJEB80366;PRJNA533106			no_sra_center
GCA_965278115.1	Ornithopus perpusillus	2025-05-08	SAMEA10369524	WELLCOME SANGER INSTITUTE	EBI	PRJEB40665;PRJEB43510;PRJEB43745;PRJEB80118;PRJEB89200;PRJNA533106			no_sra_center
GCA_965278145.1	Ornithopus perpusillus	2025-05-08	SAMEA10369524	WELLCOME SANGER INSTITUTE	EBI	PRJEB40665;PRJEB43510;PRJEB43745;PRJEB80118;PRJEB89199;PRJNA533106			no_sra_center
GCA_988240655.1	Ornithopus sativus	2026-09-10	SAMEA121267894	WELLCOME SANGER INSTITUTE	EBI	PRJEB124359;PRJEB125134;PRJEB125573;PRJEB40665;PRJEB43510;PRJEB43745;PRJEB80366;PRJNA533106			no_sra_center
GCA_988240575.1	Ornithopus sativus	2026-09-10	SAMEA121267894	WELLCOME SANGER INSTITUTE	EBI	PRJEB124359;PRJEB125134;PRJEB125572;PRJEB40665;PRJEB43510;PRJEB43745;PRJEB80366;PRJNA533106			no_sra_center
GCA_984798825.1	Orobanche alba	2026-06-26	SAMEA110450264	WELLCOME SANGER INSTITUTE	EBI	PRJEB113203;PRJEB114404;PRJEB40665;PRJEB43510;PRJEB43745;PRJNA533106			no_sra_center
GCA_984799085.1	Orobanche alba	2026-06-26	SAMEA110450264	WELLCOME SANGER INSTITUTE	EBI	PRJEB113203;PRJEB114405;PRJEB40665;PRJEB43510;PRJEB43745;PRJNA533106			no_sra_center
GCA_977930345.1	Orobanche hederae	2026-02-01	SAMEA7521714	WELLCOME SANGER INSTITUTE	EBI	PRJEB104590;PRJEB105249;PRJEB40665;PRJEB43510;PRJEB43745;PRJNA533106			no_sra_center
GCA_982586975.1	Orobanche minor	2026-04-27	SAMEA9335278	WELLCOME SANGER INSTITUTE	EBI	PRJEB111044;PRJEB111819;PRJEB40665;PRJEB43510;PRJEB43745;PRJNA533106			no_sra_center
GCA_965654315.1	Orthetrum coerulescens	2025-08-03	SAMEA112963085	WELLCOME SANGER INSTITUTE	EBI	PRJEB40665;PRJEB43510;PRJEB43745;PRJEB74149;PRJEB94841;PRJNA533106			no_sra_center
GCA_976984775.1	Orthonama vittatum	2025-10-05	SAMEA116129911	WELLCOME SANGER INSTITUTE	EBI	PRJEB40665;PRJEB43510;PRJEB43745;PRJEB71705;PRJEB97020;PRJEB98286;PRJNA533106			no_sra_center
GCA_965283055.2	Orthonevra brevicornis	2026-09-09	SAMEA114644595	WELLCOME SANGER INSTITUTE	EBI	PRJEB40665;PRJEB43510;PRJEB43745;PRJEB85026;PRJEB89536;PRJNA533106			no_sra_center
GCA_963555765.1	Orthonevra nobilis	2023-10-06	SAMEA10167088	WELLCOME SANGER INSTITUTE	EBI	PRJEB40665;PRJEB43510;PRJEB43745;PRJEB63489;PRJEB66631;PRJNA533106			no_sra_center
GCA_965111875.1	Orthosia cerasi	2025-01-17	SAMEA9359454	WELLCOME SANGER INSTITUTE	EBI	PRJEB40665;PRJEB43510;PRJEB43745;PRJEB56259;PRJEB71705;PRJEB84012;PRJNA533106			no_sra_center
GCA_964057195.1	Orthosia cruda	2024-05-19	SAMEA110451564	WELLCOME SANGER INSTITUTE	EBI	PRJEB40665;PRJEB43510;PRJEB43745;PRJEB68252;PRJEB71705;PRJEB75801;PRJNA533106			no_sra_center
GCA_964057205.1	Orthosia cruda	2024-05-19	SAMEA110451564	WELLCOME SANGER INSTITUTE	EBI	PRJEB40665;PRJEB43510;PRJEB43745;PRJEB68252;PRJEB71705;PRJEB75800;PRJNA533106			no_sra_center
GCA_949775005.1	Orthosia gothica	2023-04-08	SAMEA10107018	WELLCOME SANGER INSTITUTE	EBI	PRJEB40665;PRJEB43510;PRJEB43745;PRJEB54944;PRJEB60992;PRJEB71705;PRJNA533106			no_sra_center
GCA_947562075.1	Orthosia gracilis	2022-12-13	SAMEA10107015	WELLCOME SANGER INSTITUTE	EBI	PRJEB40665;PRJEB43510;PRJEB43745;PRJEB56737;PRJEB58162;PRJEB71705;PRJNA533106			no_sra_center
GCA_948252205.1	Orthosia incerta	2023-01-18	SAMEA110451555	WELLCOME SANGER INSTITUTE	EBI	PRJEB40665;PRJEB43510;PRJEB43745;PRJEB57306;PRJEB58970;PRJEB71705;PRJNA533106			no_sra_center
GCA_964468075.1	Orthotaenia undulana	2024-12-07	SAMEA114644781	WELLCOME SANGER INSTITUTE	EBI	PRJEB40665;PRJEB43510;PRJEB43745;PRJEB71705;PRJEB82383;PRJEB83121;PRJNA533106			no_sra_center
GCA_965112805.2	Orthothecium rufescens	2025-10-25	SAMEA13832427	WELLCOME SANGER INSTITUTE	EBI	PRJEB40665;PRJEB43510;PRJEB43745;PRJEB80439;PRJEB84399;PRJNA533106			no_sra_center
GCA_973894655.1	Orthotrichum anomalum	2025-10-25	SAMEA114214795	WELLCOME SANGER INSTITUTE	EBI	PRJEB40665;PRJEB43510;PRJEB43745;PRJEB94788;PRJEB96476;PRJNA533106			no_sra_center
GCA_977000265.1	Orthotrichum pulchellum	2025-11-07	SAMEA111383272	WELLCOME SANGER INSTITUTE	EBI	PRJEB40665;PRJEB43510;PRJEB43745;PRJEB97830;PRJEB98977;PRJNA533106			no_sra_center
GCA_964237555.1	Oryctolagus cuniculus	2024-08-31	SAMEA112468037	WELLCOME SANGER INSTITUTE	EBI	PRJEB40665;PRJEB43510;PRJEB43745;PRJEB70400;PRJEB79209;PRJNA489243;PRJNA533106			no_sra_center
GCA_965218485.1	Orygma luctuosum	2025-03-23	SAMEA12505717	WELLCOME SANGER INSTITUTE	EBI	PRJEB40665;PRJEB43510;PRJEB43745;PRJEB79862;PRJEB87357;PRJNA533106			no_sra_center
GCA_965211945.1	Orygma luctuosum	2025-03-17	SAMEA12505720	WELLCOME SANGER INSTITUTE	EBI	PRJEB40665;PRJEB43510;PRJEB43745;PRJEB79862;PRJEB86964;PRJNA533106			no_sra_center
GCA_965211955.1	Orygma luctuosum	2025-03-17	SAMEA12505720	WELLCOME SANGER INSTITUTE	EBI	PRJEB40665;PRJEB43510;PRJEB43745;PRJEB79862;PRJEB86963;PRJNA533106			no_sra_center
GCA_963692335.1	Osmerus eperlanus	2023-12-11	SAMEA14448128	WELLCOME SANGER INSTITUTE	EBI	PRJEB40665;PRJEB43510;PRJEB43745;PRJEB64080;PRJEB70540;PRJNA489243;PRJNA533106			no_sra_center
GCA_984574115.1	Osmia bicolor	2026-06-15	SAMEA114644947	WELLCOME SANGER INSTITUTE	EBI	PRJEB106429;PRJEB113605;PRJEB40665;PRJEB43510;PRJEB43745;PRJNA533106			no_sra_center
GCA_988324095.1	Osphya bipunctata	2026-10-04	SAMEA114644943	WELLCOME SANGER INSTITUTE	EBI	PRJEB124997;PRJEB126509;PRJEB40665;PRJEB43510;PRJEB43745;PRJNA533106			no_sra_center
GCA_947568905.1	Ostrea edulis	2022-12-16	SAMEA12219414	WELLCOME SANGER INSTITUTE	EBI	PRJEB40665;PRJEB43510;PRJEB43745;PRJEB57260;PRJEB58207;PRJNA533106			no_sra_center
GCA_963855985.1	Ostrinia nubilalis	2023-12-15	SAMEA7701321	WELLCOME SANGER INSTITUTE	EBI	PRJEB40665;PRJEB43510;PRJEB43745;PRJEB65201;PRJEB71127;PRJEB71705;PRJNA533106			no_sra_center
GCA_951805005.1	Othius punctulatus	2023-06-02	SAMEA112232778	WELLCOME SANGER INSTITUTE	EBI	PRJEB40665;PRJEB43510;PRJEB43745;PRJEB61848;PRJEB62773;PRJNA533106			no_sra_center
GCA_986177755.1	Otiorhynchus armadillo	2026-07-04	SAMEA117051840	WELLCOME SANGER INSTITUTE	EBI	PRJEB112982;PRJEB115217;PRJEB40665;PRJEB43510;PRJEB43745;PRJNA533106			no_sra_center
GCA_988425375.1	Otiorhynchus porcatus	2026-10-07	SAMEA118256594	WELLCOME SANGER INSTITUTE	EBI	PRJEB113134;PRJEB127939;PRJEB40665;PRJEB43510;PRJEB43745;PRJNA533106			no_sra_center
GCA_982191755.1	Otiorhynchus rugosostriatus	2026-03-08	SAMEA114806314	WELLCOME SANGER INSTITUTE	EBI	PRJEB109071;PRJEB40665;PRJEB43510;PRJEB43745;PRJEB97284;PRJNA533106			no_sra_center
GCA_987201465.1	Otis tarda	2026-09-08	SAMEA114806514	WELLCOME SANGER INSTITUTE	EBI	PRJEB122957;PRJEB40665;PRJEB43510;PRJEB43745;PRJEB74685;PRJNA489243;PRJNA533106			no_sra_center
GCA_986271465.1	Ourapteryx sambucaria	2026-07-05	SAMEA118559513	WELLCOME SANGER INSTITUTE	EBI	PRJEB113378;PRJEB115711;PRJEB40665;PRJEB43510;PRJEB43745;PRJEB71705;PRJNA533106			no_sra_center
GCA_988323065.1	Oxalis acetosella	2026-10-03	SAMEA111431365	WELLCOME SANGER INSTITUTE	EBI	PRJEB125134;PRJEB125179;PRJEB127707;PRJEB40665;PRJEB43510;PRJEB43745;PRJEB80366;PRJNA533106			no_sra_center
GCA_988225235.1	Oxalis corniculata	2026-09-09	SAMEA115503011	WELLCOME SANGER INSTITUTE	European Bioinformatics Institute	PRJEB123990;PRJEB124728;PRJEB40665;PRJEB43510;PRJEB43745;PRJNA533106			no_sra_center
GCA_963942545.1	Oxycera nigricornis	2024-02-09	SAMEA112232713	WELLCOME SANGER INSTITUTE	EBI	PRJEB40665;PRJEB43510;PRJEB43745;PRJEB71568;PRJEB72457;PRJNA533106			no_sra_center
GCA_965211965.1	Oxycera pygmaea	2025-03-17	SAMEA114645008	WELLCOME SANGER INSTITUTE	EBI	PRJEB40665;PRJEB43510;PRJEB43745;PRJEB79779;PRJEB86966;PRJNA533106			no_sra_center
GCA_987584255.1	Oxycera trilineata	2026-09-09	SAMEA11025049	WELLCOME SANGER INSTITUTE	EBI	PRJEB121382;PRJEB123842;PRJEB40665;PRJEB43510;PRJEB43745;PRJNA533106			no_sra_center
GCA_987584475.1	Oxycera trilineata	2026-09-09	SAMEA11025049	WELLCOME SANGER INSTITUTE	EBI	PRJEB121382;PRJEB123843;PRJEB40665;PRJEB43510;PRJEB43745;PRJNA533106			no_sra_center
GCA_982345265.1	Oxypselaphus obscurus	2026-03-26	SAMEA8603248	WELLCOME SANGER INSTITUTE	EBI	PRJEB103897;PRJEB110502;PRJEB40665;PRJEB43510;PRJEB43745;PRJNA533106			no_sra_center
GCA_988277015.1	Oxypteryx atrella	2026-09-14	SAMEA118768560	WELLCOME SANGER INSTITUTE	EBI	PRJEB124315;PRJEB126518;PRJEB40665;PRJEB43510;PRJEB43745;PRJEB71705;PRJNA533106			no_sra_center
GCA_986918585.1	Oxypteryx atrella	2026-08-31	SAMEA10978954	WELLCOME SANGER INSTITUTE	EBI	PRJEB114423;PRJEB124315;PRJEB40665;PRJEB43510;PRJEB43745;PRJEB71705;PRJNA533106			no_sra_center
GCA_988276885.1	Oxypteryx atrella	2026-09-14	SAMEA118768560	WELLCOME SANGER INSTITUTE	EBI	PRJEB124315;PRJEB126517;PRJEB40665;PRJEB43510;PRJEB43745;PRJEB71705;PRJNA533106			no_sra_center
GCA_987114415.1	Oxyptilus pilosellae	2026-09-01	SAMEA118559337	WELLCOME SANGER INSTITUTE	EBI	PRJEB113750;PRJEB121449;PRJEB40665;PRJEB43510;PRJEB43745;PRJEB71705;PRJNA533106			no_sra_center
GCA_964035995.1	Oxyria digyna	2024-05-10	SAMEA9335254	WELLCOME SANGER INSTITUTE	EBI	PRJEB125134;PRJEB40665;PRJEB43510;PRJEB43745;PRJEB73928;PRJEB75529;PRJEB80366;PRJNA533106			no_sra_center
GCA_963921995.1	Oxystoma pomonae	2024-02-09	SAMEA113425608	WELLCOME SANGER INSTITUTE	EBI	PRJEB40665;PRJEB43510;PRJEB43745;PRJEB70641;PRJEB71841;PRJNA533106			no_sra_center
GCA_958009045.1	Oxytorus armatus	2023-07-06	SAMEA14448319	WELLCOME SANGER INSTITUTE	EBI	PRJEB40665;PRJEB43510;PRJEB43745;PRJEB61495;PRJEB63573;PRJNA533106			no_sra_center
GCA_988324635.1	Pabulatrix pabulatricula	2026-10-03	SAMEA120504589	WELLCOME SANGER INSTITUTE	EBI	PRJEB114875;PRJEB126737;PRJEB40665;PRJEB43510;PRJEB43745;PRJEB71705;PRJNA533106			no_sra_center
GCA_982935385.1	Pachygaster atra	2026-06-15	SAMEA112964175	WELLCOME SANGER INSTITUTE	EBI	PRJEB112224;PRJEB40665;PRJEB43510;PRJEB43745;PRJEB97620;PRJNA533106			no_sra_center
GCA_982551525.1	Pachygaster leachii	2026-04-25	SAMEA113425440	WELLCOME SANGER INSTITUTE	EBI	PRJEB110581;PRJEB40665;PRJEB43510;PRJEB43745;PRJEB80192;PRJNA533106			no_sra_center
GCA_986271595.1	Pachygnatha clercki	2026-07-06	SAMEA118256496	WELLCOME SANGER INSTITUTE	EBI	PRJEB113398;PRJEB115716;PRJEB40665;PRJEB43510;PRJEB43745;PRJNA533106			no_sra_center
GCA_965118235.1	Pachyrhinus lethierryi	2025-01-29	SAMEA110019314	WELLCOME SANGER INSTITUTE	EBI	PRJEB40665;PRJEB43510;PRJEB43745;PRJEB83756;PRJEB85256;PRJNA533106			no_sra_center
GCA_964291025.1	Pachythelia villosella	2024-10-28	SAMEA114644491	WELLCOME SANGER INSTITUTE	EBI	PRJEB40665;PRJEB43510;PRJEB43745;PRJEB71705;PRJEB80943;PRJEB81493;PRJNA533106			no_sra_center
GCA_978046105.1	Paederus riparius	2026-03-01	SAMEA112964250	WELLCOME SANGER INSTITUTE	EBI	PRJEB107037;PRJEB40665;PRJEB43510;PRJEB43745;PRJEB73667;PRJNA533106			no_sra_center
GCA_965226575.1	Pagrus pagrus	2025-03-28	SAMEA110450108	WELLCOME SANGER INSTITUTE	EBI	PRJEB40665;PRJEB43510;PRJEB43745;PRJEB79781;PRJEB87564;PRJNA489243;PRJNA533106			no_sra_center
GCA_958295655.1	Palloptera scutellata	2023-07-06	SAMEA14448439	WELLCOME SANGER INSTITUTE	EBI	PRJEB40665;PRJEB43510;PRJEB43745;PRJEB58669;PRJEB63749;PRJNA533106			no_sra_center
GCA_984885535.1	Palpita vitrealis	2026-06-27	SAMEA118280074	WELLCOME SANGER INSTITUTE	EBI	PRJEB113380;PRJEB114693;PRJEB40665;PRJEB43510;PRJEB43745;PRJEB71705;PRJNA533106			no_sra_center
GCA_947086415.1	Pammene aurita	2022-10-20	SAMEA10979080	WELLCOME SANGER INSTITUTE	EBI	PRJEB40665;PRJEB43510;PRJEB43745;PRJEB55029;PRJEB56792;PRJEB71705;PRJNA533106			no_sra_center
GCA_911728535.1	Pammene fasciana	2021-08-05	SAMEA7701530	WELLCOME SANGER INSTITUTE	EBI	PRJEB40665;PRJEB43510;PRJEB43745;PRJEB45670;PRJEB46632;PRJEB71705;PRJNA533106			no_sra_center
GCA_965276555.1	Pammene giganteana	2025-05-03	SAMEA114806250	WELLCOME SANGER INSTITUTE	EBI	PRJEB40665;PRJEB43510;PRJEB43745;PRJEB71705;PRJEB88344;PRJEB89058;PRJNA533106			no_sra_center
GCA_965641965.1	Pammene regiana	2025-07-18	SAMEA7701518	WELLCOME SANGER INSTITUTE	EBI	PRJEB40665;PRJEB43510;PRJEB43745;PRJEB71190;PRJEB71705;PRJEB92166;PRJNA533106			no_sra_center
GCA_965620085.1	Pammene rhediella	2025-07-08	SAMEA112964159	WELLCOME SANGER INSTITUTE	EBI	PRJEB40665;PRJEB43510;PRJEB43745;PRJEB71705;PRJEB89130;PRJEB91075;PRJNA533106			no_sra_center
GCA_964504545.2	Pammene suspectana	2025-04-17	SAMEA115574513	WELLCOME SANGER INSTITUTE	EBI	PRJEB40665;PRJEB43510;PRJEB43745;PRJEB71705;PRJEB82373;PRJEB83195;PRJNA533106			no_sra_center
GCA_964505205.2	Pammene suspectana	2026-03-08	SAMEA115574513	WELLCOME SANGER INSTITUTE	EBI	PRJEB40665;PRJEB43510;PRJEB43745;PRJEB71705;PRJEB82373;PRJEB83194;PRJNA533106			no_sra_center
GCA_965601395.1	Pamponerus germanicus	2025-07-07	SAMEA114663809	WELLCOME SANGER INSTITUTE	EBI	PRJEB40665;PRJEB43510;PRJEB43745;PRJEB84991;PRJEB90483;PRJNA533106			no_sra_center
GCA_965642555.1	Pandarus bicolor	2025-07-19	SAMEA112788991	WELLCOME SANGER INSTITUTE	EBI	PRJEB40665;PRJEB43510;PRJEB43745;PRJEB77348;PRJEB93853;PRJNA533106			no_sra_center
GCA_987201345.1	Pandemis cerasana	2026-09-03	SAMEA120504625	WELLCOME SANGER INSTITUTE	EBI	PRJEB113205;PRJEB122970;PRJEB40665;PRJEB43510;PRJEB43745;PRJEB71705;PRJNA533106			no_sra_center
GCA_932294345.1	Pandemis cinnamomeana	2022-03-11	SAMEA8603177	WELLCOME SANGER INSTITUTE	EBI	PRJEB40665;PRJEB43510;PRJEB43745;PRJEB50746;PRJEB51280;PRJEB71705;PRJNA533106			no_sra_center
GCA_949127965.1	Pandemis corylana	2023-03-10	SAMEA7701543	WELLCOME SANGER INSTITUTE	EBI	PRJEB40665;PRJEB43510;PRJEB43745;PRJEB55960;PRJEB59483;PRJEB71705;PRJNA533106			no_sra_center
GCA_963854515.1	Pandemis heparana	2023-12-15	SAMEA113425675	WELLCOME SANGER INSTITUTE	EBI	PRJEB40665;PRJEB43510;PRJEB43745;PRJEB67623;PRJEB70827;PRJEB71705;PRJNA533106			no_sra_center
GCA_977964145.1	Pandivirilia melaleuca	2026-02-01	SAMEA10978772	WELLCOME SANGER INSTITUTE	EBI	PRJEB105346;PRJEB40665;PRJEB43510;PRJEB43745;PRJEB80120;PRJNA533106			no_sra_center
GCA_965154625.1	Panellus stipticus	2025-02-28	SAMEA9873913	WELLCOME SANGER INSTITUTE	EBI	PRJEB40665;PRJEB43510;PRJEB43745;PRJEB77592;PRJEB86084;PRJNA533106			no_sra_center
GCA_963678705.1	Panorpa germanica	2023-12-07	SAMEA11025043	WELLCOME SANGER INSTITUTE	EBI	PRJEB40665;PRJEB43510;PRJEB43745;PRJEB58079;PRJEB70249;PRJNA533106			no_sra_center
GCA_956483635.1	Panzeria rudis	2023-07-14	SAMEA110451606	WELLCOME SANGER INSTITUTE	EBI	PRJEB40665;PRJEB43510;PRJEB43745;PRJEB57672;PRJEB63518;PRJNA533106			no_sra_center
GCA_977966435.1	Papestra biren	2026-01-19	SAMEA116117458	WELLCOME SANGER INSTITUTE	EBI	PRJEB104970;PRJEB105397;PRJEB40665;PRJEB43510;PRJEB43745;PRJEB71705;PRJNA533106			no_sra_center
GCA_912999745.1	Papilio machaon	2021-08-18	SAMEA7523121	WELLCOME SANGER INSTITUTE	EBI	PRJEB40665;PRJEB43510;PRJEB43745;PRJEB46295;PRJEB47027;PRJEB71705;PRJNA533106			no_sra_center
GCA_965204955.1	Parachronistis albiceps	2025-03-15	SAMEA111458736	WELLCOME SANGER INSTITUTE	EBI	PRJEB40665;PRJEB43510;PRJEB43745;PRJEB70755;PRJEB71705;PRJEB86915;PRJNA533106			no_sra_center
GCA_977117665.1	Paracoenia fumosa	2026-02-01	SAMEA114644702	WELLCOME SANGER INSTITUTE	EBI	PRJEB104679;PRJEB40665;PRJEB43510;PRJEB43745;PRJEB85028;PRJNA533106			no_sra_center
GCA_977117685.1	Paracoenia fumosa	2026-02-01	SAMEA114644702	WELLCOME SANGER INSTITUTE	EBI	PRJEB104680;PRJEB40665;PRJEB43510;PRJEB43745;PRJEB85028;PRJNA533106			no_sra_center
GCA_988205305.1	Paracorsia repandalis	2026-09-03	SAMEA120953102	WELLCOME SANGER INSTITUTE	EBI	PRJEB123648;PRJEB124258;PRJEB40665;PRJEB43510;PRJEB43745;PRJEB71705;PRJNA533106			no_sra_center
GCA_985558005.1	Paracorymbia fulva	2026-07-04	SAMEA115574664	WELLCOME SANGER INSTITUTE	EBI	PRJEB112716;PRJEB114687;PRJEB40665;PRJEB43510;PRJEB43745;PRJNA533106			no_sra_center
GCA_982382475.1	Paracraspedothrix montivaga	2026-04-06	SAMEA112964240	WELLCOME SANGER INSTITUTE	EBI	PRJEB111108;PRJEB40665;PRJEB43510;PRJEB43745;PRJEB80423;PRJNA533106			no_sra_center
GCA_965637125.1	Paragus haemorrhous	2025-07-09	SAMEA7746594	WELLCOME SANGER INSTITUTE	EBI	PRJEB40665;PRJEB43510;PRJEB43745;PRJEB71170;PRJEB91504;PRJNA533106			no_sra_center
GCA_964237415.1	Paraperithous gnathaulax	2024-08-31	SAMEA111458580	WELLCOME SANGER INSTITUTE	EBI	PRJEB40665;PRJEB43510;PRJEB43745;PRJEB61497;PRJEB79214;PRJNA533106			no_sra_center
GCA_910589355.1	Parapoynx stratiotata	2021-07-07	SAMEA7519920	WELLCOME SANGER INSTITUTE	EBI	PRJEB40665;PRJEB43510;PRJEB43745;PRJEB45129;PRJEB45330;PRJEB71705;PRJNA533106			no_sra_center
GCA_905163445.1	Pararge aegeria	2021-01-28	SAMEA7532732	Wellcome Sanger Institute	EBI	PRJEB40665;PRJEB42039;PRJEB42139;PRJEB43510;PRJEB43745;PRJEB71705;PRJNA533106			no_sra_center
GCA_963082885.1	Parascotia fuliginaria	2023-08-09	SAMEA112222054	WELLCOME SANGER INSTITUTE	EBI	PRJEB40665;PRJEB43510;PRJEB43745;PRJEB63444;PRJEB64838;PRJEB71705;PRJNA533106			no_sra_center
GCA_977089985.1	Parasmittina trispinosa	2025-12-07	SAMEA12219438	WELLCOME SANGER INSTITUTE	EBI	PRJEB104437;PRJEB40665;PRJEB43510;PRJEB43745;PRJEB79291;PRJNA533106			no_sra_center
GCA_949128135.1	Parasteatoda lunata	2023-04-08	SAMEA110034684	WELLCOME SANGER INSTITUTE	EBI	PRJEB40665;PRJEB43510;PRJEB43745;PRJEB57892;PRJEB59500;PRJNA533106			no_sra_center
GCA_964277095.1	Parastichtis suspecta	2024-10-28	SAMEA114644489	WELLCOME SANGER INSTITUTE	EBI	PRJEB40665;PRJEB43510;PRJEB43745;PRJEB71705;PRJEB80953;PRJEB81345;PRJNA533106			no_sra_center
GCA_986270215.1	Paraswammerdamia albicapitella	2026-07-05	SAMEA118280438	WELLCOME SANGER INSTITUTE	EBI	PRJEB114899;PRJEB115657;PRJEB40665;PRJEB43510;PRJEB43745;PRJEB71705;PRJNA533106			no_sra_center
GCA_964340875.1	Paratalanta hyalinalis	2024-11-21	SAMEA115574494	WELLCOME SANGER INSTITUTE	EBI	PRJEB40665;PRJEB43510;PRJEB43745;PRJEB71705;PRJEB82159;PRJEB82649;PRJNA533106			no_sra_center
GCA_964340925.1	Paratalanta hyalinalis	2024-11-21	SAMEA115574494	WELLCOME SANGER INSTITUTE	EBI	PRJEB40665;PRJEB43510;PRJEB43745;PRJEB71705;PRJEB82159;PRJEB82650;PRJNA533106			no_sra_center
GCA_987191685.1	Pardosa nigriceps	2026-09-01	SAMEA118560107	WELLCOME SANGER INSTITUTE	EBI	PRJEB115833;PRJEB122842;PRJEB40665;PRJEB43510;PRJEB43745;PRJNA533106			no_sra_center
GCA_964276655.1	Parectropis similaria	2024-10-28	SAMEA10979183	WELLCOME SANGER INSTITUTE	EBI	PRJEB40665;PRJEB43510;PRJEB43745;PRJEB71300;PRJEB71705;PRJEB81263;PRJNA533106			no_sra_center
GCA_982345275.1	Parhelophilus frutetorum	2026-03-26	SAMEA112774771	WELLCOME SANGER INSTITUTE	EBI	PRJEB110505;PRJEB40665;PRJEB43510;PRJEB43745;PRJEB80208;PRJNA533106			no_sra_center
GCA_954871525.1	Parietaria judaica	2023-07-14	SAMEA7522182	WELLCOME SANGER INSTITUTE	EBI	PRJEB40665;PRJEB43510;PRJEB43745;PRJEB52661;PRJEB63235;PRJNA533106			no_sra_center
GCA_982266895.1	Parydra coarctata	2026-03-14	SAMEA113425788	WELLCOME SANGER INSTITUTE	EBI	PRJEB109833;PRJEB40665;PRJEB43510;PRJEB43745;PRJEB81854;PRJNA533106			no_sra_center
GCA_978020655.1	Pasiphila chloerata	2026-01-27	SAMEA117491991	WELLCOME SANGER INSTITUTE	EBI	PRJEB106015;PRJEB106549;PRJEB40665;PRJEB43510;PRJEB43745;PRJEB71705;PRJNA533106			no_sra_center
GCA_963082625.1	Pasiphila rectangulata	2023-08-09	SAMEA112226468	WELLCOME SANGER INSTITUTE	EBI	PRJEB40665;PRJEB43510;PRJEB43745;PRJEB63440;PRJEB64810;PRJEB71705;PRJNA533106			no_sra_center
GCA_986280955.1	Pastinaca sativa	2026-08-25	SAMEA114565225	WELLCOME SANGER INSTITUTE	EBI	PRJEB114577;PRJEB115752;PRJEB125134;PRJEB40665;PRJEB43510;PRJEB43745;PRJEB80366;PRJNA533106			no_sra_center
GCA_948474765.1	Patella depressa	2023-02-03	SAMEA7536239	WELLCOME SANGER INSTITUTE	EBI	PRJEB40665;PRJEB43510;PRJEB43745;PRJEB45666;PRJEB59259;PRJNA533106			no_sra_center
GCA_917208275.1	Patella pellucida	2021-10-13	SAMEA7522851	WELLCOME SANGER INSTITUTE	EBI	PRJEB40665;PRJEB43510;PRJEB43745;PRJEB45187;PRJEB47996;PRJNA533106			no_sra_center
GCA_963678685.1	Patella ulyssiponensis	2023-12-09	SAMEA8419699	WELLCOME SANGER INSTITUTE	EBI	PRJEB40665;PRJEB43510;PRJEB43745;PRJEB63446;PRJEB70253;PRJNA533106			no_sra_center
GCA_932274485.2	Patella vulgata	2022-10-07	SAMEA7536243	WELLCOME SANGER INSTITUTE	EBI	PRJEB40665;PRJEB43510;PRJEB43745;PRJEB50732;PRJEB51188;PRJNA533106			no_sra_center
GCA_965263725.1	Paulownia tomentosa	2025-04-27	SAMEA114565232	WELLCOME SANGER INSTITUTE	EBI	PRJEB40665;PRJEB43510;PRJEB43745;PRJEB87967;PRJEB88904;PRJNA533106			no_sra_center
GCA_965263755.1	Paulownia tomentosa	2025-04-27	SAMEA114565232	WELLCOME SANGER INSTITUTE	EBI	PRJEB40665;PRJEB43510;PRJEB43745;PRJEB87967;PRJEB88905;PRJNA533106			no_sra_center
GCA_963942485.1	Pediacus dermestoides	2024-02-09	SAMEA8603229	WELLCOME SANGER INSTITUTE	EBI	PRJEB40665;PRJEB43510;PRJEB43745;PRJEB61617;PRJEB72467;PRJNA533106			no_sra_center
GCA_963082725.1	Pedicia rivosa	2023-08-09	SAMEA112198365	WELLCOME SANGER INSTITUTE	EBI	PRJEB40665;PRJEB43510;PRJEB43745;PRJEB60710;PRJEB64824;PRJNA533106			no_sra_center
GCA_963921195.1	Pegoplata infirma	2024-01-05	SAMEA110451623	WELLCOME SANGER INSTITUTE	EBI	PRJEB40665;PRJEB43510;PRJEB43745;PRJEB59157;PRJEB71661;PRJNA533106			no_sra_center
GCA_986270225.1	Pelochrista caecimaculana	2026-07-05	SAMEA118256911	WELLCOME SANGER INSTITUTE	EBI	PRJEB114621;PRJEB115658;PRJEB40665;PRJEB43510;PRJEB43745;PRJEB71705;PRJNA533106			no_sra_center
GCA_965119305.1	Pelophylax lessonae	2025-02-11	SAMEA112468029	WELLCOME SANGER INSTITUTE	EBI	PRJEB125134;PRJEB40665;PRJEB43510;PRJEB43745;PRJEB80341;PRJEB80366;PRJEB85310;PRJNA489243;PRJNA533106			no_sra_center
GCA_963691645.1	Pelosia muscerda	2023-12-06	SAMEA112963098	WELLCOME SANGER INSTITUTE	EBI	PRJEB40665;PRJEB43510;PRJEB43745;PRJEB68294;PRJEB70583;PRJEB71705;PRJNA533106			no_sra_center
GCA_978259335.1	Pempelia genistella	2026-02-14	SAMEA118767921	WELLCOME SANGER INSTITUTE	EBI	PRJEB106033;PRJEB107215;PRJEB40665;PRJEB43510;PRJEB43745;PRJEB71705;PRJNA533106			no_sra_center
GCA_986174735.1	Pemphredon inornata	2026-06-27	SAMEA117801458	WELLCOME SANGER INSTITUTE	EBI	PRJEB113394;PRJEB115240;PRJEB40665;PRJEB43510;PRJEB43745;PRJNA533106			no_sra_center
GCA_933228935.1	Pemphredon lugubris	2022-03-23	SAMEA8603139	WELLCOME SANGER INSTITUTE	EBI	PRJEB40665;PRJEB43510;PRJEB43745;PRJEB50731;PRJEB51589;PRJNA533106			no_sra_center
GCA_964197855.1	Pentaglottis sempervirens	2024-07-08	SAMEA9143031	WELLCOME SANGER INSTITUTE	EBI	PRJEB40665;PRJEB43510;PRJEB43745;PRJEB74617;PRJEB77272;PRJNA533106			no_sra_center
GCA_965620495.1	Peplomyza litura	2025-07-09	SAMEA114806224	WELLCOME SANGER INSTITUTE	EBI	PRJEB40665;PRJEB43510;PRJEB43745;PRJEB84995;PRJEB91277;PRJNA533106			no_sra_center
GCA_987270415.1	Perdix perdix	2026-09-08	SAMEA118680287	WELLCOME SANGER INSTITUTE	EBI	PRJEB115879;PRJEB123330;PRJEB125134;PRJEB40665;PRJEB43510;PRJEB43745;PRJEB80366;PRJNA489243;PRJNA533106			no_sra_center
GCA_982398115.1	Perforatus perforatus	2026-04-12	SAMEA110450152	WELLCOME SANGER INSTITUTE	EBI	PRJEB109916;PRJEB111251;PRJEB40665;PRJEB43510;PRJEB43745;PRJNA533106			no_sra_center
GCA_911728515.1	Peribatodes rhomboidaria	2021-08-05	SAMEA7701524	WELLCOME SANGER INSTITUTE	EBI	PRJEB40665;PRJEB43510;PRJEB43745;PRJEB45204;PRJEB46633;PRJEB71705;PRJNA533106			no_sra_center
GCA_965614365.1	Peribatodes rhomboidaria	2025-07-08	SAMEA115948960	WELLCOME SANGER INSTITUTE	EBI	PRJEB40665;PRJEB43510;PRJEB43745;PRJEB45204;PRJEB71705;PRJEB90839;PRJNA533106			no_sra_center
GCA_965614375.1	Peribatodes rhomboidaria	2025-07-08	SAMEA115948960	WELLCOME SANGER INSTITUTE	EBI	PRJEB40665;PRJEB43510;PRJEB43745;PRJEB45204;PRJEB71705;PRJEB90838;PRJNA533106			no_sra_center
GCA_977066695.1	Peridea anceps	2025-11-27	SAMEA118260432	WELLCOME SANGER INSTITUTE	EBI	PRJEB104060;PRJEB40665;PRJEB43510;PRJEB43745;PRJEB71705;PRJEB97532;PRJNA533106			no_sra_center
GCA_949715065.1	Periphyllus acericola	2023-04-08	SAMEA10167089	WELLCOME SANGER INSTITUTE	EBI	PRJEB40665;PRJEB43510;PRJEB43745;PRJEB60305;PRJEB60761;PRJNA533106			no_sra_center
GCA_964016905.1	Perithous albicinctus	2024-03-22	SAMEA112232798	WELLCOME SANGER INSTITUTE	EBI	PRJEB40665;PRJEB43510;PRJEB43745;PRJEB64967;PRJEB74113;PRJNA533106			no_sra_center
GCA_984660265.1	Perithous divinator	2026-06-22	SAMEA115574649	WELLCOME SANGER INSTITUTE	EBI	PRJEB110714;PRJEB114313;PRJEB40665;PRJEB43510;PRJEB43745;PRJNA533106			no_sra_center
GCA_961405105.1	Perizoma affinitatum	2023-07-29	SAMEA112221815	WELLCOME SANGER INSTITUTE	EBI	PRJEB40665;PRJEB43510;PRJEB43745;PRJEB63493;PRJEB64626;PRJEB71705;PRJNA533106			no_sra_center
GCA_988137195.1	Perizoma albulatum	2026-09-09	SAMEA112222346	WELLCOME SANGER INSTITUTE	EBI	PRJEB124046;PRJEB40665;PRJEB43510;PRJEB43745;PRJEB68248;PRJEB71705;PRJNA533106			no_sra_center
GCA_964188255.1	Perizoma blandiatum	2024-06-21	SAMEA112198539	WELLCOME SANGER INSTITUTE	EBI	PRJEB40665;PRJEB43510;PRJEB43745;PRJEB71705;PRJEB74147;PRJEB76721;PRJNA533106			no_sra_center
GCA_964340725.1	Perizoma didymatum	2024-11-18	SAMEA115574509	WELLCOME SANGER INSTITUTE	EBI	PRJEB40665;PRJEB43510;PRJEB43745;PRJEB71705;PRJEB82161;PRJEB82589;PRJNA533106			no_sra_center
GCA_958496245.1	Perizoma flavofasciatum	2023-07-18	SAMEA7701445	WELLCOME SANGER INSTITUTE	EBI	PRJEB40665;PRJEB43510;PRJEB43745;PRJEB63430;PRJEB64367;PRJEB71705;PRJNA533106			no_sra_center
GCA_988225365.1	Perophora japonica	2026-09-09	SAMEA7536565	WELLCOME SANGER INSTITUTE	EBI	PRJEB123765;PRJEB124741;PRJEB40665;PRJEB43510;PRJEB43745;PRJNA533106			no_sra_center
GCA_965605765.1	Persicaria amphibia	2025-07-07	SAMEA112689531	WELLCOME SANGER INSTITUTE	EBI	PRJEB125134;PRJEB40665;PRJEB43510;PRJEB43745;PRJEB76751;PRJEB80366;PRJEB90559;PRJNA533106			no_sra_center
GCA_963922045.1	Persicaria maculosa	2024-02-09	SAMEA7521825	WELLCOME SANGER INSTITUTE	EBI	PRJEB125134;PRJEB40665;PRJEB43510;PRJEB43745;PRJEB71025;PRJEB71850;PRJEB80366;PRJNA533106			no_sra_center
GCA_965642065.1	Persicaria nepalensis	2025-07-19	SAMEA114782714	WELLCOME SANGER INSTITUTE	EBI	PRJEB40665;PRJEB43510;PRJEB43745;PRJEB78825;PRJEB92389;PRJNA533106			no_sra_center
GCA_978019955.1	Petalophyllum ralfsii	2026-02-01	SAMEA117801557	WELLCOME SANGER INSTITUTE	EBI	PRJEB105170;PRJEB106455;PRJEB40665;PRJEB43510;PRJEB43745;PRJNA533106			no_sra_center
GCA_965198595.1	Petasites albus	2025-03-13	SAMEA110449343	WELLCOME SANGER INSTITUTE	EBI	PRJEB40665;PRJEB43510;PRJEB43745;PRJEB78933;PRJEB86810;PRJNA533106			no_sra_center
GCA_965123105.1	Petasites hybridus	2025-02-11	SAMEA110449345	WELLCOME SANGER INSTITUTE	EBI	PRJEB125134;PRJEB40665;PRJEB43510;PRJEB43745;PRJEB80114;PRJEB80366;PRJEB85580;PRJNA533106			no_sra_center
GCA_951640565.1	Petrophora chlorosata	2023-05-18	SAMEA112198367	WELLCOME SANGER INSTITUTE	EBI	PRJEB40665;PRJEB43510;PRJEB43745;PRJEB61700;PRJEB62197;PRJEB71705;PRJNA533106			no_sra_center
GCA_979016925.1	Phaedon cochleariae	2026-02-27	SAMEA114805866	WELLCOME SANGER INSTITUTE	EBI	PRJEB107948;PRJEB40665;PRJEB43510;PRJEB43745;PRJEB80146;PRJNA533106			no_sra_center
GCA_982319415.1	Phaedon tumidulus	2026-03-22	SAMEA113425695	WELLCOME SANGER INSTITUTE	EBI	PRJEB110077;PRJEB40665;PRJEB43510;PRJEB43745;PRJEB80046;PRJNA533106			no_sra_center
GCA_965217405.1	Phaeoclavulina alboapiculata	2025-03-21	SAMEA110757349	WELLCOME SANGER INSTITUTE	EBI	PRJEB40665;PRJEB43510;PRJEB43745;PRJEB86027;PRJEB87305;PRJNA533106			no_sra_center
GCA_964289735.1	Phaethon aethereus	2024-10-28	SAMEA8228673	WELLCOME SANGER INSTITUTE	EBI	PRJEB40665;PRJEB43510;PRJEB43745;PRJEB79621;PRJEB81454;PRJNA489243;PRJNA533106			no_sra_center
GCA_988324325.1	Phalacrocorax aristotelis	2026-10-03	SAMEA10059652	WELLCOME SANGER INSTITUTE	EBI	PRJEB107229;PRJEB40665;PRJEB43510;PRJEB43745;PRJEB57282;PRJEB60539;PRJNA489243;PRJNA533106			no_sra_center
GCA_988324335.1	Phalacrocorax carbo	2026-10-03	SAMEA8228692	WELLCOME SANGER INSTITUTE	EBI	PRJEB40665;PRJEB43510;PRJEB43745;PRJEB70849;PRJEB71801;PRJNA489243;PRJNA533106			no_sra_center
GCA_988324805.1	Phalaris aquatica	2026-10-04	SAMEA121267947	WELLCOME SANGER INSTITUTE	EBI	PRJEB124560;PRJEB125134;PRJEB125589;PRJEB40665;PRJEB43510;PRJEB43745;PRJEB80366;PRJNA533106			no_sra_center
GCA_977930405.1	Phalaris arundinacea	2026-01-31	SAMEA11478490	WELLCOME SANGER INSTITUTE	EBI	PRJEB105271;PRJEB125134;PRJEB40665;PRJEB43510;PRJEB43745;PRJEB80366;PRJEB81087;PRJNA533106			no_sra_center
GCA_905147815.2	Phalera bucephala	2021-08-16	SAMEA7519921	Wellcome Sanger Institute	EBI	PRJEB40665;PRJEB41948;PRJEB42140;PRJEB43510;PRJEB43745;PRJEB71705;PRJNA533106			no_sra_center
GCA_977013135.1	Phaleria cadaverina	2025-11-08	SAMEA112964255	WELLCOME SANGER INSTITUTE	EBI	PRJEB100766;PRJEB40665;PRJEB43510;PRJEB43745;PRJEB74716;PRJNA533106			no_sra_center
GCA_965637545.1	Phallusia mammillata	2025-07-09	SAMEA8724668	WELLCOME SANGER INSTITUTE	EBI	PRJEB40665;PRJEB43510;PRJEB43745;PRJEB77769;PRJEB91635;PRJNA489243;PRJNA533106			no_sra_center
GCA_977109235.1	Phalonidia manniana	2025-12-06	SAMEA117574107	WELLCOME SANGER INSTITUTE	EBI	PRJEB104479;PRJEB40665;PRJEB43510;PRJEB43745;PRJEB71705;PRJEB97038;PRJNA533106			no_sra_center
GCA_963932375.1	Phania funesta	2024-02-07	SAMEA112964098	WELLCOME SANGER INSTITUTE	EBI	PRJEB40665;PRJEB43510;PRJEB43745;PRJEB70972;PRJEB72343;PRJNA533106			no_sra_center
GCA_965111845.1	Phaonia angelicae	2025-01-23	SAMEA7746455	WELLCOME SANGER INSTITUTE	EBI	PRJEB40665;PRJEB43510;PRJEB43745;PRJEB79289;PRJEB84006;PRJNA533106			no_sra_center
GCA_984573025.1	Phaonia errans	2026-06-15	SAMEA110451634	WELLCOME SANGER INSTITUTE	EBI	PRJEB113541;PRJEB40665;PRJEB43510;PRJEB43745;PRJEB80144;PRJNA533106			no_sra_center
GCA_971820795.1	Phaonia falleni	2025-09-13	SAMEA114644994	WELLCOME SANGER INSTITUTE	EBI	PRJEB40665;PRJEB43510;PRJEB43745;PRJEB85048;PRJEB96102;PRJNA533106			no_sra_center
GCA_971880325.1	Phaonia falleni	2025-09-14	SAMEA114644994	WELLCOME SANGER INSTITUTE	EBI	PRJEB40665;PRJEB43510;PRJEB43745;PRJEB85048;PRJEB96103;PRJNA533106			no_sra_center
GCA_988265135.1	Phaonia gobertii	2026-09-14	SAMEA110451638	WELLCOME SANGER INSTITUTE	EBI	PRJEB121282;PRJEB126007;PRJEB40665;PRJEB43510;PRJEB43745;PRJNA533106			no_sra_center
GCA_988264955.1	Phaonia palpata	2026-09-14	SAMEA110451645	WELLCOME SANGER INSTITUTE	EBI	PRJEB121284;PRJEB124456;PRJEB40665;PRJEB43510;PRJEB43745;PRJNA533106			no_sra_center
GCA_963931995.1	Phaonia tiefii	2024-02-08	SAMEA112232873	WELLCOME SANGER INSTITUTE	EBI	PRJEB40665;PRJEB43510;PRJEB43745;PRJEB71659;PRJEB72266;PRJNA533106			no_sra_center
GCA_982375415.1	Phasia hemiptera	2026-04-04	SAMEA112774776	WELLCOME SANGER INSTITUTE	EBI	PRJEB111061;PRJEB40665;PRJEB43510;PRJEB43745;PRJEB80200;PRJNA533106			no_sra_center
GCA_949628195.1	Phasia obesa	2023-04-08	SAMEA7746483	WELLCOME SANGER INSTITUTE	EBI	PRJEB40665;PRJEB43510;PRJEB43745;PRJEB56255;PRJEB60536;PRJNA533106			no_sra_center
GCA_987193195.1	Phasianus colchicus	2026-09-01	SAMEA118680281	WELLCOME SANGER INSTITUTE	EBI	PRJEB115899;PRJEB122832;PRJEB40665;PRJEB43510;PRJEB43745;PRJNA489243;PRJNA533106			no_sra_center
GCA_982559825.1	Phaxas pellucidus	2026-04-27	SAMEA110449627	WELLCOME SANGER INSTITUTE	EBI	PRJEB111844;PRJEB40665;PRJEB43510;PRJEB43745;PRJEB73954;PRJNA533106			no_sra_center
GCA_963565745.1	Phengaris arion	2023-10-24	SAMEA112232493	WELLCOME SANGER INSTITUTE	EBI	PRJEB40665;PRJEB43510;PRJEB43745;PRJEB65386;PRJEB67669;PRJEB71705;PRJNA533106			no_sra_center
GCA_905404115.1	Pheosia gnoma	2021-04-15	SAMEA7520513	WELLCOME SANGER INSTITUTE	EBI	PRJEB40665;PRJEB43510;PRJEB43745;PRJEB44003;PRJEB44831;PRJEB71705;PRJNA533106			no_sra_center
GCA_905333125.1	Pheosia tremula	2021-03-19	SAMEA7520523	WELLCOME SANGER INSTITUTE	EBI	PRJEB40665;PRJEB43493;PRJEB43510;PRJEB43537;PRJEB43745;PRJEB71705;PRJNA533106			no_sra_center
GCA_965653165.1	Pherbellia schoenherri	2025-08-01	SAMEA112222196	WELLCOME SANGER INSTITUTE	EBI	PRJEB40665;PRJEB43510;PRJEB43745;PRJEB74530;PRJEB94561;PRJNA533106			no_sra_center
GCA_943735915.1	Pherbina coryleti	2022-06-24	SAMEA11025047	WELLCOME SANGER INSTITUTE	EBI	PRJEB40665;PRJEB43510;PRJEB43745;PRJEB52655;PRJEB53297;PRJNA533106			no_sra_center
GCA_965213405.1	Philanthus triangulum	2025-03-20	SAMEA112964339	WELLCOME SANGER INSTITUTE	EBI	PRJEB40665;PRJEB43510;PRJEB43745;PRJEB66736;PRJEB87235;PRJNA533106			no_sra_center
GCA_977035875.1	Philedonides lunana	2025-11-13	SAMEA112964119	WELLCOME SANGER INSTITUTE	EBI	PRJEB102685;PRJEB40665;PRJEB43510;PRJEB43745;PRJEB71705;PRJEB73966;PRJNA533106			no_sra_center
GCA_963924445.1	Philereme transversata	2024-01-26	SAMEA10978949	WELLCOME SANGER INSTITUTE	EBI	PRJEB40665;PRJEB43510;PRJEB43745;PRJEB65731;PRJEB71705;PRJEB72041;PRJNA533106			no_sra_center
GCA_918857605.2	Philereme vetulata	2022-10-25	SAMEA7701300	WELLCOME SANGER INSTITUTE	EBI	PRJEB40665;PRJEB43510;PRJEB43745;PRJEB46330;PRJEB48680;PRJEB71705;PRJNA533106			no_sra_center
GCA_963931855.1	Philhelius festivus	2024-02-06	SAMEA7746484	WELLCOME SANGER INSTITUTE	EBI	PRJEB40665;PRJEB43510;PRJEB43745;PRJEB65229;PRJEB72240;PRJNA533106			no_sra_center
GCA_910595825.1	Philhelius pedissequus	2021-07-07	SAMEA7520951	WELLCOME SANGER INSTITUTE	EBI	PRJEB40665;PRJEB43510;PRJEB43745;PRJEB45174;PRJEB45689;PRJNA533106			no_sra_center
GCA_988223175.1	Phillyrea latifolia	2026-09-09	SAMEA120793036	WELLCOME SANGER INSTITUTE	EBI	PRJEB123958;PRJEB124612;PRJEB125134;PRJEB40665;PRJEB43510;PRJEB43745;PRJEB80366;PRJNA533106			no_sra_center
GCA_965612325.1	Philodromus cespitum	2025-07-08	SAMEA115574538	WELLCOME SANGER INSTITUTE	EBI	PRJEB40665;PRJEB43510;PRJEB43745;PRJEB81640;PRJEB90805;PRJNA533106			no_sra_center
GCA_979020235.1	Philodromus dispar	2026-02-27	SAMEA114644629	WELLCOME SANGER INSTITUTE	EBI	PRJEB105650;PRJEB107953;PRJEB40665;PRJEB43510;PRJEB43745;PRJNA533106			no_sra_center
GCA_963969385.1	Philonicus albiceps	2024-02-27	SAMEA11024992	WELLCOME SANGER INSTITUTE	EBI	PRJEB40665;PRJEB43510;PRJEB43745;PRJEB62736;PRJEB72896;PRJNA533106			no_sra_center
GCA_987201335.1	Philonthus carbonarius	2026-09-08	SAMEA115574714	WELLCOME SANGER INSTITUTE	EBI	PRJEB113728;PRJEB122966;PRJEB40665;PRJEB43510;PRJEB43745;PRJNA533106			no_sra_center
GCA_987201485.1	Philonthus carbonarius	2026-09-08	SAMEA115574714	WELLCOME SANGER INSTITUTE	EBI	PRJEB113728;PRJEB122965;PRJEB40665;PRJEB43510;PRJEB43745;PRJNA533106			no_sra_center
GCA_932526585.2	Philonthus cognatus	2022-10-25	SAMEA8603235	WELLCOME SANGER INSTITUTE	EBI	PRJEB40665;PRJEB43510;PRJEB43745;PRJEB50787;PRJEB51381;PRJNA533106			no_sra_center
GCA_986885595.1	Philonthus marginatus	2026-09-01	SAMEA114805859	WELLCOME SANGER INSTITUTE	EBI	PRJEB112640;PRJEB121008;PRJEB40665;PRJEB43510;PRJEB43745;PRJNA533106			no_sra_center
GCA_963082785.1	Philonthus spinipes	2023-08-09	SAMEA112232682	WELLCOME SANGER INSTITUTE	EBI	PRJEB40665;PRJEB43510;PRJEB43745;PRJEB61909;PRJEB64818;PRJNA533106			no_sra_center
GCA_963971165.1	Philopedon plagiatum	2024-03-04	SAMEA11025121	WELLCOME SANGER INSTITUTE	EBI	PRJEB40665;PRJEB43510;PRJEB43745;PRJEB64106;PRJEB73466;PRJNA533106			no_sra_center
GCA_963971545.1	Philophylla caesio	2024-03-07	SAMEA112232776	WELLCOME SANGER INSTITUTE	EBI	PRJEB40665;PRJEB43510;PRJEB43745;PRJEB70504;PRJEB73545;PRJNA533106			no_sra_center
GCA_984577355.1	Philopotamus montanus	2026-06-17	SAMEA116117152	WELLCOME SANGER INSTITUTE	EBI	PRJEB112441;PRJEB113661;PRJEB40665;PRJEB43510;PRJEB43745;PRJNA533106			no_sra_center
GCA_965275855.1	Phlegmacium triumphans	2025-05-02	SAMEA113940525	WELLCOME SANGER INSTITUTE	EBI	PRJEB40665;PRJEB43510;PRJEB43745;PRJEB77555;PRJEB89047;PRJNA533106			no_sra_center
GCA_965605815.2	Phleum pratense	2026-04-25	SAMEA10369520	WELLCOME SANGER INSTITUTE	EBI	PRJEB125134;PRJEB40665;PRJEB43510;PRJEB43745;PRJEB80366;PRJEB81089;PRJEB90570;PRJNA533106			no_sra_center
GCA_905147745.2	Phlogophora meticulosa	2022-05-03	SAMEA7520192	Wellcome Sanger Institute	EBI	PRJEB40665;PRJEB41949;PRJEB42141;PRJEB43510;PRJEB43745;PRJEB71705;PRJNA533106			no_sra_center
GCA_988265205.1	Phoca vitulina	2026-09-14	SAMEA120960980	WELLCOME SANGER INSTITUTE	EBI	PRJEB123767;PRJEB124502;PRJEB40665;PRJEB43510;PRJEB43745;PRJNA489243;PRJNA533106			no_sra_center
GCA_988265215.1	Phoca vitulina	2026-09-14	SAMEA120960980	WELLCOME SANGER INSTITUTE	EBI	PRJEB123767;PRJEB124503;PRJEB40665;PRJEB43510;PRJEB43745;PRJNA489243;PRJNA533106			no_sra_center
GCA_963924675.1	Phocoena phocoena	2024-01-29	SAMEA111380536	WELLCOME SANGER INSTITUTE	EBI	PRJEB40665;PRJEB43510;PRJEB43745;PRJEB71542;PRJEB72090;PRJNA1020146;PRJNA489243;PRJNA533106			no_sra_center
GCA_987197005.1	Phoenicurus phoenicurus	2026-09-08	SAMEA120960994	WELLCOME SANGER INSTITUTE	EBI	PRJEB121050;PRJEB122732;PRJEB40665;PRJEB43510;PRJEB43745;PRJNA489243;PRJNA533106			no_sra_center
GCA_986270235.1	Pholadidea loscombiana	2026-07-06	SAMEA110450087	WELLCOME SANGER INSTITUTE	EBI	PRJEB112626;PRJEB115672;PRJEB40665;PRJEB43510;PRJEB43745;PRJNA533106			no_sra_center
GCA_910591455.2	Pholis gunnellus	2021-11-18	SAMEA7522838	WELLCOME SANGER INSTITUTE	EBI	PRJEB40665;PRJEB43510;PRJEB43745;PRJEB43809;PRJEB45449;PRJNA489243;PRJNA533106			no_sra_center
GCA_921293015.1	Phorcus lineatus	2021-12-05	SAMEA7536116	WELLCOME SANGER INSTITUTE	EBI	PRJEB40665;PRJEB43510;PRJEB43745;PRJEB48398;PRJEB49088;PRJNA533106			no_sra_center
GCA_987488915.1	Phorocera assimilis	2026-09-09	SAMEA112232585	WELLCOME SANGER INSTITUTE	EBI	PRJEB122663;PRJEB123681;PRJEB40665;PRJEB43510;PRJEB43745;PRJNA533106			no_sra_center
GCA_944588485.1	Phosphuga atrata	2022-07-13	SAMEA7520321	WELLCOME SANGER INSTITUTE	EBI	PRJEB40665;PRJEB43510;PRJEB43745;PRJEB53163;PRJEB53719;PRJNA533106			no_sra_center
GCA_964662195.1	Photedes minima	2025-01-02	SAMEA7701533	WELLCOME SANGER INSTITUTE	EBI	PRJEB40665;PRJEB43510;PRJEB43745;PRJEB71302;PRJEB71705;PRJEB83790;PRJNA533106			no_sra_center
GCA_949152265.1	Phoxinus phoxinus	2023-04-08	SAMEA11296539	WELLCOME SANGER INSTITUTE	EBI	PRJEB107229;PRJEB40665;PRJEB43510;PRJEB43745;PRJEB59308;PRJEB59820;PRJNA489243;PRJNA533106			no_sra_center
GCA_964277475.1	Phragmataecia castaneae	2024-10-28	SAMEA114805613	WELLCOME SANGER INSTITUTE	EBI	PRJEB40665;PRJEB43510;PRJEB43745;PRJEB71705;PRJEB81188;PRJEB81404;PRJNA533106			no_sra_center
GCA_932526445.1	Phragmatobia fuliginosa	2022-03-23	SAMEA7701498	WELLCOME SANGER INSTITUTE	EBI	PRJEB40665;PRJEB43510;PRJEB43745;PRJEB50747;PRJEB51385;PRJEB71705;PRJNA533106			no_sra_center
GCA_958298935.1	Phragmites australis	2023-07-06	SAMEA10369659	WELLCOME SANGER INSTITUTE	EBI	PRJEB40665;PRJEB43510;PRJEB43745;PRJEB55339;PRJEB64034;PRJNA533106			no_sra_center
GCA_977071015.1	Phratora vitellinae	2025-11-29	SAMEA112232859	WELLCOME SANGER INSTITUTE	EBI	PRJEB104225;PRJEB40665;PRJEB43510;PRJEB43745;PRJEB75293;PRJNA533106			no_sra_center
GCA_987272535.1	Phryganea bipunctata	2026-09-08	SAMEA118280311	WELLCOME SANGER INSTITUTE	EBI	PRJEB121276;PRJEB123345;PRJEB40665;PRJEB43510;PRJEB43745;PRJNA533106			no_sra_center
GCA_982436735.1	Phtheochroa inopiana	2026-04-12	SAMEA114805696	WELLCOME SANGER INSTITUTE	EBI	PRJEB109870;PRJEB111349;PRJEB40665;PRJEB43510;PRJEB43745;PRJEB71705;PRJNA533106			no_sra_center
GCA_973404415.1	Phtheochroa sodaliana	2025-10-22	SAMEA116354050	WELLCOME SANGER INSTITUTE	EBI	PRJEB40665;PRJEB43510;PRJEB43745;PRJEB71705;PRJEB94702;PRJEB96448;PRJNA533106			no_sra_center
GCA_982375445.1	Phthiria pulicaria	2026-04-04	SAMEA112964243	WELLCOME SANGER INSTITUTE	EBI	PRJEB111062;PRJEB40665;PRJEB43510;PRJEB43745;PRJEB80196;PRJNA533106			no_sra_center
GCA_964059365.1	Phycita roborella	2024-06-05	SAMEA112232727	WELLCOME SANGER INSTITUTE	EBI	PRJEB40665;PRJEB43510;PRJEB43745;PRJEB62411;PRJEB71705;PRJEB76075;PRJNA533106			no_sra_center
GCA_988221935.1	Phycitodes saxicola	2026-09-04	SAMEA120504801	WELLCOME SANGER INSTITUTE	EBI	PRJEB123486;PRJEB124479;PRJEB40665;PRJEB43510;PRJEB43745;PRJEB71705;PRJNA533106			no_sra_center
GCA_982266865.1	Phylidorea fulvonervosa	2026-03-14	SAMEA112964481	WELLCOME SANGER INSTITUTE	EBI	PRJEB109835;PRJEB40665;PRJEB43510;PRJEB43745;PRJEB97616;PRJNA533106			no_sra_center
GCA_982551555.1	Phyllaphis fagi	2026-04-25	SAMEA114644913	WELLCOME SANGER INSTITUTE	EBI	PRJEB110135;PRJEB110591;PRJEB125134;PRJEB40665;PRJEB43510;PRJEB43745;PRJEB80366;PRJNA533106			no_sra_center
GCA_965654255.1	Phyllobius argentatus	2025-08-03	SAMEA114805889	WELLCOME SANGER INSTITUTE	EBI	PRJEB40665;PRJEB43510;PRJEB43745;PRJEB79423;PRJEB94830;PRJNA533106			no_sra_center
GCA_965654395.1	Phyllobius argentatus	2025-08-03	SAMEA114805889	WELLCOME SANGER INSTITUTE	EBI	PRJEB40665;PRJEB43510;PRJEB43745;PRJEB79423;PRJEB94831;PRJNA533106			no_sra_center
GCA_980746795.1	Phyllobius pyri	2026-02-22	SAMEA115574524	WELLCOME SANGER INSTITUTE	EBI	PRJEB103877;PRJEB108506;PRJEB40665;PRJEB43510;PRJEB43745;PRJNA533106			no_sra_center
GCA_985198325.1	Phyllobius roboretanus	2026-07-04	SAMEA115574546	WELLCOME SANGER INSTITUTE	EBI	PRJEB112475;PRJEB114766;PRJEB40665;PRJEB43510;PRJEB43745;PRJNA533106			no_sra_center
GCA_965643005.1	Phyllobius virideaeris	2025-07-19	SAMEA114805910	WELLCOME SANGER INSTITUTE	EBI	PRJEB40665;PRJEB43510;PRJEB43745;PRJEB79287;PRJEB93899;PRJNA533106			no_sra_center
GCA_965642995.1	Phyllobius virideaeris	2025-07-19	SAMEA114805910	WELLCOME SANGER INSTITUTE	EBI	PRJEB40665;PRJEB43510;PRJEB43745;PRJEB79287;PRJEB93898;PRJNA533106			no_sra_center
GCA_986708695.1	Phyllocnistis unipunctella	2026-08-28	SAMEA118768335	WELLCOME SANGER INSTITUTE	EBI	PRJEB114895;PRJEB120929;PRJEB40665;PRJEB43510;PRJEB43745;PRJEB71705;PRJNA533106			no_sra_center
GCA_976987375.1	Phyllodoce laminosa	2025-11-08	SAMEA13854525	WELLCOME SANGER INSTITUTE	EBI	PRJEB40665;PRJEB43510;PRJEB43745;PRJEB94716;PRJEB98712;PRJNA533106			no_sra_center
GCA_985691755.1	Phylloneta impressa	2026-07-04	SAMEA118256634	WELLCOME SANGER INSTITUTE	EBI	PRJEB113002;PRJEB115097;PRJEB40665;PRJEB43510;PRJEB43745;PRJNA533106			no_sra_center
GCA_977090045.1	Phyllonorycter klemannella	2025-12-06	SAMEA117574244	WELLCOME SANGER INSTITUTE	EBI	PRJEB103896;PRJEB104432;PRJEB40665;PRJEB43510;PRJEB43745;PRJEB71705;PRJNA533106			no_sra_center
GCA_977090005.1	Phyllonorycter klemannella	2025-12-06	SAMEA117574244	WELLCOME SANGER INSTITUTE	EBI	PRJEB103896;PRJEB104433;PRJEB40665;PRJEB43510;PRJEB43745;PRJEB71705;PRJNA533106			no_sra_center
GCA_988143745.1	Phyllonorycter maestingella	2026-09-09	SAMEA118768080	WELLCOME SANGER INSTITUTE	EBI	PRJEB121292;PRJEB124135;PRJEB40665;PRJEB43510;PRJEB43745;PRJEB71705;PRJNA533106			no_sra_center
GCA_976984685.1	Phyllonorycter messaniella	2025-10-14	SAMEA115949011	WELLCOME SANGER INSTITUTE	EBI	PRJEB40665;PRJEB43510;PRJEB43745;PRJEB71705;PRJEB92304;PRJEB98287;PRJNA533106			no_sra_center
GCA_977016745.1	Phyllonorycter quercifoliella	2025-11-07	SAMEA10979092	WELLCOME SANGER INSTITUTE	EBI	PRJEB101839;PRJEB40665;PRJEB43510;PRJEB43745;PRJEB58073;PRJEB71705;PRJNA533106			no_sra_center
GCA_988143675.1	Phyllonorycter salicicolella	2026-09-09	SAMEA118767900	WELLCOME SANGER INSTITUTE	EBI	PRJEB121288;PRJEB124136;PRJEB40665;PRJEB43510;PRJEB43745;PRJEB71705;PRJNA533106			no_sra_center
GCA_987194975.1	Phyllonorycter sorbi	2026-09-08	SAMEA118768271	WELLCOME SANGER INSTITUTE	EBI	PRJEB115903;PRJEB122798;PRJEB40665;PRJEB43510;PRJEB43745;PRJEB71705;PRJNA533106			no_sra_center
GCA_988143645.1	Phyllonorycter stettinensis	2026-09-04	SAMEA118768147	WELLCOME SANGER INSTITUTE	EBI	PRJEB120903;PRJEB124139;PRJEB40665;PRJEB43510;PRJEB43745;PRJEB71705;PRJNA533106			no_sra_center
GCA_976986425.1	Phyllonorycter ulicicolella	2025-10-26	SAMEA110451599	WELLCOME SANGER INSTITUTE	EBI	PRJEB40665;PRJEB43510;PRJEB43745;PRJEB71705;PRJEB94688;PRJEB98494;PRJNA533106			no_sra_center
GCA_988136415.1	Phylloscopus collybita	2026-09-09	SAMEA118680305	WELLCOME SANGER INSTITUTE	EBI	PRJEB118611;PRJEB124031;PRJEB40665;PRJEB43510;PRJEB43745;PRJNA489243;PRJNA533106			no_sra_center
GCA_987196345.1	Phylloscopus proregulus	2026-09-08	SAMEA121237211	WELLCOME SANGER INSTITUTE	European Bioinformatics Institute	PRJEB115859;PRJEB122734;PRJEB40665;PRJEB43510;PRJEB43745;PRJNA489243;PRJNA533106			no_sra_center
GCA_987197715.1	Phylloscopus trochilus	2026-09-08	SAMEA118680309	WELLCOME SANGER INSTITUTE	EBI	PRJEB118609;PRJEB122737;PRJEB40665;PRJEB43510;PRJEB43745;PRJNA489243;PRJNA533106			no_sra_center
GCA_963170745.1	Phymatocera aterrima	2023-08-19	SAMEA10978750	WELLCOME SANGER INSTITUTE	EBI	PRJEB40665;PRJEB43510;PRJEB43745;PRJEB59197;PRJEB64918;PRJNA533106			no_sra_center
GCA_984589245.1	Phymatodes testaceus	2026-06-22	SAMEA118767875	WELLCOME SANGER INSTITUTE	EBI	PRJEB112443;PRJEB114183;PRJEB40665;PRJEB43510;PRJEB43745;PRJNA533106			no_sra_center
GCA_978012005.1	Physeter macrocephalus	2026-02-01	SAMEA116350249	WELLCOME SANGER INSTITUTE	EBI	PRJEB105531;PRJEB106086;PRJEB40665;PRJEB43510;PRJEB43745;PRJNA1020146;PRJNA489243;PRJNA533106			no_sra_center
GCA_963966595.1	Physocephala rufipes	2024-02-24	SAMEA7746469	WELLCOME SANGER INSTITUTE	EBI	PRJEB40665;PRJEB43510;PRJEB43745;PRJEB53606;PRJEB72758;PRJNA533106			no_sra_center
GCA_941918925.1	Phyto melanocephala	2022-06-10	SAMEA8534296	WELLCOME SANGER INSTITUTE	EBI	PRJEB40665;PRJEB43510;PRJEB43745;PRJEB51915;PRJEB52668;PRJNA533106			no_sra_center
GCA_982374485.1	Phytoecia cylindrica	2026-04-04	SAMEA118281064	WELLCOME SANGER INSTITUTE	EBI	PRJEB105999;PRJEB110943;PRJEB40665;PRJEB43510;PRJEB43745;PRJNA533106			no_sra_center
GCA_965196775.1	Phytometra viridaria	2025-03-10	SAMEA114805676	WELLCOME SANGER INSTITUTE	EBI	PRJEB40665;PRJEB43510;PRJEB43745;PRJEB71705;PRJEB85012;PRJEB86583;PRJNA533106			no_sra_center
GCA_987212955.1	Pica pica	2026-09-08	SAMEA118680304	WELLCOME SANGER INSTITUTE	EBI	PRJEB115913;PRJEB123113;PRJEB40665;PRJEB43510;PRJEB43745;PRJNA489243;PRJNA533106			no_sra_center
GCA_905147105.1	Pieris brassicae	2021-01-28	SAMEA7532735	Wellcome Sanger Institute	EBI	PRJEB40665;PRJEB41887;PRJEB42142;PRJEB43510;PRJEB43745;PRJEB71705;PRJNA533106			no_sra_center
GCA_905231885.1	Pieris napi	2021-02-20	SAMEA7523140	WELLCOME SANGER INSTITUTE	EBI	PRJEB40665;PRJEB43012;PRJEB43034;PRJEB43510;PRJEB43745;PRJEB71705;PRJNA533106			no_sra_center
GCA_905475465.2	Pieris napi	2022-02-02	SAMEA7523287	WELLCOME SANGER INSTITUTE	EBI	PRJEB40665;PRJEB43034;PRJEB43510;PRJEB43745;PRJEB44052;PRJEB71705;PRJNA533106			no_sra_center
GCA_905147795.1	Pieris rapae	2021-01-28	SAMEA7523164	Wellcome Sanger Institute	EBI	PRJEB40665;PRJEB41952;PRJEB42143;PRJEB43510;PRJEB43745;PRJEB71705;PRJNA533106			no_sra_center
GCA_955831195.1	Pilophorus perplexus	2023-07-14	SAMEA111458829	WELLCOME SANGER INSTITUTE	EBI	PRJEB40665;PRJEB43510;PRJEB43745;PRJEB62415;PRJEB63338;PRJNA533106			no_sra_center
GCA_988265175.1	Pilosella aurantiaca	2026-09-14	SAMEA114389498	WELLCOME SANGER INSTITUTE	EBI	PRJEB122665;PRJEB124093;PRJEB40665;PRJEB43510;PRJEB43745;PRJNA533106			no_sra_center
GCA_988322725.1	Pilosella officinarum	2026-10-03	SAMEA111431198	WELLCOME SANGER INSTITUTE	EBI	PRJEB121286;PRJEB125134;PRJEB127692;PRJEB40665;PRJEB43510;PRJEB43745;PRJEB80366;PRJNA533106			no_sra_center
GCA_988280905.1	Pimephales promelas	2026-09-17	SAMEA118573200	WELLCOME SANGER INSTITUTE	EBI	PRJEB110750;PRJEB126656;PRJEB40665;PRJEB43510;PRJEB43745;PRJNA489243;PRJNA533106			no_sra_center
GCA_964197675.1	Pimpla contemplator	2024-07-03	SAMEA112232629	WELLCOME SANGER INSTITUTE	EBI	PRJEB40665;PRJEB43510;PRJEB43745;PRJEB67597;PRJEB77066;PRJNA533106			no_sra_center
GCA_963932165.1	Pimpla rufipes	2024-02-07	SAMEA111458331	WELLCOME SANGER INSTITUTE	EBI	PRJEB40665;PRJEB43510;PRJEB43745;PRJEB61483;PRJEB72329;PRJNA533106			no_sra_center
GCA_987357855.1	Pimpla turionellae	2026-09-02	SAMEA115628888	WELLCOME SANGER INSTITUTE	EBI	PRJEB112709;PRJEB123542;PRJEB40665;PRJEB43510;PRJEB43745;PRJNA533106			no_sra_center
GCA_977066455.1	Piniphila bifasciana	2025-11-27	SAMEA118540811	WELLCOME SANGER INSTITUTE	EBI	PRJEB100903;PRJEB104066;PRJEB40665;PRJEB43510;PRJEB43745;PRJEB71705;PRJNA533106			no_sra_center
GCA_964656225.2	Pipistrellus nathusii	2025-05-07	SAMEA115534661	WELLCOME SANGER INSTITUTE	EBI	PRJEB40665;PRJEB43510;PRJEB43745;PRJEB81652;PRJEB83377;PRJNA489243;PRJNA489245;PRJNA533106			no_sra_center
GCA_965203405.2	Pipistrellus pipistrellus	2025-04-09	SAMEA9921453	WELLCOME SANGER INSTITUTE	EBI	PRJEB33226;PRJEB39566;PRJEB40665;PRJEB43510;PRJEB43745;PRJEB86923;PRJNA489243;PRJNA489245;PRJNA533106			no_sra_center
GCA_949987585.2	Pipistrellus pygmaeus	2025-04-09	SAMEA9921456	WELLCOME SANGER INSTITUTE	EBI	PRJEB107229;PRJEB40665;PRJEB43510;PRJEB43745;PRJEB61049;PRJEB61581;PRJNA489243;PRJNA489245;PRJNA533106			no_sra_center
GCA_981400805.1	Pisaura mirabilis	2026-03-01	SAMEA7520003	WELLCOME SANGER INSTITUTE	EBI	PRJEB105636;PRJEB108755;PRJEB40665;PRJEB43510;PRJEB43745;PRJNA533106			no_sra_center
GCA_943735955.1	Piscicola geometra	2022-06-24	SAMEA7521191	WELLCOME SANGER INSTITUTE	EBI	PRJEB40665;PRJEB43510;PRJEB43745;PRJEB52863;PRJEB53311;PRJNA533106			no_sra_center
GCA_984573075.1	Pithanus maerkelii	2026-06-15	SAMEA112232567	WELLCOME SANGER INSTITUTE	EBI	PRJEB108391;PRJEB113547;PRJEB40665;PRJEB43510;PRJEB43745;PRJNA533106			no_sra_center
GCA_977930285.1	Plagiochila carringtonii	2026-01-23	SAMEA111383251	WELLCOME SANGER INSTITUTE	EBI	PRJEB105247;PRJEB33226;PRJEB40665;PRJEB43510;PRJEB43745;PRJEB97320;PRJNA533106			no_sra_center
GCA_963584125.1	Plagiodera versicolora	2023-11-06	SAMEA112232854	WELLCOME SANGER INSTITUTE	EBI	PRJEB40665;PRJEB43510;PRJEB43745;PRJEB61613;PRJEB68210;PRJNA533106			no_sra_center
GCA_964237465.1	Plagiothecium denticulatum	2024-08-31	SAMEA7688736	WELLCOME SANGER INSTITUTE	EBI	PRJEB40665;PRJEB43510;PRJEB43745;PRJEB78320;PRJEB79215;PRJNA533106			no_sra_center
GCA_963854805.1	Plagodis dolabraria	2023-12-15	SAMEA111457906	WELLCOME SANGER INSTITUTE	EBI	PRJEB40665;PRJEB43510;PRJEB43745;PRJEB66013;PRJEB70823;PRJEB71705;PRJNA533106			no_sra_center
GCA_963890685.1	Plagodis pulveraria	2023-12-18	SAMEA112963095	WELLCOME SANGER INSTITUTE	EBI	PRJEB40665;PRJEB43510;PRJEB43745;PRJEB67409;PRJEB71345;PRJEB71705;PRJNA533106			no_sra_center
GCA_950023065.1	Planococcus citri	2023-05-01	SAMEA7523510	WELLCOME SANGER INSTITUTE	EBI	PRJEB40665;PRJEB43510;PRJEB43745;PRJEB60012;PRJEB61558;PRJNA533106			no_sra_center
GCA_965183815.1	Platalea leucorodia	2025-03-04	SAMEA112468120	WELLCOME SANGER INSTITUTE	EBI	PRJEB40665;PRJEB43510;PRJEB43745;PRJEB70851;PRJEB86379;PRJNA489243;PRJNA533106			no_sra_center
GCA_976954525.1	Platanus x hispanica	2025-10-26	SAMEA114564242	WELLCOME SANGER INSTITUTE	EBI	PRJEB40665;PRJEB43510;PRJEB43745;PRJEB92308;PRJEB98040;PRJNA533106			no_sra_center
GCA_949316205.1	Platichthys flesus	2023-04-05	SAMEA110026475	WELLCOME SANGER INSTITUTE	EBI	PRJEB40665;PRJEB43510;PRJEB43745;PRJEB59806;PRJEB60141;PRJNA489243;PRJNA533106			no_sra_center
GCA_963556305.1	Platismatia glauca	2023-10-11	SAMEA8597068	WELLCOME SANGER INSTITUTE	EBI	PRJEB40665;PRJEB43510;PRJEB43745;PRJEB53493;PRJEB67324;PRJNA533106			no_sra_center
GCA_982319465.1	Platycephala planifrons	2026-03-22	SAMEA112963087	WELLCOME SANGER INSTITUTE	EBI	PRJEB110302;PRJEB40665;PRJEB43510;PRJEB43745;PRJEB80198;PRJNA533106			no_sra_center
GCA_916050605.2	Platycheirus albimanus	2022-02-09	SAMEA7520157	WELLCOME SANGER INSTITUTE	EBI	PRJEB40665;PRJEB43510;PRJEB43745;PRJEB45186;PRJEB47514;PRJNA533106			no_sra_center
GCA_963971375.1	Platycheirus rosarum	2024-03-07	SAMEA10979055	WELLCOME SANGER INSTITUTE	EBI	PRJEB40665;PRJEB43510;PRJEB43745;PRJEB65205;PRJEB73523;PRJNA533106			no_sra_center
GCA_933228895.1	Platycnemis pennipes	2022-03-23	SAMEA9065986	WELLCOME SANGER INSTITUTE	EBI	PRJEB40665;PRJEB43510;PRJEB43745;PRJEB50884;PRJEB51587;PRJNA533106			no_sra_center
GCA_978021435.1	Platydracus latebricola	2026-02-01	SAMEA114644942	WELLCOME SANGER INSTITUTE	EBI	PRJEB106586;PRJEB40665;PRJEB43510;PRJEB43745;PRJEB85196;PRJNA533106			no_sra_center
GCA_964277305.1	Platyedra subcinerea	2024-10-28	SAMEA114644458	WELLCOME SANGER INSTITUTE	EBI	PRJEB40665;PRJEB43510;PRJEB43745;PRJEB71705;PRJEB81182;PRJEB81348;PRJNA533106			no_sra_center
GCA_965644165.1	Platyhypnum duriusculum	2025-07-27	SAMEA112690519	WELLCOME SANGER INSTITUTE	EBI	PRJEB40665;PRJEB43510;PRJEB43745;PRJEB89999;PRJEB94090;PRJNA533106			no_sra_center
GCA_982551385.1	Platyptilia gonodactyla	2026-04-25	SAMEA118540035	WELLCOME SANGER INSTITUTE	EBI	PRJEB109886;PRJEB110615;PRJEB40665;PRJEB43510;PRJEB43745;PRJEB71705;PRJNA533106			no_sra_center
GCA_949748235.1	Platypus cylindrus	2023-04-07	SAMEA110019313	WELLCOME SANGER INSTITUTE	EBI	PRJEB40665;PRJEB43510;PRJEB43745;PRJEB59384;PRJEB60808;PRJNA533106			no_sra_center
GCA_977061565.1	Platyrhinus resinosus	2025-11-14	SAMEA10166823	WELLCOME SANGER INSTITUTE	EBI	PRJEB102770;PRJEB40665;PRJEB43510;PRJEB43745;PRJEB77438;PRJNA533106			no_sra_center
GCA_964106875.1	Platystomos albinus	2024-06-06	SAMEA112232584	WELLCOME SANGER INSTITUTE	EBI	PRJEB40665;PRJEB43510;PRJEB43745;PRJEB75287;PRJEB76113;PRJNA533106			no_sra_center
GCA_977071805.1	Platytes cerussella	2025-12-05	SAMEA117491996	WELLCOME SANGER INSTITUTE	EBI	PRJEB102939;PRJEB104310;PRJEB40665;PRJEB43510;PRJEB43745;PRJEB71705;PRJNA533106			no_sra_center
GCA_905404155.3	Plebejus argus	2022-10-25	SAMEA7523294	WELLCOME SANGER INSTITUTE	EBI	PRJEB40665;PRJEB43510;PRJEB43745;PRJEB43805;PRJEB44005;PRJEB71705;PRJNA533106			no_sra_center
GCA_963455305.1	Plecotus auritus	2023-09-20	SAMEA110056142	WELLCOME SANGER INSTITUTE	EBI	PRJEB107229;PRJEB40665;PRJEB43510;PRJEB43745;PRJEB65183;PRJEB65991;PRJNA489243;PRJNA489245;PRJNA533106			no_sra_center
GCA_963576535.1	Plemyria rubiginata	2023-11-03	SAMEA7701302	WELLCOME SANGER INSTITUTE	EBI	PRJEB40665;PRJEB43510;PRJEB43745;PRJEB65207;PRJEB68104;PRJEB71705;PRJNA533106			no_sra_center
GCA_947347685.1	Pleuronectes platessa	2022-11-29	SAMEA13853390	WELLCOME SANGER INSTITUTE	EBI	PRJEB40665;PRJEB43510;PRJEB43745;PRJEB56054;PRJEB57577;PRJNA489243;PRJNA533106			no_sra_center
GCA_971864535.1	Pleurota bicostella	2025-09-14	SAMEA117574369	WELLCOME SANGER INSTITUTE	EBI	PRJEB40665;PRJEB43510;PRJEB43745;PRJEB71705;PRJEB92306;PRJEB96141;PRJNA533106			no_sra_center
GCA_980434285.1	Pleurotus eryngii	2026-02-20	SAMEA8562044	WELLCOME SANGER INSTITUTE	EBI	PRJEB108404;PRJEB40665;PRJEB43510;PRJEB43745;PRJEB55991;PRJNA533106			no_sra_center
GCA_947034855.1	Pleurotus ostreatus	2022-10-07	SAMEA8562045	WELLCOME SANGER INSTITUTE	EBI	PRJEB40665;PRJEB43510;PRJEB43745;PRJEB52213;PRJEB52666;PRJNA533106			no_sra_center
GCA_975705895.1	Pleurozia purpurea	2025-10-07	SAMEA10904304	WELLCOME SANGER INSTITUTE	EBI	PRJEB40665;PRJEB43510;PRJEB43745;PRJEB95081;PRJEB97689;PRJNA533106			no_sra_center
GCA_986708655.1	Plodia interpunctella	2026-08-20	SAMEA7696467	WELLCOME SANGER INSTITUTE	EBI	PRJEB113752;PRJEB120931;PRJEB40665;PRJEB43510;PRJEB43745;PRJEB71705;PRJNA533106			no_sra_center
GCA_950381575.1	Plusia festucae	2023-05-02	SAMEA112198470	WELLCOME SANGER INSTITUTE	EBI	PRJEB40665;PRJEB43510;PRJEB43745;PRJEB61357;PRJEB61766;PRJEB71705;PRJNA533106			no_sra_center
GCA_965282385.1	Plusia putnami	2025-05-18	SAMEA112963212	WELLCOME SANGER INSTITUTE	EBI	PRJEB40665;PRJEB43510;PRJEB43745;PRJEB71705;PRJEB88746;PRJEB89451;PRJNA533106			no_sra_center
GCA_965282475.1	Plusia putnami	2025-05-18	SAMEA112963212	WELLCOME SANGER INSTITUTE	EBI	PRJEB40665;PRJEB43510;PRJEB43745;PRJEB71705;PRJEB88746;PRJEB89452;PRJNA533106			no_sra_center
GCA_932276165.2	Plutella xylostella	2026-01-18	SAMEA7520369	WELLCOME SANGER INSTITUTE	EBI	PRJEB40665;PRJEB43510;PRJEB43745;PRJEB48401;PRJEB51184;PRJEB71705;PRJNA533106			no_sra_center
GCA_964215705.1	Poa chaixii	2024-08-27	SAMEA114389512	WELLCOME SANGER INSTITUTE	EBI	PRJEB40665;PRJEB43510;PRJEB43745;PRJEB77499;PRJEB79011;PRJNA533106			no_sra_center
GCA_963082735.1	Pocota personata	2023-08-09	SAMEA10167087	WELLCOME SANGER INSTITUTE	EBI	PRJEB40665;PRJEB43510;PRJEB43745;PRJEB61333;PRJEB64817;PRJNA533106			no_sra_center
GCA_932274525.1	Podabrus alpinus	2022-03-10	SAMEA7520644	WELLCOME SANGER INSTITUTE	EBI	PRJEB40665;PRJEB43510;PRJEB43745;PRJEB49177;PRJEB51187;PRJNA533106			no_sra_center
GCA_980253055.1	Podagrica fuscicornis	2026-02-28	SAMEA112232653	WELLCOME SANGER INSTITUTE	EBI	PRJEB108297;PRJEB40665;PRJEB43510;PRJEB43745;PRJEB78664;PRJNA533106			no_sra_center
GCA_964188315.1	Podarcis muralis	2024-06-21	SAMEA115336776	WELLCOME SANGER INSTITUTE	European Bioinformatics Institute	PRJEB40665;PRJEB43510;PRJEB43745;PRJEB75878;PRJEB76737;PRJNA489243;PRJNA533106			no_sra_center
GCA_987201445.1	Poecile palustris	2026-09-08	SAMEA118680282	WELLCOME SANGER INSTITUTE	EBI	PRJEB115915;PRJEB122960;PRJEB40665;PRJEB43510;PRJEB43745;PRJNA489243;PRJNA533106			no_sra_center
GCA_947095535.1	Poecilobothrus nobilitatus	2022-10-22	SAMEA10979114	WELLCOME SANGER INSTITUTE	EBI	PRJEB40665;PRJEB43510;PRJEB43745;PRJEB55891;PRJEB56847;PRJEB56853;PRJNA533106			no_sra_center
GCA_963942605.1	Poecilus cupreus	2024-02-09	SAMEA10167047	WELLCOME SANGER INSTITUTE	EBI	PRJEB40665;PRJEB43510;PRJEB43745;PRJEB59298;PRJEB72471;PRJNA533106			no_sra_center
GCA_975573085.1	Pogonatum aloides	2025-10-26	SAMEA112689900	WELLCOME SANGER INSTITUTE	EBI	PRJEB40665;PRJEB43510;PRJEB43745;PRJEB94790;PRJEB96420;PRJNA533106			no_sra_center
GCA_963924545.1	Pogonocherus hispidulus	2024-01-29	SAMEA112232566	WELLCOME SANGER INSTITUTE	EBI	PRJEB40665;PRJEB43510;PRJEB43745;PRJEB61367;PRJEB72078;PRJNA533106			no_sra_center
GCA_965653795.1	Pogonognathellus longicornis	2025-08-03	SAMEA113425822	WELLCOME SANGER INSTITUTE	EBI	PRJEB40665;PRJEB43510;PRJEB43745;PRJEB80651;PRJEB94568;PRJNA533106			no_sra_center
GCA_984658895.1	Pogonus chalceus	2026-06-22	SAMEA115574955	WELLCOME SANGER INSTITUTE	European Bioinformatics Institute	PRJEB114290;PRJEB40665;PRJEB43510;PRJEB43745;PRJEB85432;PRJNA533106			no_sra_center
GCA_977013525.1	Pohlia annotina	2025-11-07	SAMEA112689924	WELLCOME SANGER INSTITUTE	EBI	PRJEB100564;PRJEB40665;PRJEB43510;PRJEB43745;PRJEB97856;PRJNA533106			no_sra_center
GCA_982319405.1	Pohlia cruda	2026-03-22	SAMEA114215007	WELLCOME SANGER INSTITUTE	EBI	PRJEB110076;PRJEB125134;PRJEB40665;PRJEB43510;PRJEB43745;PRJEB80366;PRJEB97858;PRJNA533106			no_sra_center
GCA_973851025.1	Pohlia nutans	2025-10-26	SAMEA114215346	WELLCOME SANGER INSTITUTE	EBI	PRJEB40665;PRJEB43510;PRJEB43745;PRJEB94724;PRJEB96477;PRJNA533106			no_sra_center
GCA_975525915.1	Pohlia wahlenbergii	2025-10-26	SAMEA112690732	WELLCOME SANGER INSTITUTE	EBI	PRJEB40665;PRJEB43510;PRJEB43745;PRJEB94748;PRJEB96421;PRJNA533106			no_sra_center
GCA_988222035.1	Polemochartus liparae	2026-09-02	SAMEA118540511	WELLCOME SANGER INSTITUTE	EBI	PRJEB123448;PRJEB124498;PRJEB40665;PRJEB43510;PRJEB43745;PRJNA533106			no_sra_center
GCA_951329385.1	Polia nebulosa	2023-05-11	SAMEA112198544	WELLCOME SANGER INSTITUTE	EBI	PRJEB40665;PRJEB43510;PRJEB43745;PRJEB61359;PRJEB61950;PRJEB71705;PRJNA533106			no_sra_center
GCA_947397865.1	Polietes domitor	2022-12-04	SAMEA10166795	WELLCOME SANGER INSTITUTE	EBI	PRJEB40665;PRJEB43510;PRJEB43745;PRJEB55492;PRJEB57810;PRJNA533106			no_sra_center
GCA_965226705.2	Polietes lardarius	2026-06-17	SAMEA110451617	WELLCOME SANGER INSTITUTE	EBI	PRJEB40665;PRJEB43510;PRJEB43745;PRJEB81371;PRJEB87569;PRJNA533106			no_sra_center
GCA_988141095.1	Polietes meridionalis	2026-09-09	SAMEA10167070	WELLCOME SANGER INSTITUTE	EBI	PRJEB124037;PRJEB40665;PRJEB43510;PRJEB43745;PRJEB80202;PRJNA533106			no_sra_center
GCA_988225205.1	Polistichus connexus	2026-09-09	SAMEA118559339	WELLCOME SANGER INSTITUTE	EBI	PRJEB121372;PRJEB124731;PRJEB40665;PRJEB43510;PRJEB43745;PRJNA533106			no_sra_center
GCA_949987615.1	Pollachius pollachius	2023-05-03	SAMEA111562038	WELLCOME SANGER INSTITUTE	EBI	PRJEB40665;PRJEB43510;PRJEB43745;PRJEB60645;PRJEB61573;PRJNA489243;PRJNA533106			no_sra_center
GCA_943735925.1	Pollenia amentaria	2022-06-24	SAMEA7746774	WELLCOME SANGER INSTITUTE	EBI	PRJEB40665;PRJEB43510;PRJEB43745;PRJEB52927;PRJEB53307;PRJNA533106			no_sra_center
GCA_930367215.1	Pollenia angustigena	2022-02-13	SAMEA7746597	WELLCOME SANGER INSTITUTE	EBI	PRJEB40665;PRJEB43510;PRJEB43745;PRJEB48114;PRJEB50842;PRJNA533106			no_sra_center
GCA_963931875.1	Pollenia griseotomentosa	2024-02-06	SAMEA112963071	WELLCOME SANGER INSTITUTE	EBI	PRJEB40665;PRJEB43510;PRJEB43745;PRJEB67407;PRJEB72236;PRJNA533106			no_sra_center
GCA_949318255.1	Pollenia labialis	2023-04-08	SAMEA10978724	WELLCOME SANGER INSTITUTE	EBI	PRJEB40665;PRJEB43510;PRJEB43745;PRJEB59147;PRJEB60221;PRJNA533106			no_sra_center
GCA_964300415.1	Pollenia pediculata	2024-10-28	SAMEA113425778	WELLCOME SANGER INSTITUTE	EBI	PRJEB40665;PRJEB43510;PRJEB43745;PRJEB81200;PRJEB81725;PRJNA533106			no_sra_center
GCA_988210235.1	Polyblastus varitarsus	2026-09-03	SAMEA118559984	WELLCOME SANGER INSTITUTE	EBI	PRJEB123759;PRJEB124260;PRJEB40665;PRJEB43510;PRJEB43745;PRJNA533106			no_sra_center
GCA_965278745.1	Polycarpa mamillaris	2025-05-10	SAMEA112789121	WELLCOME SANGER INSTITUTE	EBI	PRJEB40665;PRJEB43510;PRJEB43745;PRJEB77759;PRJEB89282;PRJNA489243;PRJNA533106			no_sra_center
GCA_965278815.1	Polycarpa mamillaris	2025-05-10	SAMEA112789121	WELLCOME SANGER INSTITUTE	EBI	PRJEB40665;PRJEB43510;PRJEB43745;PRJEB77759;PRJEB89281;PRJNA489243;PRJNA533106			no_sra_center
GCA_965240275.1	Polycarpon tetraphyllum	2025-04-14	SAMEA114563470	WELLCOME SANGER INSTITUTE	EBI	PRJEB40665;PRJEB43510;PRJEB43745;PRJEB79888;PRJEB88410;PRJNA533106			no_sra_center
GCA_984589475.1	Polycera quadrilineata	2026-06-22	SAMEA117740000	WELLCOME SANGER INSTITUTE	EBI	PRJEB103910;PRJEB114227;PRJEB40665;PRJEB43510;PRJEB43745;PRJNA533106			no_sra_center
GCA_987217135.1	Polydesmus denticulatus	2026-09-03	SAMEA114644731	WELLCOME SANGER INSTITUTE	EBI	PRJEB110218;PRJEB123207;PRJEB40665;PRJEB43510;PRJEB43745;PRJNA533106			no_sra_center
GCA_935413205.1	Polydrusus cervinus	2022-04-28	SAMEA9359416	WELLCOME SANGER INSTITUTE	EBI	PRJEB40665;PRJEB43510;PRJEB43745;PRJEB51160;PRJEB51933;PRJNA533106			no_sra_center
GCA_984573915.1	Polydrusus formosus	2026-06-15	SAMEA110019316	WELLCOME SANGER INSTITUTE	EBI	PRJEB113505;PRJEB40665;PRJEB43510;PRJEB43745;PRJEB79609;PRJNA533106			no_sra_center
GCA_977013515.1	Polydrusus impressifrons	2025-11-07	SAMEA116354086	WELLCOME SANGER INSTITUTE	EBI	PRJEB100632;PRJEB40665;PRJEB43510;PRJEB43745;PRJEB98536;PRJNA533106			no_sra_center
GCA_963969555.1	Polydrusus pterygomalis	2024-02-26	SAMEA10979043	WELLCOME SANGER INSTITUTE	EBI	PRJEB40665;PRJEB43510;PRJEB43745;PRJEB70847;PRJEB73302;PRJNA533106			no_sra_center
GCA_963920685.1	Polydrusus tereticollis	2023-12-25	SAMEA112963058	WELLCOME SANGER INSTITUTE	EBI	PRJEB40665;PRJEB43510;PRJEB43745;PRJEB64094;PRJEB71550;PRJNA533106			no_sra_center
GCA_963576705.1	Polydrusus tereticollis	2023-11-03	SAMEA110451653	WELLCOME SANGER INSTITUTE	EBI	PRJEB40665;PRJEB43510;PRJEB43745;PRJEB64094;PRJEB68123;PRJNA533106			no_sra_center
GCA_965641355.1	Polygala serpyllifolia	2025-07-09	SAMEA111431179	WELLCOME SANGER INSTITUTE	EBI	PRJEB40665;PRJEB43510;PRJEB43745;PRJEB80415;PRJEB91869;PRJNA533106			no_sra_center
GCA_934048045.1	Polygonum aviculare	2022-03-27	SAMEA7522628	WELLCOME SANGER INSTITUTE	EBI	PRJEB125134;PRJEB40665;PRJEB43510;PRJEB43745;PRJEB47313;PRJEB51791;PRJEB80366;PRJNA533106			no_sra_center
GCA_963924305.1	Polygonum maritimum	2024-01-22	SAMEA112287488	WELLCOME SANGER INSTITUTE	EBI	PRJEB40665;PRJEB43510;PRJEB43745;PRJEB71702;PRJEB71984;PRJNA533106			no_sra_center
GCA_949987655.1	Polymixis flavicincta	2023-05-03	SAMEA111457890	WELLCOME SANGER INSTITUTE	EBI	PRJEB40665;PRJEB43510;PRJEB43745;PRJEB60651;PRJEB61563;PRJEB71705;PRJNA533106			no_sra_center
GCA_949091785.1	Polymixis lichenea	2023-02-03	SAMEA111458575	WELLCOME SANGER INSTITUTE	EBI	PRJEB40665;PRJEB43510;PRJEB43745;PRJEB59081;PRJEB59339;PRJEB71705;PRJNA533106			no_sra_center
GCA_937595015.1	Polyommatus icarus	2022-05-03	SAMEA7523143	WELLCOME SANGER INSTITUTE	EBI	PRJEB40665;PRJEB43510;PRJEB43745;PRJEB51269;PRJEB52237;PRJEB71705;PRJNA533106			no_sra_center
GCA_951394255.1	Polyploca ridens	2023-06-15	SAMEA10107022	WELLCOME SANGER INSTITUTE	EBI	PRJEB40665;PRJEB43510;PRJEB43745;PRJEB61605;PRJEB62064;PRJEB71705;PRJNA533106			no_sra_center
GCA_964656525.1	Polypogon plumigeralis	2025-01-02	SAMEA115574949	WELLCOME SANGER INSTITUTE	European Bioinformatics Institute	PRJEB40665;PRJEB43510;PRJEB43745;PRJEB71705;PRJEB81654;PRJEB83430;PRJNA533106			no_sra_center
GCA_964234905.1	Polypogon viridis	2024-08-31	SAMEA10369525	WELLCOME SANGER INSTITUTE	EBI	PRJEB40665;PRJEB43510;PRJEB43745;PRJEB78640;PRJEB79074;PRJNA533106			no_sra_center
GCA_964261855.1	Polytribax perspicillator	2024-09-11	SAMEA111458578	WELLCOME SANGER INSTITUTE	EBI	PRJEB40665;PRJEB43510;PRJEB43745;PRJEB60307;PRJEB79833;PRJNA533106			no_sra_center
GCA_984886295.1	Polytrichastrum alpinum	2026-07-04	SAMEA13832444	WELLCOME SANGER INSTITUTE	EBI	PRJEB110266;PRJEB114682;PRJEB40665;PRJEB43510;PRJEB43745;PRJNA533106			no_sra_center
GCA_965127125.2	Polytrichastrum sexangulare	2025-10-26	SAMEA13832669	WELLCOME SANGER INSTITUTE	EBI	PRJEB40665;PRJEB43510;PRJEB43745;PRJEB80447;PRJEB85555;PRJNA533106			no_sra_center
GCA_950295325.2	Polytrichum commune	2024-10-09	SAMEA7699407	WELLCOME SANGER INSTITUTE	EBI	PRJEB40665;PRJEB43510;PRJEB43745;PRJEB53505;PRJEB61756;PRJNA533106			no_sra_center
GCA_964035585.2	Polytrichum formosum	2024-11-22	SAMEA10332296	WELLCOME SANGER INSTITUTE	EBI	PRJEB40665;PRJEB43510;PRJEB43745;PRJEB73437;PRJEB75348;PRJNA533106			no_sra_center
GCA_977013085.1	Polytrichum juniperinum	2025-11-07	SAMEA112690324	WELLCOME SANGER INSTITUTE	EBI	PRJEB101219;PRJEB40665;PRJEB43510;PRJEB43745;PRJEB97860;PRJNA533106			no_sra_center
GCA_975525945.1	Polytrichum piliferum	2025-10-26	SAMEA114214764	WELLCOME SANGER INSTITUTE	EBI	PRJEB40665;PRJEB43510;PRJEB43745;PRJEB94792;PRJEB96422;PRJNA533106			no_sra_center
GCA_977013495.1	Polytrichum strictum	2025-11-08	SAMEA112689852	WELLCOME SANGER INSTITUTE	EBI	PRJEB100565;PRJEB40665;PRJEB43510;PRJEB43745;PRJEB92312;PRJEB97862;PRJNA533106			no_sra_center
GCA_985198555.1	Pontederia cordata	2026-07-04	SAMEA7522293	WELLCOME SANGER INSTITUTE	EBI	PRJEB112711;PRJEB114781;PRJEB40665;PRJEB43510;PRJEB43745;PRJNA533106			no_sra_center
GCA_987357715.1	Populicerus laminatus	2026-09-08	SAMEA112232649	WELLCOME SANGER INSTITUTE	EBI	PRJEB122671;PRJEB123540;PRJEB40665;PRJEB43510;PRJEB43745;PRJNA533106			no_sra_center
GCA_986449075.1	Populus alba	2026-08-22	SAMEA10369458	WELLCOME SANGER INSTITUTE	EBI	PRJEB113756;PRJEB116023;PRJEB40665;PRJEB43510;PRJEB43745;PRJNA533106			no_sra_center
GCA_951802175.1	Populus nigra	2023-05-27	SAMEA110450206	WELLCOME SANGER INSTITUTE	EBI	PRJEB40665;PRJEB43510;PRJEB43745;PRJEB62046;PRJEB62629;PRJNA533106			no_sra_center
GCA_964106015.1	Populus tremula	2024-06-06	SAMEA9335099	WELLCOME SANGER INSTITUTE	EBI	PRJEB125134;PRJEB40665;PRJEB43510;PRJEB43745;PRJEB73735;PRJEB76017;PRJEB80366;PRJNA533106			no_sra_center
GCA_974392495.1	Porella arboris-vitae	2025-10-13	SAMEA10982994	WELLCOME SANGER INSTITUTE	EBI	PRJEB40665;PRJEB43510;PRJEB43745;PRJEB95083;PRJEB97718;PRJNA533106			no_sra_center
GCA_951640195.1	Porpolomopsis calyptriformis	2023-05-18	SAMEA110757370	WELLCOME SANGER INSTITUTE	EBI	PRJEB40665;PRJEB43510;PRJEB43745;PRJEB61698;PRJEB62198;PRJNA533106			no_sra_center
GCA_949715645.1	Portevinia maculata	2023-04-08	SAMEA10166847	WELLCOME SANGER INSTITUTE	EBI	PRJEB40665;PRJEB43510;PRJEB43745;PRJEB58242;PRJEB60765;PRJNA533106			no_sra_center
GCA_975146125.1	Potamogeton compressus	2025-10-26	SAMEA116348562	WELLCOME SANGER INSTITUTE	EBI	PRJEB125134;PRJEB40665;PRJEB43510;PRJEB43745;PRJEB80366;PRJEB91199;PRJEB96829;PRJNA533106			no_sra_center
GCA_965783375.2	Potamogeton crispus	2026-03-20	SAMEA114389496	WELLCOME SANGER INSTITUTE	EBI	PRJEB40665;PRJEB43510;PRJEB43745;PRJEB91201;PRJEB95129;PRJNA533106			no_sra_center
GCA_976917975.1	Potamogeton epihydrus	2025-10-26	SAMEA116348550	WELLCOME SANGER INSTITUTE	EBI	PRJEB40665;PRJEB43510;PRJEB43745;PRJEB94674;PRJEB97153;PRJNA533106			no_sra_center
GCA_976919295.1	Potamogeton epihydrus	2025-10-26	SAMEA116348550	WELLCOME SANGER INSTITUTE	EBI	PRJEB40665;PRJEB43510;PRJEB43745;PRJEB94674;PRJEB97152;PRJNA533106			no_sra_center
GCA_965644075.1	Potamogeton lucens	2025-07-27	SAMEA116348561	WELLCOME SANGER INSTITUTE	EBI	PRJEB40665;PRJEB43510;PRJEB43745;PRJEB91195;PRJEB94100;PRJNA533106			no_sra_center
GCA_965203715.2	Potamogeton natans	2025-10-26	SAMEA11478520	WELLCOME SANGER INSTITUTE	EBI	PRJEB125134;PRJEB40665;PRJEB43510;PRJEB43745;PRJEB80366;PRJEB84432;PRJEB86921;PRJNA533106			no_sra_center
GCA_976984665.1	Potamogeton nodosus	2025-10-26	SAMEA116348551	WELLCOME SANGER INSTITUTE	EBI	PRJEB40665;PRJEB43510;PRJEB43745;PRJEB91088;PRJEB98292;PRJNA533106			no_sra_center
GCA_977036025.1	Potamogeton perfoliatus	2025-11-13	SAMEA114782742	WELLCOME SANGER INSTITUTE	EBI	PRJEB102022;PRJEB102690;PRJEB125134;PRJEB40665;PRJEB43510;PRJEB43745;PRJEB80366;PRJNA533106			no_sra_center
GCA_965644125.1	Potamogeton pusillus	2025-07-27	SAMEA114782718	WELLCOME SANGER INSTITUTE	EBI	PRJEB40665;PRJEB43510;PRJEB43745;PRJEB91197;PRJEB94102;PRJNA533106			no_sra_center
GCA_965663725.1	Potamogeton trichoides	2025-08-23	SAMEA114782721	WELLCOME SANGER INSTITUTE	EBI	PRJEB40665;PRJEB43510;PRJEB43745;PRJEB91086;PRJEB94997;PRJNA533106			no_sra_center
GCA_977071035.1	Potentilla anglica	2025-11-29	SAMEA114564163	WELLCOME SANGER INSTITUTE	EBI	PRJEB104220;PRJEB40665;PRJEB43510;PRJEB43745;PRJEB85360;PRJNA533106			no_sra_center
GCA_965119345.1	Potentilla indica	2025-01-31	SAMEA114563329	WELLCOME SANGER INSTITUTE	EBI	PRJEB40665;PRJEB43510;PRJEB43745;PRJEB81642;PRJEB85313;PRJNA533106			no_sra_center
GCA_963682095.1	Potentilla sterilis	2023-12-07	SAMEA110449341	WELLCOME SANGER INSTITUTE	EBI	PRJEB40665;PRJEB43510;PRJEB43745;PRJEB68274;PRJEB70545;PRJNA533106			no_sra_center
GCA_977066585.1	Prays fraxinella	2025-11-27	SAMEA117575328	WELLCOME SANGER INSTITUTE	EBI	PRJEB104069;PRJEB40665;PRJEB43510;PRJEB43745;PRJEB71705;PRJEB97534;PRJNA533106			no_sra_center
GCA_978041845.1	Primula farinosa	2026-01-29	SAMEA110449363	WELLCOME SANGER INSTITUTE	EBI	PRJEB104566;PRJEB106861;PRJEB40665;PRJEB43510;PRJEB43745;PRJNA533106			no_sra_center
GCA_965240305.1	Primula scotica	2025-04-14	SAMEA10332245	WELLCOME SANGER INSTITUTE	EBI	PRJEB40665;PRJEB43510;PRJEB43745;PRJEB76532;PRJEB88413;PRJNA533106			no_sra_center
GCA_965240245.1	Primula scotica	2025-04-14	SAMEA10332245	WELLCOME SANGER INSTITUTE	EBI	PRJEB40665;PRJEB43510;PRJEB43745;PRJEB76532;PRJEB88412;PRJNA533106			no_sra_center
GCA_963682055.1	Primula veris	2023-12-06	SAMEA110449268	WELLCOME SANGER INSTITUTE	EBI	PRJEB125134;PRJEB40665;PRJEB43510;PRJEB43745;PRJEB68390;PRJEB70558;PRJEB80366;PRJNA533106			no_sra_center
GCA_963920805.1	Primula vulgaris	2023-12-25	SAMEA9143021	WELLCOME SANGER INSTITUTE	EBI	PRJEB40665;PRJEB43510;PRJEB43745;PRJEB70990;PRJEB71554;PRJNA533106			no_sra_center
GCA_963942575.1	Priocnemis perturbator	2024-02-09	SAMEA110451618	WELLCOME SANGER INSTITUTE	EBI	PRJEB40665;PRJEB43510;PRJEB43745;PRJEB61485;PRJEB72469;PRJNA533106			no_sra_center
GCA_986885745.1	Prionocera turcica	2026-09-01	SAMEA118540522	WELLCOME SANGER INSTITUTE	EBI	PRJEB112962;PRJEB121013;PRJEB125134;PRJEB40665;PRJEB43510;PRJEB43745;PRJEB80366;PRJNA533106			no_sra_center
GCA_965648515.1	Prionocyphon serricornis	2025-07-28	SAMEA114806000	WELLCOME SANGER INSTITUTE	EBI	PRJEB40665;PRJEB43510;PRJEB43745;PRJEB80659;PRJEB94376;PRJNA533106			no_sra_center
GCA_965648555.1	Prionocyphon serricornis	2025-07-28	SAMEA114806000	WELLCOME SANGER INSTITUTE	EBI	PRJEB40665;PRJEB43510;PRJEB43745;PRJEB80659;PRJEB94377;PRJNA533106			no_sra_center
GCA_965112505.1	Prionychus ater	2025-01-23	SAMEA112221776	WELLCOME SANGER INSTITUTE	EBI	PRJEB40665;PRJEB43510;PRJEB43745;PRJEB78953;PRJEB84216;PRJNA533106			no_sra_center
GCA_965282545.1	Procloeon bifidum	2025-05-18	SAMEA112222162	WELLCOME SANGER INSTITUTE	EBI	PRJEB40665;PRJEB43510;PRJEB43745;PRJEB73661;PRJEB89483;PRJNA533106			no_sra_center
GCA_965283325.1	Promethes sulcator	2025-05-18	SAMEA110021798	WELLCOME SANGER INSTITUTE	EBI	PRJEB40665;PRJEB43510;PRJEB43745;PRJEB84440;PRJEB89570;PRJNA533106			no_sra_center
GCA_976925235.1	Propylea quattuordecimpunctata	2025-10-26	SAMEA7520316	WELLCOME SANGER INSTITUTE	EBI	PRJEB40665;PRJEB43510;PRJEB43745;PRJEB66762;PRJEB97233;PRJNA533106			no_sra_center
GCA_982551655.1	Prosena siberita	2026-04-27	SAMEA111458161	WELLCOME SANGER INSTITUTE	EBI	PRJEB110584;PRJEB40665;PRJEB43510;PRJEB43745;PRJEB97747;PRJNA533106			no_sra_center
GCA_977035895.1	Protarchanara brevilinea	2025-11-13	SAMEA117491998	WELLCOME SANGER INSTITUTE	EBI	PRJEB100905;PRJEB102688;PRJEB40665;PRJEB43510;PRJEB43745;PRJEB71705;PRJNA533106			no_sra_center
GCA_932274085.1	Protocalliphora azurea	2022-03-10	SAMEA7746778	WELLCOME SANGER INSTITUTE	EBI	PRJEB40665;PRJEB43510;PRJEB43745;PRJEB48588;PRJEB51197;PRJNA533106			no_sra_center
GCA_974939455.1	Protoclythia modesta	2025-10-26	SAMEA113425804	WELLCOME SANGER INSTITUTE	EBI	PRJEB40665;PRJEB43510;PRJEB43745;PRJEB74583;PRJEB96769;PRJNA533106			no_sra_center
GCA_936450705.2	Protodeltote pygarga	2022-09-22	SAMEA7631560	WELLCOME SANGER INSTITUTE	EBI	PRJEB40665;PRJEB43510;PRJEB43745;PRJEB51452;PRJEB52081;PRJEB71705;PRJNA533106			no_sra_center
GCA_947568835.1	Protonemura montana	2022-12-16	SAMEA110034691	WELLCOME SANGER INSTITUTE	EBI	PRJEB40665;PRJEB43510;PRJEB43745;PRJEB56617;PRJEB58209;PRJNA533106			no_sra_center
GCA_951394005.1	Protophormia terraenovae	2023-05-13	SAMEA111457915	WELLCOME SANGER INSTITUTE	EBI	PRJEB40665;PRJEB43510;PRJEB43745;PRJEB59294;PRJEB62014;PRJNA533106			no_sra_center
GCA_988280745.1	Prunella modularis	2026-09-17	SAMEA117632801	WELLCOME SANGER INSTITUTE	EBI	PRJEB126644;PRJEB40665;PRJEB43510;PRJEB43745;PRJEB98758;PRJNA489243;PRJNA533106			no_sra_center
GCA_965154465.2	Prunella vulgaris	2025-10-25	SAMEA9335246	WELLCOME SANGER INSTITUTE	EBI	PRJEB125134;PRJEB40665;PRJEB43510;PRJEB43745;PRJEB80366;PRJEB81023;PRJEB86078;PRJNA533106			no_sra_center
GCA_965154595.2	Prunella vulgaris	2025-10-25	SAMEA9335246	WELLCOME SANGER INSTITUTE	EBI	PRJEB125134;PRJEB40665;PRJEB43510;PRJEB43745;PRJEB80366;PRJEB81023;PRJEB86079;PRJNA533106			no_sra_center
GCA_965620075.1	Prunus avium	2025-07-08	SAMEA114214473	WELLCOME SANGER INSTITUTE	EBI	PRJEB125134;PRJEB40665;PRJEB43510;PRJEB43745;PRJEB73958;PRJEB80366;PRJEB91074;PRJNA533106			no_sra_center
GCA_988322945.1	Prunus lusitanica	2026-10-03	SAMEA11478537	WELLCOME SANGER INSTITUTE	EBI	PRJEB123998;PRJEB127709;PRJEB40665;PRJEB43510;PRJEB43745;PRJNA533106			no_sra_center
GCA_988322955.1	Prunus lusitanica	2026-10-03	SAMEA11478537	WELLCOME SANGER INSTITUTE	EBI	PRJEB123998;PRJEB127708;PRJEB40665;PRJEB43510;PRJEB43745;PRJNA533106			no_sra_center
GCA_964059315.1	Prunus padus	2024-06-05	SAMEA110449347	WELLCOME SANGER INSTITUTE	EBI	PRJEB125134;PRJEB40665;PRJEB43510;PRJEB43745;PRJEB73669;PRJEB75998;PRJEB80366;PRJNA533106			no_sra_center
GCA_976981965.1	Psallus varians	2025-10-09	SAMEA114644917	WELLCOME SANGER INSTITUTE	EBI	PRJEB40665;PRJEB43510;PRJEB43745;PRJEB97300;PRJEB98218;PRJNA533106			no_sra_center
GCA_988265185.1	Psathyrella piluliformis	2026-09-14	SAMEA113940629	WELLCOME SANGER INSTITUTE	EBI	PRJEB112314;PRJEB124537;PRJEB40665;PRJEB43510;PRJEB43745;PRJNA533106			no_sra_center
GCA_963920635.1	Pseudeuparius sepicola	2023-12-25	SAMEA112964203	WELLCOME SANGER INSTITUTE	EBI	PRJEB40665;PRJEB43510;PRJEB43745;PRJEB67415;PRJEB71547;PRJNA533106			no_sra_center
GCA_981404405.1	Pseudisothecium interludens	2026-03-01	SAMEA114215362	WELLCOME SANGER INSTITUTE	EBI	PRJEB108750;PRJEB40665;PRJEB43510;PRJEB43745;PRJEB80445;PRJNA533106			no_sra_center
GCA_951799445.1	Pseudisothecium myosuroides	2023-05-27	SAMEA111266033	WELLCOME SANGER INSTITUTE	EBI	PRJEB40665;PRJEB43510;PRJEB43745;PRJEB61206;PRJEB62538;PRJNA533106			no_sra_center
GCA_988221675.1	Pseudobryum cinclidioides	2026-09-09	SAMEA13831619	WELLCOME SANGER INSTITUTE	EBI	PRJEB123703;PRJEB124448;PRJEB40665;PRJEB43510;PRJEB43745;PRJNA533106			no_sra_center
GCA_982374695.1	Pseudochorthippus parallelus	2026-04-16	SAMEA114644862	WELLCOME SANGER INSTITUTE	EBI	PRJEB110880;PRJEB40665;PRJEB43510;PRJEB43745;PRJEB55932;PRJNA533106			no_sra_center
GCA_965601595.1	Pseudocistela ceramboides	2025-07-07	SAMEA112964267	WELLCOME SANGER INSTITUTE	EBI	PRJEB40665;PRJEB43510;PRJEB43745;PRJEB75870;PRJEB90520;PRJNA533106			no_sra_center
GCA_987488675.1	Pseudococcyx turionella	2026-09-03	SAMEA120504634	WELLCOME SANGER INSTITUTE	EBI	PRJEB118599;PRJEB123687;PRJEB40665;PRJEB43510;PRJEB43745;PRJEB71705;PRJNA533106			no_sra_center
GCA_963422505.1	Pseudognaphalium luteoalbum	2023-09-12	SAMEA14449591	WELLCOME SANGER INSTITUTE	EBI	PRJEB40665;PRJEB43510;PRJEB43745;PRJEB64724;PRJEB65838;PRJNA533106			no_sra_center
GCA_951640165.1	Pseudoips prasinana	2023-05-18	SAMEA7631558	WELLCOME SANGER INSTITUTE	EBI	PRJEB40665;PRJEB43510;PRJEB43745;PRJEB61694;PRJEB62203;PRJEB71705;PRJNA533106			no_sra_center
GCA_963556185.1	Pseudopediastrum boryanum	2023-10-11	SAMEA8100062	WELLCOME SANGER INSTITUTE	EBI	PRJEB40665;PRJEB43510;PRJEB43745;PRJEB61347;PRJEB67283;PRJNA533106			no_sra_center
GCA_988240725.1	Pseudopodospermum hispanicum	2026-09-10	SAMEA121641821	WELLCOME SANGER INSTITUTE	EBI	PRJEB124345;PRJEB125134;PRJEB125561;PRJEB40665;PRJEB43510;PRJEB43745;PRJEB80366;PRJNA533106			no_sra_center
GCA_976240245.1	Pseudosciaphila branderiana	2025-10-26	SAMEA117491985	WELLCOME SANGER INSTITUTE	EBI	PRJEB40665;PRJEB43510;PRJEB43745;PRJEB71705;PRJEB97044;PRJEB97924;PRJNA533106			no_sra_center
GCA_963969395.1	Pseudoscleropodium purum	2024-02-27	SAMEA10332272	WELLCOME SANGER INSTITUTE	EBI	PRJEB40665;PRJEB43510;PRJEB43745;PRJEB65219;PRJEB72894;PRJNA533106			no_sra_center
GCA_965234895.1	Pseudoswammerdamia combinella	2025-04-06	SAMEA112221834	WELLCOME SANGER INSTITUTE	EBI	PRJEB40665;PRJEB43510;PRJEB43745;PRJEB71705;PRJEB74994;PRJEB88102;PRJNA533106			no_sra_center
GCA_965240295.2	Pseudotaxiphyllum elegans	2025-10-16	SAMEA111383887	WELLCOME SANGER INSTITUTE	EBI	PRJEB40665;PRJEB43510;PRJEB43745;PRJEB82533;PRJEB88407;PRJNA533106			no_sra_center
GCA_986173155.1	Pseudoterpna pruinata	2026-06-27	SAMEA118768003	WELLCOME SANGER INSTITUTE	EBI	PRJEB113382;PRJEB115234;PRJEB40665;PRJEB43510;PRJEB43745;PRJEB71705;PRJNA533106			no_sra_center
GCA_988280925.1	Psittacula krameri	2026-09-17	SAMEA118680467	WELLCOME SANGER INSTITUTE	EBI	PRJEB121290;PRJEB126645;PRJEB40665;PRJEB43510;PRJEB43745;PRJNA489243;PRJNA533106			no_sra_center
GCA_963971405.1	Psococerastis gibbosa	2024-03-07	SAMEA112232508	WELLCOME SANGER INSTITUTE	EBI	PRJEB40665;PRJEB43510;PRJEB43745;PRJEB71621;PRJEB73526;PRJNA533106			no_sra_center
GCA_973845075.1	Psychoides filicivora	2025-10-08	SAMEA115574542	WELLCOME SANGER INSTITUTE	EBI	PRJEB40665;PRJEB43510;PRJEB43745;PRJEB71705;PRJEB94700;PRJEB96543;PRJNA533106			no_sra_center
GCA_974013035.1	Psychoides filicivora	2025-10-12	SAMEA115574542	WELLCOME SANGER INSTITUTE	EBI	PRJEB40665;PRJEB43510;PRJEB43745;PRJEB71705;PRJEB94700;PRJEB96542;PRJNA533106			no_sra_center
GCA_964204945.1	Pterapherapteryx sexalata	2024-07-27	SAMEA112964069	WELLCOME SANGER INSTITUTE	EBI	PRJEB40665;PRJEB43510;PRJEB43745;PRJEB71705;PRJEB73968;PRJEB78416;PRJNA533106			no_sra_center
GCA_965278105.2	Pterigynandrum filiforme	2026-04-27	SAMEA114782838	WELLCOME SANGER INSTITUTE	EBI	PRJEB40665;PRJEB43510;PRJEB43745;PRJEB80441;PRJEB89197;PRJNA533106			no_sra_center
GCA_988137225.1	Pterophorus pentadactyla	2026-09-03	SAMEA115163357	WELLCOME SANGER INSTITUTE	EBI	PRJEB112316;PRJEB124048;PRJEB40665;PRJEB43510;PRJEB43745;PRJEB71705;PRJNA533106			no_sra_center
GCA_988137125.1	Pterophorus pentadactyla	2026-09-02	SAMEA115163357	WELLCOME SANGER INSTITUTE	EBI	PRJEB112316;PRJEB124047;PRJEB40665;PRJEB43510;PRJEB43745;PRJEB71705;PRJNA533106			no_sra_center
GCA_976289695.1	Pterostichus diligens	2025-10-26	SAMEA114805602	WELLCOME SANGER INSTITUTE	EBI	PRJEB40665;PRJEB43510;PRJEB43745;PRJEB83537;PRJEB96225;PRJNA533106			no_sra_center
GCA_911728475.2	Pterostichus madidus	2022-02-09	SAMEA7520318	WELLCOME SANGER INSTITUTE	EBI	PRJEB40665;PRJEB43510;PRJEB43745;PRJEB45192;PRJEB46627;PRJNA533106			no_sra_center
GCA_947425015.1	Pterostichus niger	2022-12-04	SAMEA14448385	WELLCOME SANGER INSTITUTE	EBI	PRJEB40665;PRJEB43510;PRJEB43745;PRJEB56056;PRJEB57831;PRJNA533106			no_sra_center
GCA_986341775.1	Pterostichus nigrita	2026-08-22	SAMEA118540126	WELLCOME SANGER INSTITUTE	EBI	PRJEB103046;PRJEB115801;PRJEB40665;PRJEB43510;PRJEB43745;PRJNA533106			no_sra_center
GCA_965283465.1	Pterostichus vernalis	2025-05-18	SAMEA10107097	WELLCOME SANGER INSTITUTE	EBI	PRJEB40665;PRJEB43510;PRJEB43745;PRJEB59402;PRJEB89592;PRJNA533106			no_sra_center
GCA_965198555.1	Pterostoma palpinum	2025-03-13	SAMEA111458010	WELLCOME SANGER INSTITUTE	EBI	PRJEB40665;PRJEB43510;PRJEB43745;PRJEB71705;PRJEB85390;PRJEB86832;PRJNA533106			no_sra_center
GCA_965642335.2	Ptilidium ciliare	2026-04-04	SAMEA114215203	WELLCOME SANGER INSTITUTE	EBI	PRJEB40665;PRJEB43510;PRJEB43745;PRJEB90010;PRJEB93837;PRJNA533106			no_sra_center
GCA_914767695.1	Ptilodon capucinus	2021-09-16	SAMEA7746620	WELLCOME SANGER INSTITUTE	EBI	PRJEB40665;PRJEB43510;PRJEB43745;PRJEB46308;PRJEB47357;PRJEB71705;PRJNA533106			no_sra_center
GCA_964605925.1	Ptilodon cucullina	2025-01-02	SAMEA115575022	WELLCOME SANGER INSTITUTE	European Bioinformatics Institute	PRJEB40665;PRJEB43510;PRJEB43745;PRJEB71705;PRJEB82531;PRJEB83265;PRJNA533106			no_sra_center
GCA_964304645.1	Ptilophora plumigera	2024-11-07	SAMEA114805855	WELLCOME SANGER INSTITUTE	EBI	PRJEB40665;PRJEB43510;PRJEB43745;PRJEB71705;PRJEB81592;PRJEB82084;PRJNA533106			no_sra_center
GCA_965641935.1	Ptycholoma lecheana	2025-07-19	SAMEA112232627	WELLCOME SANGER INSTITUTE	EBI	PRJEB40665;PRJEB43510;PRJEB43745;PRJEB71705;PRJEB79541;PRJEB92169;PRJNA533106			no_sra_center
GCA_973851085.1	Ptychomitrium polyphyllum	2025-10-09	SAMEA10904370	WELLCOME SANGER INSTITUTE	EBI	PRJEB40665;PRJEB43510;PRJEB43745;PRJEB94798;PRJEB96478;PRJNA533106			no_sra_center
GCA_961205885.1	Ptychoptera albimana	2023-07-28	SAMEA9359406	WELLCOME SANGER INSTITUTE	EBI	PRJEB40665;PRJEB43510;PRJEB43745;PRJEB61915;PRJEB64609;PRJNA533106			no_sra_center
GCA_963942525.1	Ptychoptera contaminata	2024-02-09	SAMEA112232596	WELLCOME SANGER INSTITUTE	EBI	PRJEB40665;PRJEB43510;PRJEB43745;PRJEB65380;PRJEB72460;PRJNA533106			no_sra_center
GCA_984573375.1	Ptychoptera lacustris	2026-06-15	SAMEA114644983	WELLCOME SANGER INSTITUTE	EBI	PRJEB113543;PRJEB40665;PRJEB43510;PRJEB43745;PRJEB97548;PRJNA533106			no_sra_center
GCA_973799455.1	Ptychostomum capillare	2025-10-25	SAMEA114782794	WELLCOME SANGER INSTITUTE	EBI	PRJEB40665;PRJEB43510;PRJEB43745;PRJEB94752;PRJEB96541;PRJNA533106			no_sra_center
GCA_976926415.1	Ptychostomum cyclophyllum	2025-10-26	SAMEA115550993	WELLCOME SANGER INSTITUTE	EBI	PRJEB40665;PRJEB43510;PRJEB43745;PRJEB94794;PRJEB97228;PRJNA533106			no_sra_center
GCA_984653255.1	Ptychostomum knowltonii	2026-06-22	SAMEA117801550	WELLCOME SANGER INSTITUTE	EBI	PRJEB110158;PRJEB114266;PRJEB40665;PRJEB43510;PRJEB43745;PRJNA533106			no_sra_center
GCA_976225435.1	Ptychostomum moravicum	2025-10-26	SAMEA114782886	WELLCOME SANGER INSTITUTE	EBI	PRJEB40665;PRJEB43510;PRJEB43745;PRJEB96552;PRJEB97889;PRJNA533106			no_sra_center
GCA_977963955.1	Ptychostomum pallens	2026-02-01	SAMEA114782919	WELLCOME SANGER INSTITUTE	EBI	PRJEB105340;PRJEB40665;PRJEB43510;PRJEB43745;PRJEB94796;PRJNA533106			no_sra_center
GCA_987198025.1	Puffinus puffinus	2026-09-08	SAMEA118680465	WELLCOME SANGER INSTITUTE	EBI	PRJEB107001;PRJEB122738;PRJEB40665;PRJEB43510;PRJEB43745;PRJNA489243;PRJNA533106			no_sra_center
GCA_947179395.2	Pulicaria dysenterica	2022-12-06	SAMEA7522051	WELLCOME SANGER INSTITUTE	EBI	PRJEB40665;PRJEB43510;PRJEB43745;PRJEB50479;PRJEB56973;PRJNA533106			no_sra_center
GCA_977013335.1	Pulvigera lyellii	2025-11-07	SAMEA115552103	WELLCOME SANGER INSTITUTE	European Bioinformatics Institute	PRJEB100760;PRJEB40665;PRJEB43510;PRJEB43745;PRJEB97854;PRJNA533106			no_sra_center
GCA_982340855.1	Pungeleria capreolaria	2026-03-23	SAMEA118260435	WELLCOME SANGER INSTITUTE	EBI	PRJEB105509;PRJEB110389;PRJEB40665;PRJEB43510;PRJEB43745;PRJEB71705;PRJNA533106			no_sra_center
GCA_949316345.1	Pungitius pungitius	2023-04-08	SAMEA11296545	WELLCOME SANGER INSTITUTE	EBI	PRJEB107229;PRJEB40665;PRJEB43510;PRJEB43745;PRJEB59310;PRJEB60134;PRJNA489243;PRJNA533106			no_sra_center
GCA_988323435.1	Pusa hispida	2026-10-03	SAMEA120960981	WELLCOME SANGER INSTITUTE	EBI	PRJEB124309;PRJEB127771;PRJEB40665;PRJEB43510;PRJEB43745;PRJNA489243;PRJNA533106			no_sra_center
GCA_966112915.1	Pycnoclavella producta	2025-08-23	SAMEA112964441	WELLCOME SANGER INSTITUTE	EBI	PRJEB40665;PRJEB43510;PRJEB43745;PRJEB80433;PRJEB95795;PRJNA533106			no_sra_center
GCA_963924575.1	Pycnomerus fuliginosus	2024-01-29	SAMEA11024993	WELLCOME SANGER INSTITUTE	EBI	PRJEB40665;PRJEB43510;PRJEB43745;PRJEB59804;PRJEB72072;PRJNA533106			no_sra_center
GCA_987196485.1	Pycnonotus jocosus	2026-09-08	SAMEA118680504	WELLCOME SANGER INSTITUTE	EBI	PRJEB113734;PRJEB122740;PRJEB40665;PRJEB43510;PRJEB43745;PRJNA489243;PRJNA533106			no_sra_center
GCA_947507595.1	Pyralis farinalis	2022-12-06	SAMEA11025017	WELLCOME SANGER INSTITUTE	EBI	PRJEB40665;PRJEB43510;PRJEB43745;PRJEB55733;PRJEB57966;PRJEB71705;PRJNA533106			no_sra_center
GCA_963584085.1	Pyrausta aurata	2023-11-05	SAMEA111458427	WELLCOME SANGER INSTITUTE	EBI	PRJEB40665;PRJEB43510;PRJEB43745;PRJEB63418;PRJEB68171;PRJEB71705;PRJNA533106			no_sra_center
GCA_963921415.1	Pyrausta despicata	2024-01-10	SAMEA111458735	WELLCOME SANGER INSTITUTE	EBI	PRJEB40665;PRJEB43510;PRJEB43745;PRJEB65670;PRJEB71705;PRJEB71729;PRJNA533106			no_sra_center
GCA_949316185.1	Pyrausta nigrata	2023-03-10	SAMEA111458024	WELLCOME SANGER INSTITUTE	EBI	PRJEB40665;PRJEB43510;PRJEB43745;PRJEB59802;PRJEB60128;PRJEB71705;PRJNA533106			no_sra_center
GCA_963924145.1	Pyrausta purpuralis	2024-01-19	SAMEA111458019	WELLCOME SANGER INSTITUTE	EBI	PRJEB40665;PRJEB43510;PRJEB43745;PRJEB65710;PRJEB71705;PRJEB71933;PRJNA533106			no_sra_center
GCA_911387765.1	Pyrgus malvae	2021-07-21	SAMEA7523277	WELLCOME SANGER INSTITUTE	EBI	PRJEB40665;PRJEB43510;PRJEB43745;PRJEB45665;PRJEB46432;PRJEB71705;PRJNA533106			no_sra_center
GCA_905333025.2	Pyrochroa serraticornis	2022-02-02	SAMEA7524259	WELLCOME SANGER INSTITUTE	EBI	PRJEB40665;PRJEB43484;PRJEB43510;PRJEB43530;PRJEB43745;PRJNA533106			no_sra_center
GCA_987212595.1	Pyrrhalta viburni	2026-09-08	SAMEA118559770	WELLCOME SANGER INSTITUTE	EBI	PRJEB113342;PRJEB123114;PRJEB40665;PRJEB43510;PRJEB43745;PRJNA533106			no_sra_center
GCA_963891755.1	Pyrrhia umbra	2023-12-18	SAMEA112964418	WELLCOME SANGER INSTITUTE	EBI	PRJEB40665;PRJEB43510;PRJEB43745;PRJEB66025;PRJEB71342;PRJEB71705;PRJNA533106			no_sra_center
GCA_987488855.1	Pyrrhocorax pyrrhocorax	2026-09-04	SAMEA118680466	WELLCOME SANGER INSTITUTE	EBI	PRJEB115919;PRJEB123679;PRJEB40665;PRJEB43510;PRJEB43745;PRJNA489243;PRJNA533106			no_sra_center
GCA_987489005.1	Pyrrhocorax pyrrhocorax	2026-09-08	SAMEA118680466	WELLCOME SANGER INSTITUTE	EBI	PRJEB115919;PRJEB123680;PRJEB40665;PRJEB43510;PRJEB43745;PRJNA489243;PRJNA533106			no_sra_center
GCA_963573305.1	Pyrrhosoma nymphula	2023-10-30	SAMEA112774784	WELLCOME SANGER INSTITUTE	EBI	PRJEB40665;PRJEB43510;PRJEB43745;PRJEB65406;PRJEB67689;PRJNA533106			no_sra_center
GCA_987196105.1	Pyrrhula pyrrhula	2026-09-08	SAMEA118680296	WELLCOME SANGER INSTITUTE	EBI	PRJEB115917;PRJEB122742;PRJEB40665;PRJEB43510;PRJEB43745;PRJNA489243;PRJNA533106			no_sra_center
GCA_963583255.2	Pyrus communis	2026-04-27	SAMEA111431178	WELLCOME SANGER INSTITUTE	EBI	PRJEB40665;PRJEB43510;PRJEB43745;PRJEB65225;PRJEB67917;PRJNA533106			no_sra_center
GCA_964338995.1	Quedius lateralis	2024-11-09	SAMEA114805600	WELLCOME SANGER INSTITUTE	EBI	PRJEB40665;PRJEB43510;PRJEB43745;PRJEB80983;PRJEB82339;PRJNA533106			no_sra_center
GCA_963669245.1	Quercus cerris	2023-12-09	SAMEA10369459	WELLCOME SANGER INSTITUTE	EBI	PRJEB125134;PRJEB40665;PRJEB43510;PRJEB43745;PRJEB67429;PRJEB69237;PRJEB80366;PRJNA533106			no_sra_center
GCA_988222005.1	Quercus frainetto	2026-09-04	SAMEA120793063	WELLCOME SANGER INSTITUTE	EBI	PRJEB123618;PRJEB124452;PRJEB125134;PRJEB40665;PRJEB43510;PRJEB43745;PRJEB80366;PRJNA533106			no_sra_center
GCA_964341355.2	Quercus ilex	2026-04-24	SAMEA10369460	WELLCOME SANGER INSTITUTE	EBI	PRJEB40665;PRJEB43510;PRJEB43745;PRJEB81053;PRJEB82803;PRJNA533106			no_sra_center
GCA_964341325.2	Quercus ilex	2026-04-25	SAMEA10369460	WELLCOME SANGER INSTITUTE	EBI	PRJEB40665;PRJEB43510;PRJEB43745;PRJEB81053;PRJEB82804;PRJNA533106			no_sra_center
GCA_964102825.1	Quercus petraea	2024-06-06	SAMEA7535984	WELLCOME SANGER INSTITUTE	EBI	PRJEB40665;PRJEB43510;PRJEB43745;PRJEB74263;PRJEB76001;PRJNA533106			no_sra_center
GCA_988240625.1	Quercus pubescens	2026-09-10	SAMEA120793078	WELLCOME SANGER INSTITUTE	EBI	PRJEB124347;PRJEB125134;PRJEB125562;PRJEB40665;PRJEB43510;PRJEB43745;PRJEB80366;PRJNA533106			no_sra_center
GCA_932294415.1	Quercus robur	2022-03-11	SAMEA9089039	WELLCOME SANGER INSTITUTE	EBI	PRJEB125134;PRJEB40665;PRJEB43510;PRJEB43745;PRJEB45120;PRJEB51283;PRJEB80366;PRJNA533106			no_sra_center
GCA_978765405.1	Racomitrium heterostichum	2026-02-14	SAMEA112689835	WELLCOME SANGER INSTITUTE	EBI	PRJEB107415;PRJEB40665;PRJEB43510;PRJEB43745;PRJEB94750;PRJNA533106			no_sra_center
GCA_974373415.1	Radula complanata	2025-10-26	SAMEA7688727	WELLCOME SANGER INSTITUTE	EBI	PRJEB40665;PRJEB43510;PRJEB43745;PRJEB90012;PRJEB95037;PRJNA533106			no_sra_center
GCA_988324735.1	Raja brachyura	2026-10-04	SAMEA110450105	WELLCOME SANGER INSTITUTE	EBI	PRJEB40665;PRJEB43510;PRJEB43745;PRJEB61690;PRJEB66373;PRJNA489243;PRJNA533106			no_sra_center
GCA_980434695.1	Raja clavata	2026-02-28	SAMEA115715125	WELLCOME SANGER INSTITUTE	EBI	PRJEB105997;PRJEB108412;PRJEB40665;PRJEB43510;PRJEB43745;PRJNA489243;PRJNA533106			no_sra_center
GCA_982319585.1	Raja microocellata	2026-03-22	SAMEA110450104	WELLCOME SANGER INSTITUTE	EBI	PRJEB110084;PRJEB40665;PRJEB43510;PRJEB43745;PRJEB71879;PRJNA489243;PRJNA533106			no_sra_center
GCA_980250545.1	Raja montagui	2026-02-28	SAMEA114298640	WELLCOME SANGER INSTITUTE	EBI	PRJEB108301;PRJEB40665;PRJEB43510;PRJEB43745;PRJEB77442;PRJNA489243;PRJNA533106			no_sra_center
GCA_965250365.1	Rallus aquaticus	2025-04-20	SAMEA113398957	WELLCOME SANGER INSTITUTE	EBI	PRJEB125134;PRJEB40665;PRJEB43510;PRJEB43745;PRJEB75639;PRJEB80366;PRJEB88631;PRJNA489243;PRJNA533106			no_sra_center
GCA_965218175.1	Ramalina siliquosa	2025-03-23	SAMEA112648939	WELLCOME SANGER INSTITUTE	EBI	PRJEB40665;PRJEB43510;PRJEB43743;PRJEB43745;PRJEB84277;PRJEB87356;PRJNA533106			no_sra_center
GCA_964341195.1	Ramariopsis corniculata	2024-11-22	SAMEA110757142	WELLCOME SANGER INSTITUTE	EBI	PRJEB40665;PRJEB43510;PRJEB43745;PRJEB66384;PRJEB82710;PRJNA533106			no_sra_center
GCA_982551545.1	Ramonda spathulata	2026-04-25	SAMEA115574756	WELLCOME SANGER INSTITUTE	EBI	PRJEB110585;PRJEB40665;PRJEB43510;PRJEB43745;PRJEB97306;PRJNA533106			no_sra_center
GCA_976913895.1	Ramularia vizellae	2025-10-26	SAMEA110449758	WELLCOME SANGER INSTITUTE	EBI	PRJEB40665;PRJEB43510;PRJEB43745;PRJEB96161;PRJEB97129;PRJNA533106			no_sra_center
GCA_905171775.1	Rana temporaria	2021-01-28	SAMEA7521635	Wellcome Sanger Institute	EBI	PRJEB40665;PRJEB42171;PRJEB42239;PRJEB43510;PRJEB43745;PRJNA489243;PRJNA533106			no_sra_center
GCA_986449105.1	Ranunculus repens	2026-08-25	SAMEA110449456	WELLCOME SANGER INSTITUTE	EBI	PRJEB115539;PRJEB116025;PRJEB125134;PRJEB40665;PRJEB43510;PRJEB43745;PRJEB80366;PRJNA533106			no_sra_center
GCA_965125545.1	Ranunculus sardous	2025-02-11	SAMEA110450289	WELLCOME SANGER INSTITUTE	EBI	PRJEB40665;PRJEB43510;PRJEB43745;PRJEB77586;PRJEB85445;PRJNA533106			no_sra_center
GCA_964341555.1	Ranunculus sceleratus	2024-11-29	SAMEA112689527	WELLCOME SANGER INSTITUTE	EBI	PRJEB40665;PRJEB43510;PRJEB43745;PRJEB78656;PRJEB82855;PRJNA533106			no_sra_center
GCA_987197815.1	Raphanus raphanistrum	2026-09-08	SAMEA110450275	WELLCOME SANGER INSTITUTE	EBI	PRJEB113114;PRJEB122771;PRJEB40665;PRJEB43510;PRJEB43745;PRJNA533106			no_sra_center
GCA_984653735.1	Reboulia hemisphaerica	2026-07-10	SAMEA112690293	WELLCOME SANGER INSTITUTE	EBI	PRJEB111046;PRJEB114275;PRJEB40665;PRJEB43510;PRJEB43745;PRJNA533106			no_sra_center
GCA_988143755.1	Recurvaria nanella	2026-09-09	SAMEA118768314	WELLCOME SANGER INSTITUTE	EBI	PRJEB121048;PRJEB124140;PRJEB40665;PRJEB43510;PRJEB43745;PRJEB71705;PRJNA533106			no_sra_center
GCA_987196245.1	Regulus ignicapilla	2026-09-08	SAMEA118680300	WELLCOME SANGER INSTITUTE	EBI	PRJEB115921;PRJEB122745;PRJEB40665;PRJEB43510;PRJEB43745;PRJNA489243;PRJNA533106			no_sra_center
GCA_988280725.1	Regulus regulus	2026-09-17	SAMEA117632805	WELLCOME SANGER INSTITUTE	EBI	PRJEB125134;PRJEB126648;PRJEB40665;PRJEB43510;PRJEB43745;PRJEB80366;PRJEB98768;PRJNA489243;PRJNA533106			no_sra_center
GCA_984589455.1	Reseda luteola	2026-06-22	SAMEA9335252	WELLCOME SANGER INSTITUTE	EBI	PRJEB113096;PRJEB114161;PRJEB40665;PRJEB43510;PRJEB43745;PRJNA533106			no_sra_center
GCA_984589355.1	Reseda luteola	2026-06-22	SAMEA9335252	WELLCOME SANGER INSTITUTE	EBI	PRJEB113096;PRJEB114162;PRJEB40665;PRJEB43510;PRJEB43745;PRJNA533106			no_sra_center
GCA_975143445.1	Rhabdoweisia crispata	2025-10-14	SAMEA112690685	WELLCOME SANGER INSTITUTE	EBI	PRJEB40665;PRJEB43510;PRJEB43745;PRJEB94728;PRJEB96806;PRJNA533106			no_sra_center
GCA_982551635.1	Rhadiurgus variabilis	2026-04-27	SAMEA114663827	WELLCOME SANGER INSTITUTE	EBI	PRJEB110587;PRJEB40665;PRJEB43510;PRJEB43745;PRJEB97749;PRJNA533106			no_sra_center
GCA_982551625.1	Rhadiurgus variabilis	2026-04-27	SAMEA114663827	WELLCOME SANGER INSTITUTE	EBI	PRJEB110588;PRJEB40665;PRJEB43510;PRJEB43745;PRJEB97749;PRJNA533106			no_sra_center
GCA_964211845.1	Rhagio lineola	2024-07-31	SAMEA110038404	WELLCOME SANGER INSTITUTE	EBI	PRJEB40665;PRJEB43510;PRJEB43745;PRJEB75868;PRJEB78490;PRJNA533106			no_sra_center
GCA_982936545.1	Rhagio scolopaceus	2026-05-18	SAMEA112221978	WELLCOME SANGER INSTITUTE	EBI	PRJEB112226;PRJEB40665;PRJEB43510;PRJEB43745;PRJEB80413;PRJNA533106			no_sra_center
GCA_987204655.1	Rhagio tringarius	2026-09-08	SAMEA7746452	WELLCOME SANGER INSTITUTE	EBI	PRJEB121274;PRJEB123012;PRJEB40665;PRJEB43510;PRJEB43745;PRJNA533106			no_sra_center
GCA_987309045.1	Rhagium inquisitor	2026-09-08	SAMEA112964245	WELLCOME SANGER INSTITUTE	EBI	PRJEB123338;PRJEB40665;PRJEB43510;PRJEB43745;PRJEB98952;PRJNA533106			no_sra_center
GCA_905340355.1	Rhagonycha fulva	2021-03-25	SAMEA7520319	WELLCOME SANGER INSTITUTE	EBI	PRJEB40665;PRJEB43510;PRJEB43726;PRJEB43742;PRJEB43745;PRJNA533106			no_sra_center
GCA_965212295.1	Rhagonycha lignosa	2025-03-20	SAMEA10167010	WELLCOME SANGER INSTITUTE	EBI	PRJEB40665;PRJEB43510;PRJEB43745;PRJEB66400;PRJEB87035;PRJNA533106			no_sra_center
GCA_958510855.1	Rhagonycha lutea	2023-07-18	SAMEA14448414	WELLCOME SANGER INSTITUTE	EBI	PRJEB40665;PRJEB43510;PRJEB43745;PRJEB59296;PRJEB64396;PRJNA533106			no_sra_center
GCA_986265115.1	Rhamnus cathartica	2026-06-27	SAMEA9143077	WELLCOME SANGER INSTITUTE	EBI	PRJEB114573;PRJEB115451;PRJEB40665;PRJEB43510;PRJEB43745;PRJNA533106			no_sra_center
GCA_963920725.1	Rhamphomyia laevipes	2023-12-25	SAMEA10166771	WELLCOME SANGER INSTITUTE	EBI	PRJEB40665;PRJEB43510;PRJEB43745;PRJEB62058;PRJEB71557;PRJNA533106			no_sra_center
GCA_979606595.1	Rhamphomyia sulcata	2026-02-27	SAMEA10978723	WELLCOME SANGER INSTITUTE	EBI	PRJEB108175;PRJEB40665;PRJEB43510;PRJEB43745;PRJEB79162;PRJNA533106			no_sra_center
GCA_948150685.1	Rhaphigaster nebulosa	2023-01-18	SAMEA9066052	WELLCOME SANGER INSTITUTE	EBI	PRJEB40665;PRJEB43510;PRJEB43745;PRJEB57886;PRJEB58872;PRJNA533106			no_sra_center
GCA_964235345.1	Rheumaptera undulata	2024-08-31	SAMEA112963108	WELLCOME SANGER INSTITUTE	EBI	PRJEB40665;PRJEB43510;PRJEB43745;PRJEB71705;PRJEB75060;PRJEB79079;PRJNA533106			no_sra_center
GCA_963989365.1	Rhimphoctona megacephalus	2024-03-14	SAMEA14448459	WELLCOME SANGER INSTITUTE	EBI	PRJEB40665;PRJEB43510;PRJEB43745;PRJEB64975;PRJEB73771;PRJNA533106			no_sra_center
GCA_964270735.1	Rhinanthus minor	2024-09-29	SAMEA114564166	WELLCOME SANGER INSTITUTE	EBI	PRJEB125134;PRJEB40665;PRJEB43510;PRJEB43745;PRJEB78648;PRJEB80366;PRJEB80598;PRJNA533106			no_sra_center
GCA_932526625.1	Rhingia campestris	2022-03-23	SAMEA7520159	WELLCOME SANGER INSTITUTE	EBI	PRJEB40665;PRJEB43510;PRJEB43745;PRJEB50462;PRJEB51379;PRJNA533106			no_sra_center
GCA_949824845.1	Rhingia rostrata	2023-04-19	SAMEA7701569	WELLCOME SANGER INSTITUTE	EBI	PRJEB40665;PRJEB43510;PRJEB43745;PRJEB56806;PRJEB61389;PRJNA533106			no_sra_center
GCA_964194185.1	Rhinolophus hipposideros	2024-06-28	SAMEA113980802	WELLCOME SANGER INSTITUTE	EBI	PRJEB107229;PRJEB40665;PRJEB43510;PRJEB43745;PRJEB75441;PRJEB76910;PRJNA489243;PRJNA489245;PRJNA533106			no_sra_center
GCA_964194215.2	Rhinolophus hipposideros	2025-04-12	SAMEA113980802	WELLCOME SANGER INSTITUTE	EBI	PRJEB107229;PRJEB40665;PRJEB43510;PRJEB43745;PRJEB75441;PRJEB76909;PRJNA489243;PRJNA489245;PRJNA533106			no_sra_center
GCA_964504975.1	Rhizedra lutosa	2025-03-05	SAMEA111458012	WELLCOME SANGER INSTITUTE	EBI	PRJEB40665;PRJEB43510;PRJEB43745;PRJEB71705;PRJEB82375;PRJEB83197;PRJNA533106			no_sra_center
GCA_986172025.1	Rhizopogon luteolus	2026-07-04	SAMEA113940638	WELLCOME SANGER INSTITUTE	EBI	PRJEB115210;PRJEB40665;PRJEB43510;PRJEB43745;PRJEB84077;PRJNA533106			no_sra_center
GCA_986172045.1	Rhizopogon luteolus	2026-06-27	SAMEA113940638	WELLCOME SANGER INSTITUTE	EBI	PRJEB115211;PRJEB40665;PRJEB43510;PRJEB43745;PRJEB84077;PRJNA533106			no_sra_center
GCA_964106605.1	Rhizosphaera kalkhoffii	2024-06-06	SAMEA13743911	WELLCOME SANGER INSTITUTE	EBI	PRJEB40665;PRJEB43510;PRJEB43745;PRJEB73946;PRJEB76005;PRJNA533106			no_sra_center
GCA_965643555.1	Rhizotrogus aestivus	2025-07-19	SAMEA9654292	WELLCOME SANGER INSTITUTE	EBI	PRJEB40665;PRJEB43510;PRJEB43745;PRJEB80927;PRJEB93944;PRJNA533106			no_sra_center
GCA_965654425.1	Rhodocollybia maculata	2025-08-03	SAMEA113940523	WELLCOME SANGER INSTITUTE	EBI	PRJEB40665;PRJEB43510;PRJEB43745;PRJEB78642;PRJEB94827;PRJNA533106			no_sra_center
GCA_965615915.2	Rhododendron ponticum	2026-04-25	SAMEA110449229	WELLCOME SANGER INSTITUTE	EBI	PRJEB40665;PRJEB43510;PRJEB43745;PRJEB89400;PRJEB90961;PRJNA533106			no_sra_center
GCA_963082605.1	Rhodophaea formosa	2023-08-09	SAMEA112226469	WELLCOME SANGER INSTITUTE	EBI	PRJEB40665;PRJEB43510;PRJEB43745;PRJEB63434;PRJEB64827;PRJEB71705;PRJNA533106			no_sra_center
GCA_944452935.1	Rhogogaster chlorosoma	2022-06-30	SAMEA10167069	WELLCOME SANGER INSTITUTE	EBI	PRJEB40665;PRJEB43510;PRJEB43745;PRJEB52861;PRJEB53646;PRJNA533106			no_sra_center
GCA_981110415.1	Rhopalum coarctatum	2026-02-28	SAMEA112232725	WELLCOME SANGER INSTITUTE	EBI	PRJEB108629;PRJEB40665;PRJEB43510;PRJEB43745;PRJEB78760;PRJNA533106			no_sra_center
GCA_965641425.1	Rhopobota naevana	2025-07-09	SAMEA7701517	WELLCOME SANGER INSTITUTE	EBI	PRJEB40665;PRJEB43510;PRJEB43745;PRJEB55964;PRJEB71705;PRJEB91879;PRJNA533106			no_sra_center
GCA_986708605.1	Rhopobota stagnana	2026-08-22	SAMEA118768418	WELLCOME SANGER INSTITUTE	EBI	PRJEB114885;PRJEB120933;PRJEB40665;PRJEB43510;PRJEB43745;PRJEB71705;PRJNA533106			no_sra_center
GCA_964656135.1	Rhopobota ustomaculana	2025-01-02	SAMEA115574689	WELLCOME SANGER INSTITUTE	EBI	PRJEB40665;PRJEB43510;PRJEB43745;PRJEB71705;PRJEB82191;PRJEB83375;PRJNA533106			no_sra_center
GCA_964656095.1	Rhopobota ustomaculana	2025-01-02	SAMEA115574689	WELLCOME SANGER INSTITUTE	EBI	PRJEB40665;PRJEB43510;PRJEB43745;PRJEB71705;PRJEB82191;PRJEB83376;PRJNA533106			no_sra_center
GCA_963564615.1	Rhorus exstirpatorius	2023-10-24	SAMEA14448296	WELLCOME SANGER INSTITUTE	EBI	PRJEB40665;PRJEB43510;PRJEB43745;PRJEB60659;PRJEB67663;PRJNA533106			no_sra_center
GCA_983140435.1	Rhyacionia buoliana	2026-05-15	SAMEA118280108	WELLCOME SANGER INSTITUTE	EBI	PRJEB109860;PRJEB112384;PRJEB40665;PRJEB43510;PRJEB43745;PRJEB71705;PRJNA533106			no_sra_center
GCA_964374345.1	Rhyacionia pinicolana	2024-12-01	SAMEA115574555	WELLCOME SANGER INSTITUTE	EBI	PRJEB40665;PRJEB43510;PRJEB43745;PRJEB71705;PRJEB82163;PRJEB82988;PRJNA533106			no_sra_center
GCA_964340665.2	Rhynchostegiella tenella	2025-10-14	SAMEA14392275	WELLCOME SANGER INSTITUTE	EBI	PRJEB40665;PRJEB43510;PRJEB43745;PRJEB82197;PRJEB82568;PRJNA533106			no_sra_center
GCA_965283215.2	Rhynchostegium confertum	2026-04-27	SAMEA114215418	WELLCOME SANGER INSTITUTE	EBI	PRJEB40665;PRJEB43510;PRJEB43745;PRJEB80582;PRJEB89529;PRJNA533106			no_sra_center
GCA_964467675.2	Rhynchostegium megapolitanum	2025-10-14	SAMEA114783103	WELLCOME SANGER INSTITUTE	EBI	PRJEB40665;PRJEB43510;PRJEB43745;PRJEB80580;PRJEB83115;PRJNA533106			no_sra_center
GCA_988323235.1	Rhyparochromus pini	2026-10-03	SAMEA118256522	WELLCOME SANGER INSTITUTE	EBI	PRJEB125013;PRJEB127731;PRJEB40665;PRJEB43510;PRJEB43745;PRJNA533106			no_sra_center
GCA_984577455.1	Rhysodromus fallax	2026-06-17	SAMEA118539959	WELLCOME SANGER INSTITUTE	EBI	PRJEB112477;PRJEB113674;PRJEB40665;PRJEB43510;PRJEB43745;PRJNA533106			no_sra_center
GCA_988143435.1	Rhyssella approximator	2026-09-04	SAMEA115574474	WELLCOME SANGER INSTITUTE	EBI	PRJEB123075;PRJEB124151;PRJEB40665;PRJEB43510;PRJEB43745;PRJNA533106			no_sra_center
GCA_947034895.1	Rhytidiadelphus loreus	2022-10-08	SAMEA111265878	WELLCOME SANGER INSTITUTE	EBI	PRJEB40665;PRJEB43510;PRJEB43745;PRJEB47679;PRJEB56418;PRJNA533106			no_sra_center
GCA_966185095.1	Rhyzobius forestieri	2025-08-23	SAMEA114805576	WELLCOME SANGER INSTITUTE	EBI	PRJEB40665;PRJEB43510;PRJEB43745;PRJEB83521;PRJEB95843;PRJNA533106			no_sra_center
GCA_964468525.1	Ribautiana ulmi	2024-12-07	SAMEA113425603	WELLCOME SANGER INSTITUTE	EBI	PRJEB40665;PRJEB43510;PRJEB43745;PRJEB81844;PRJEB83116;PRJNA533106			no_sra_center
GCA_965278215.2	Ribes nigrum	2026-04-25	SAMEA114565234	WELLCOME SANGER INSTITUTE	EBI	PRJEB40665;PRJEB43510;PRJEB43745;PRJEB81059;PRJEB89201;PRJNA533106			no_sra_center
GCA_965178245.1	Ribes rubrum	2025-03-04	SAMEA9143081	WELLCOME SANGER INSTITUTE	EBI	PRJEB40665;PRJEB43510;PRJEB43745;PRJEB85398;PRJEB86215;PRJNA533106			no_sra_center
GCA_965211865.2	Ribes uva-crispa	2026-04-25	SAMEA114214474	WELLCOME SANGER INSTITUTE	EBI	PRJEB40665;PRJEB43510;PRJEB43745;PRJEB81061;PRJEB86911;PRJNA533106			no_sra_center
GCA_971846045.1	Riccia beyrichiana	2025-09-13	SAMEA13832380	WELLCOME SANGER INSTITUTE	EBI	PRJEB40665;PRJEB43510;PRJEB43745;PRJEB90018;PRJEB96095;PRJNA533106			no_sra_center
GCA_975143555.1	Riccia sorocarpa	2025-10-26	SAMEA114214780	WELLCOME SANGER INSTITUTE	EBI	PRJEB40665;PRJEB43510;PRJEB43745;PRJEB90020;PRJEB96807;PRJNA533106			no_sra_center
GCA_987197235.1	Riparia riparia	2026-09-08	SAMEA118680483	WELLCOME SANGER INSTITUTE	EBI	PRJEB112638;PRJEB122746;PRJEB40665;PRJEB43510;PRJEB43745;PRJNA489243;PRJNA533106			no_sra_center
GCA_964187995.1	Ripartites tricholoma	2024-06-21	SAMEA110757062	WELLCOME SANGER INSTITUTE	EBI	PRJEB40665;PRJEB43510;PRJEB43745;PRJEB65400;PRJEB76702;PRJNA533106			no_sra_center
GCA_988324465.1	Rivellia syngenesiae	2026-10-03	SAMEA11025007	WELLCOME SANGER INSTITUTE	EBI	PRJEB127098;PRJEB40665;PRJEB43510;PRJEB43745;PRJEB74155;PRJNA533106			no_sra_center
GCA_986449125.1	Robinia pseudoacacia	2026-08-25	SAMEA10369457	WELLCOME SANGER INSTITUTE	EBI	PRJEB113742;PRJEB116027;PRJEB40665;PRJEB43510;PRJEB43745;PRJNA533106			no_sra_center
GCA_982193155.1	Roeseliana roeselii	2026-03-12	SAMEA110021807	WELLCOME SANGER INSTITUTE	EBI	PRJEB109081;PRJEB40665;PRJEB43510;PRJEB43745;PRJEB89330;PRJNA533106			no_sra_center
GCA_965637105.1	Roeslerstammia erxlebella	2025-07-09	SAMEA115574552	WELLCOME SANGER INSTITUTE	EBI	PRJEB40665;PRJEB43510;PRJEB43745;PRJEB71705;PRJEB82411;PRJEB91526;PRJNA533106			no_sra_center
GCA_964662855.1	Rosa agrestis	2025-01-23	SAMEA10369461	WELLCOME SANGER INSTITUTE	EBI	PRJEB40665;PRJEB43510;PRJEB43745;PRJEB79880;PRJEB83820;PRJNA533106			no_sra_center
GCA_964662835.1	Rosa agrestis	2025-01-23	SAMEA10369461	WELLCOME SANGER INSTITUTE	EBI	PRJEB40665;PRJEB43510;PRJEB43745;PRJEB79880;PRJEB83821;PRJNA533106			no_sra_center
GCA_965119325.1	Rosa canina	2025-01-31	SAMEA10369463	WELLCOME SANGER INSTITUTE	EBI	PRJEB40665;PRJEB43510;PRJEB43745;PRJEB79802;PRJEB85314;PRJNA533106			no_sra_center
GCA_965119335.1	Rosa canina	2025-01-31	SAMEA10369463	WELLCOME SANGER INSTITUTE	EBI	PRJEB40665;PRJEB43510;PRJEB43745;PRJEB79802;PRJEB85315;PRJNA533106			no_sra_center
GCA_982936535.1	Rosa rubiginosa	2026-06-14	SAMEA10369462	WELLCOME SANGER INSTITUTE	EBI	PRJEB111276;PRJEB112220;PRJEB40665;PRJEB43510;PRJEB43745;PRJNA533106			no_sra_center
GCA_982936595.1	Rosa rubiginosa	2026-06-08	SAMEA10369462	WELLCOME SANGER INSTITUTE	EBI	PRJEB111276;PRJEB112219;PRJEB40665;PRJEB43510;PRJEB43745;PRJNA533106			no_sra_center
GCA_958449725.1	Rosa rugosa	2023-07-18	SAMEA111431194	WELLCOME SANGER INSTITUTE	EBI	PRJEB125134;PRJEB40665;PRJEB43510;PRJEB43745;PRJEB62730;PRJEB64184;PRJEB80366;PRJNA533106			no_sra_center
GCA_965112335.1	Rosa spinosissima	2025-01-23	SAMEA111431184	WELLCOME SANGER INSTITUTE	EBI	PRJEB125134;PRJEB40665;PRJEB43510;PRJEB43745;PRJEB76759;PRJEB80366;PRJEB84215;PRJNA533106			no_sra_center
GCA_964235055.1	Rubus caesius	2024-08-31	SAMEA112287521	WELLCOME SANGER INSTITUTE	EBI	PRJEB40665;PRJEB43510;PRJEB43745;PRJEB74720;PRJEB79090;PRJNA533106			no_sra_center
GCA_988240565.1	Rubus fruticosus	2026-09-10	SAMEA121108447	WELLCOME SANGER INSTITUTE	EBI	PRJEB123454;PRJEB125134;PRJEB125575;PRJEB40665;PRJEB43510;PRJEB43745;PRJEB80366;PRJNA533106			no_sra_center
GCA_965153425.1	Rubus idaeus	2025-02-28	SAMEA11478504	WELLCOME SANGER INSTITUTE	EBI	PRJEB125134;PRJEB40665;PRJEB43510;PRJEB43745;PRJEB77557;PRJEB80366;PRJEB85986;PRJNA533106			no_sra_center
GCA_982552405.1	Rubus saxatilis	2026-04-27	SAMEA118967404	WELLCOME SANGER INSTITUTE	EBI	PRJEB109894;PRJEB110656;PRJEB125134;PRJEB40665;PRJEB43510;PRJEB43745;PRJEB80366;PRJNA533106			no_sra_center
GCA_977019875.1	Ruditapes philippinarum	2025-11-08	SAMEA115791573	WELLCOME SANGER INSTITUTE	EBI	PRJEB102356;PRJEB40665;PRJEB43510;PRJEB43745;PRJEB98328;PRJNA533106			no_sra_center
GCA_977966345.1	Rumex acetosa	2026-02-01	SAMEA9335249	WELLCOME SANGER INSTITUTE	EBI	PRJEB102885;PRJEB105394;PRJEB125134;PRJEB40665;PRJEB43510;PRJEB43745;PRJEB80366;PRJNA533106			no_sra_center
GCA_984658505.1	Rumex acetosella	2026-06-22	SAMEA14449812	WELLCOME SANGER INSTITUTE	EBI	PRJEB110133;PRJEB114281;PRJEB125134;PRJEB40665;PRJEB43510;PRJEB43745;PRJEB80366;PRJNA533106			no_sra_center
GCA_988223235.1	Rumex conglomeratus	2026-09-03	SAMEA118967349	WELLCOME SANGER INSTITUTE	EBI	PRJEB123966;PRJEB124615;PRJEB40665;PRJEB43510;PRJEB43745;PRJNA533106			no_sra_center
GCA_986269945.1	Rumex obtusifolius	2026-07-06	SAMEA112689530	WELLCOME SANGER INSTITUTE	EBI	PRJEB112932;PRJEB115621;PRJEB125134;PRJEB40665;PRJEB43510;PRJEB43745;PRJEB80366;PRJNA533106			no_sra_center
GCA_964199335.1	Russula aff. farinipes	2024-07-13	SAMEA110449688	WELLCOME SANGER INSTITUTE	EBI	PRJEB40665;PRJEB43510;PRJEB43745;PRJEB63505;PRJEB77531;PRJNA533106			no_sra_center
GCA_965112905.1	Russula delica	2025-01-24	SAMEA113940635	WELLCOME SANGER INSTITUTE	EBI	PRJEB40665;PRJEB43510;PRJEB43745;PRJEB81383;PRJEB84402;PRJNA533106			no_sra_center
GCA_964330295.1	Russula faginea	2024-11-07	SAMEA110757153	WELLCOME SANGER INSTITUTE	EBI	PRJEB40665;PRJEB43510;PRJEB43745;PRJEB73401;PRJEB82110;PRJNA533106			no_sra_center
GCA_975961605.1	Russula gracillima	2025-10-07	SAMEA110757095	WELLCOME SANGER INSTITUTE	EBI	PRJEB40665;PRJEB43510;PRJEB43745;PRJEB96159;PRJEB96911;PRJNA533106			no_sra_center
GCA_964656355.1	Russula nigricans	2024-12-12	SAMEA113940631	WELLCOME SANGER INSTITUTE	EBI	PRJEB40665;PRJEB43510;PRJEB43745;PRJEB77549;PRJEB83354;PRJNA533106			no_sra_center
GCA_964656295.1	Russula nigricans	2025-01-02	SAMEA113940631	WELLCOME SANGER INSTITUTE	EBI	PRJEB40665;PRJEB43510;PRJEB43745;PRJEB77549;PRJEB83353;PRJNA533106			no_sra_center
GCA_984573805.1	Russula nobilis	2026-06-01	SAMEA110757389	WELLCOME SANGER INSTITUTE	EBI	PRJEB111268;PRJEB113492;PRJEB40665;PRJEB43510;PRJEB43745;PRJNA533106			no_sra_center
GCA_963926505.1	Russula olivacea	2024-01-28	SAMEA110757344	WELLCOME SANGER INSTITUTE	EBI	PRJEB40665;PRJEB43510;PRJEB43745;PRJEB66241;PRJEB72126;PRJNA533106			no_sra_center
GCA_984589305.1	Russula versicolor	2026-06-21	SAMEA113940637	WELLCOME SANGER INSTITUTE	EBI	PRJEB112306;PRJEB114179;PRJEB40665;PRJEB43510;PRJEB43745;PRJNA533106			no_sra_center
GCA_965121685.1	Russula vesca	2025-02-11	SAMEA113940389	WELLCOME SANGER INSTITUTE	EBI	PRJEB40665;PRJEB43510;PRJEB43743;PRJEB43745;PRJEB75884;PRJEB85584;PRJNA533106			no_sra_center
GCA_951802725.1	Rutilus rutilus	2023-05-30	SAMEA11296543	WELLCOME SANGER INSTITUTE	EBI	PRJEB107229;PRJEB40665;PRJEB43510;PRJEB43745;PRJEB61621;PRJEB62672;PRJNA489243;PRJNA533106			no_sra_center
GCA_936432065.2	Rutpela maculata	2022-10-08	SAMEA7521529	WELLCOME SANGER INSTITUTE	EBI	PRJEB40665;PRJEB43510;PRJEB43745;PRJEB51454;PRJEB52068;PRJNA533106			no_sra_center
GCA_980885375.1	Rymosia fasciata	2026-02-28	SAMEA115793194	WELLCOME SANGER INSTITUTE	EBI	PRJEB108568;PRJEB40665;PRJEB43510;PRJEB43745;PRJEB97550;PRJNA533106			no_sra_center
GCA_964059465.1	Sabra harpagula	2024-06-05	SAMEA112964414	WELLCOME SANGER INSTITUTE	EBI	PRJEB40665;PRJEB43510;PRJEB43745;PRJEB71705;PRJEB75058;PRJEB76069;PRJNA533106			no_sra_center
GCA_978046115.1	Saccoglossus kowalevskii	2026-03-01	SAMEA8748976	WELLCOME SANGER INSTITUTE	EBI	PRJEB105477;PRJEB107038;PRJEB40665;PRJEB43510;PRJEB43745;PRJNA489243;PRJNA533106			no_sra_center
GCA_916048095.2	Sacculina carcini	2022-02-09	SAMEA7522840	WELLCOME SANGER INSTITUTE	EBI	PRJEB40665;PRJEB43510;PRJEB43745;PRJEB45193;PRJEB47498;PRJNA533106			no_sra_center
GCA_988223735.1	Sagina maritima	2026-09-06	SAMEA117804610	WELLCOME SANGER INSTITUTE	EBI	PRJEB123968;PRJEB124618;PRJEB40665;PRJEB43510;PRJEB43745;PRJNA533106			no_sra_center
GCA_951394345.1	Salicornia ramosissima	2023-06-15	SAMEA10369832	WELLCOME SANGER INSTITUTE	EBI	PRJEB40665;PRJEB43510;PRJEB43745;PRJEB61611;PRJEB62065;PRJNA533106			no_sra_center
GCA_985767665.1	Salix alba	2026-07-04	SAMEA9143090	WELLCOME SANGER INSTITUTE	EBI	PRJEB115125;PRJEB125134;PRJEB40665;PRJEB43510;PRJEB43745;PRJEB77749;PRJEB80366;PRJNA533106			no_sra_center
GCA_976941345.1	Salix arbuscula	2025-10-26	SAMEA10332252	WELLCOME SANGER INSTITUTE	EBI	PRJEB40665;PRJEB43510;PRJEB43745;PRJEB65680;PRJEB97074;PRJNA533106			no_sra_center
GCA_964035475.1	Salix caprea	2024-04-29	SAMEA11478577	WELLCOME SANGER INSTITUTE	EBI	PRJEB125134;PRJEB40665;PRJEB43510;PRJEB43745;PRJEB65682;PRJEB75346;PRJEB80366;PRJNA533106			no_sra_center
GCA_965260955.1	Salix cinerea	2025-04-27	SAMEA11478593	WELLCOME SANGER INSTITUTE	EBI	PRJEB125134;PRJEB40665;PRJEB43510;PRJEB43745;PRJEB77751;PRJEB80366;PRJEB88843;PRJNA533106			no_sra_center
GCA_986559585.1	Salix euxina	2026-08-25	SAMEA11478541	WELLCOME SANGER INSTITUTE	EBI	PRJEB120739;PRJEB40665;PRJEB43510;PRJEB43745;PRJEB77761;PRJNA533106			no_sra_center
GCA_965644465.1	Salix herbacea	2025-07-28	SAMEA9335576	WELLCOME SANGER INSTITUTE	EBI	PRJEB125134;PRJEB40665;PRJEB43510;PRJEB43745;PRJEB80366;PRJEB89302;PRJEB94205;PRJNA533106			no_sra_center
GCA_976975055.1	Salix lanata	2025-10-26	SAMEA114437884	WELLCOME SANGER INSTITUTE	EBI	PRJEB125134;PRJEB40665;PRJEB43510;PRJEB43745;PRJEB80366;PRJEB84428;PRJEB98169;PRJNA533106			no_sra_center
GCA_986419285.1	Salix myrsinifolia	2026-08-25	SAMEA11478539	WELLCOME SANGER INSTITUTE	EBI	PRJEB115968;PRJEB125134;PRJEB40665;PRJEB43510;PRJEB43745;PRJEB80366;PRJEB84430;PRJNA533106			no_sra_center
GCA_979017335.1	Salix pentandra	2026-02-27	SAMEA117803628	WELLCOME SANGER INSTITUTE	EBI	PRJEB107939;PRJEB125134;PRJEB40665;PRJEB43510;PRJEB43745;PRJEB80366;PRJEB98324;PRJNA533106			no_sra_center
GCA_987216975.1	Salix phylicifolia	2026-09-08	SAMEA11478505	WELLCOME SANGER INSTITUTE	EBI	PRJEB123186;PRJEB125134;PRJEB40665;PRJEB43510;PRJEB43745;PRJEB80366;PRJEB85356;PRJNA533106			no_sra_center
GCA_988205285.1	Salix purpurea	2026-09-09	SAMEA11478543	WELLCOME SANGER INSTITUTE	EBI	PRJEB124246;PRJEB40665;PRJEB43510;PRJEB43745;PRJEB65684;PRJNA533106			no_sra_center
GCA_988205325.1	Salix purpurea	2026-09-09	SAMEA11478543	WELLCOME SANGER INSTITUTE	EBI	PRJEB124247;PRJEB40665;PRJEB43510;PRJEB43745;PRJEB65684;PRJNA533106			no_sra_center
GCA_965260945.1	Salix repens	2025-04-27	SAMEA11478542	WELLCOME SANGER INSTITUTE	EBI	PRJEB125134;PRJEB40665;PRJEB43510;PRJEB43745;PRJEB77763;PRJEB80366;PRJEB88846;PRJNA533106			no_sra_center
GCA_965260975.1	Salix repens	2025-04-27	SAMEA11478542	WELLCOME SANGER INSTITUTE	EBI	PRJEB125134;PRJEB40665;PRJEB43510;PRJEB43745;PRJEB77763;PRJEB80366;PRJEB88845;PRJNA533106			no_sra_center
GCA_965648395.1	Salix reticulata	2025-07-28	SAMEA9335115	WELLCOME SANGER INSTITUTE	EBI	PRJEB125134;PRJEB40665;PRJEB43510;PRJEB43745;PRJEB80366;PRJEB85358;PRJEB94366;PRJNA533106			no_sra_center
GCA_986885405.1	Salix triandra	2026-09-01	SAMEA11478540	WELLCOME SANGER INSTITUTE	EBI	PRJEB112449;PRJEB120995;PRJEB125134;PRJEB40665;PRJEB43510;PRJEB43745;PRJEB80366;PRJNA533106			no_sra_center
GCA_965648405.1	Salix viminalis	2025-07-28	SAMEA11478538	WELLCOME SANGER INSTITUTE	EBI	PRJEB40665;PRJEB43510;PRJEB43745;PRJEB76536;PRJEB94368;PRJNA533106			no_sra_center
GCA_965648455.1	Salix viminalis	2025-07-28	SAMEA11478538	WELLCOME SANGER INSTITUTE	EBI	PRJEB40665;PRJEB43510;PRJEB43745;PRJEB76536;PRJEB94369;PRJNA533106			no_sra_center
GCA_949788335.1	Salpingus planirostris	2023-04-12	SAMEA10167009	WELLCOME SANGER INSTITUTE	EBI	PRJEB40665;PRJEB43510;PRJEB43745;PRJEB57882;PRJEB61168;PRJNA533106			no_sra_center
GCA_949130495.1	Sambucus nigra	2023-04-08	SAMEA7522178	WELLCOME SANGER INSTITUTE	EBI	PRJEB40665;PRJEB43510;PRJEB43745;PRJEB56128;PRJEB59570;PRJNA533106			no_sra_center
GCA_964205165.1	Samolus valerandi	2024-07-29	SAMEA10369644	WELLCOME SANGER INSTITUTE	EBI	PRJEB40665;PRJEB43510;PRJEB43745;PRJEB65660;PRJEB78450;PRJNA533106			no_sra_center
GCA_988276825.1	Sapyga quinquepunctata	2026-09-14	SAMEA118281073	WELLCOME SANGER INSTITUTE	EBI	PRJEB121386;PRJEB126519;PRJEB40665;PRJEB43510;PRJEB43745;PRJNA533106			no_sra_center
GCA_927399465.1	Sarcophaga caerulescens	2022-02-03	SAMEA7746589	WELLCOME SANGER INSTITUTE	EBI	PRJEB40665;PRJEB43510;PRJEB43745;PRJEB48188;PRJEB50004;PRJNA533106			no_sra_center
GCA_958299815.1	Sarcophaga carnaria	2023-07-07	SAMEA7746444	WELLCOME SANGER INSTITUTE	EBI	PRJEB40665;PRJEB43510;PRJEB43745;PRJEB59153;PRJEB64116;PRJNA533106			no_sra_center
GCA_930367235.1	Sarcophaga rosellei	2022-02-13	SAMEA7746603	WELLCOME SANGER INSTITUTE	EBI	PRJEB40665;PRJEB43510;PRJEB43745;PRJEB47785;PRJEB50845;PRJNA533106			no_sra_center
GCA_982319395.1	Sarcophaga subulata	2026-03-22	SAMEA113425472	WELLCOME SANGER INSTITUTE	EBI	PRJEB110080;PRJEB40665;PRJEB43510;PRJEB43745;PRJEB97745;PRJNA533106			no_sra_center
GCA_936449025.2	Sarcophaga subvicina	2022-10-08	SAMEA7746447	WELLCOME SANGER INSTITUTE	EBI	PRJEB40665;PRJEB43510;PRJEB43745;PRJEB51465;PRJEB52073;PRJNA533106			no_sra_center
GCA_982191715.1	Sarcophaga vagans	2026-03-08	SAMEA113425475	WELLCOME SANGER INSTITUTE	EBI	PRJEB109079;PRJEB40665;PRJEB43510;PRJEB43745;PRJEB80425;PRJNA533106			no_sra_center
GCA_932273835.1	Sarcophaga variegata	2022-03-10	SAMEA8603132	WELLCOME SANGER INSTITUTE	EBI	PRJEB40665;PRJEB43510;PRJEB43745;PRJEB48115;PRJEB51182;PRJNA533106			no_sra_center
GCA_963854185.1	Sardina pilchardus	2023-12-14	SAMEA111562172	WELLCOME SANGER INSTITUTE	EBI	PRJEB40665;PRJEB43510;PRJEB43745;PRJEB67417;PRJEB71085;PRJNA489243;PRJNA533106			no_sra_center
GCA_978965805.1	Sargus bipunctatus	2026-02-26	SAMEA110451514	WELLCOME SANGER INSTITUTE	EBI	PRJEB107834;PRJEB40665;PRJEB43510;PRJEB43745;PRJEB80339;PRJNA533106			no_sra_center
GCA_987198695.1	Sarmentypnum sarmentosum	2026-09-05	SAMEA11478641	WELLCOME SANGER INSTITUTE	EBI	PRJEB122908;PRJEB40665;PRJEB43510;PRJEB43745;PRJEB80435;PRJNA533106			no_sra_center
GCA_947532125.1	Saturnia pavonia	2022-12-07	SAMEA110451586	WELLCOME SANGER INSTITUTE	EBI	PRJEB40665;PRJEB43510;PRJEB43745;PRJEB57274;PRJEB58028;PRJEB71705;PRJNA533106			no_sra_center
GCA_965199075.1	Saxifraga aizoides	2025-03-13	SAMEA11478499	WELLCOME SANGER INSTITUTE	EBI	PRJEB125134;PRJEB40665;PRJEB43510;PRJEB43745;PRJEB80366;PRJEB82545;PRJEB86819;PRJNA533106			no_sra_center
GCA_986270095.1	Saxifraga cespitosa	2026-07-06	SAMEA114564251	WELLCOME SANGER INSTITUTE	EBI	PRJEB113148;PRJEB115622;PRJEB125134;PRJEB40665;PRJEB43510;PRJEB43745;PRJEB80366;PRJNA533106			no_sra_center
GCA_988425425.1	Saxifraga oppositifolia	2026-10-07	SAMEA111431632	WELLCOME SANGER INSTITUTE	EBI	PRJEB125134;PRJEB127078;PRJEB127931;PRJEB40665;PRJEB43510;PRJEB43745;PRJEB80366;PRJNA533106			no_sra_center
GCA_905146935.1	Scaeva pyrastri	2021-01-27	SAMEA7520160	SC	EBI	PRJEB40665;PRJEB41880;PRJEB42145;PRJEB43510;PRJEB43745;PRJNA533106			no_sra_center
GCA_978123145.1	Scaeva selenitica	2026-03-01	SAMEA112963082	WELLCOME SANGER INSTITUTE	EBI	PRJEB107158;PRJEB40665;PRJEB43510;PRJEB43745;PRJEB79698;PRJNA533106			no_sra_center
GCA_985198565.1	Scambus brevicornis	2026-06-27	SAMEA118280154	WELLCOME SANGER INSTITUTE	EBI	PRJEB112733;PRJEB114780;PRJEB40665;PRJEB43510;PRJEB43745;PRJNA533106			no_sra_center
GCA_974939995.1	Scapania compacta	2025-10-11	SAMEA112690439	WELLCOME SANGER INSTITUTE	EBI	PRJEB40665;PRJEB43510;PRJEB43745;PRJEB94764;PRJEB96767;PRJNA533106			no_sra_center
GCA_975526265.1	Scapania gracilis	2025-10-04	SAMEA112690811	WELLCOME SANGER INSTITUTE	EBI	PRJEB40665;PRJEB43510;PRJEB43745;PRJEB95091;PRJEB96426;PRJNA533106			no_sra_center
GCA_973897035.1	Scapania ornithopodioides	2025-10-07	SAMEA13832725	WELLCOME SANGER INSTITUTE	EBI	PRJEB40665;PRJEB43510;PRJEB43745;PRJEB95093;PRJEB96427;PRJNA533106			no_sra_center
GCA_978018195.1	Scapania undulata	2026-01-20	SAMEA111383289	WELLCOME SANGER INSTITUTE	EBI	PRJEB106231;PRJEB40665;PRJEB43510;PRJEB43745;PRJEB95085;PRJNA533106			no_sra_center
GCA_965282785.1	Scaphidium quadrimaculatum	2025-05-18	SAMEA112774778	WELLCOME SANGER INSTITUTE	EBI	PRJEB40665;PRJEB43510;PRJEB43745;PRJEB83748;PRJEB89534;PRJNA533106			no_sra_center
GCA_984657895.1	Scaptomyza pallida	2026-06-22	SAMEA12110580	WELLCOME SANGER INSTITUTE	EBI	PRJEB110127;PRJEB114297;PRJEB40665;PRJEB43510;PRJEB43745;PRJNA533106			no_sra_center
GCA_964197995.2	Scardinius erythrophthalmus	2026-07-04	SAMEA11296541	WELLCOME SANGER INSTITUTE	EBI	PRJEB107229;PRJEB40665;PRJEB43510;PRJEB43745;PRJEB75416;PRJEB77366;PRJNA489243;PRJNA533106			no_sra_center
GCA_982185225.1	Scathophaga furcata	2026-03-08	SAMEA114644694	WELLCOME SANGER INSTITUTE	EBI	PRJEB109011;PRJEB40665;PRJEB43510;PRJEB43745;PRJEB79712;PRJNA533106			no_sra_center
GCA_974392395.1	Scathophaga inquinata	2025-10-26	SAMEA114644703	WELLCOME SANGER INSTITUTE	EBI	PRJEB40665;PRJEB43510;PRJEB43745;PRJEB81194;PRJEB97720;PRJNA533106			no_sra_center
GCA_982586995.1	Scathophaga litorea	2026-04-27	SAMEA118540145	WELLCOME SANGER INSTITUTE	EBI	PRJEB109221;PRJEB111824;PRJEB40665;PRJEB43510;PRJEB43745;PRJNA533106			no_sra_center
GCA_982473215.1	Scathophaga stercoraria	2026-04-16	SAMEA7520161	WELLCOME SANGER INSTITUTE	EBI	PRJEB111488;PRJEB40665;PRJEB43510;PRJEB43745;PRJEB53932;PRJNA533106			no_sra_center
GCA_964204855.1	Scellus notatus	2024-07-27	SAMEA113425476	WELLCOME SANGER INSTITUTE	EBI	PRJEB40665;PRJEB43510;PRJEB43745;PRJEB74677;PRJEB78403;PRJNA533106			no_sra_center
GCA_982296995.1	Scheuchzeria palustris	2026-03-18	SAMEA10241388	WELLCOME SANGER INSTITUTE	EBI	PRJEB106421;PRJEB110032;PRJEB40665;PRJEB43510;PRJEB43745;PRJNA533106			no_sra_center
GCA_977013345.1	Schistidium strictum	2025-11-07	SAMEA7688709	WELLCOME SANGER INSTITUTE	EBI	PRJEB100762;PRJEB40665;PRJEB43510;PRJEB43745;PRJEB98059;PRJNA533106			no_sra_center
GCA_965278275.1	Schizoporella japonica	2025-05-08	SAMEA12231776	WELLCOME SANGER INSTITUTE	EBI	PRJEB40665;PRJEB43510;PRJEB43745;PRJEB68091;PRJEB89217;PRJNA533106			no_sra_center
GCA_975143675.1	Schizopyga frigida	2025-10-26	SAMEA112232756	WELLCOME SANGER INSTITUTE	EBI	PRJEB40665;PRJEB43510;PRJEB43745;PRJEB82537;PRJEB96826;PRJNA533106			no_sra_center
GCA_951805265.1	Schizotus pectinicornis	2023-06-03	SAMEA14448397	WELLCOME SANGER INSTITUTE	EBI	PRJEB40665;PRJEB43510;PRJEB43745;PRJEB61844;PRJEB62789;PRJNA533106			no_sra_center
GCA_963935595.1	Schoenobius gigantellus	2024-02-08	SAMEA112964064	WELLCOME SANGER INSTITUTE	EBI	PRJEB40665;PRJEB43510;PRJEB43745;PRJEB67613;PRJEB71705;PRJEB72425;PRJNA533106			no_sra_center
GCA_978021515.1	Schoenobius gigantellus	2026-01-29	SAMEA116117170	WELLCOME SANGER INSTITUTE	EBI	PRJEB106017;PRJEB106592;PRJEB40665;PRJEB43510;PRJEB43745;PRJEB71705;PRJNA533106			no_sra_center
GCA_964200675.1	Schoenoplectus lacustris	2024-07-24	SAMEA7522295	WELLCOME SANGER INSTITUTE	EBI	PRJEB40665;PRJEB43510;PRJEB43745;PRJEB50875;PRJEB77883;PRJNA533106			no_sra_center
GCA_965277995.2	Schoenoplectus tabernaemontani	2026-04-27	SAMEA11478597	WELLCOME SANGER INSTITUTE	EBI	PRJEB40665;PRJEB43510;PRJEB43745;PRJEB81093;PRJEB89159;PRJNA533106			no_sra_center
GCA_964058795.1	Schoenoplectus triqueter	2024-06-05	SAMEA9335292	WELLCOME SANGER INSTITUTE	EBI	PRJEB40665;PRJEB43510;PRJEB43745;PRJEB68046;PRJEB75837;PRJNA533106			no_sra_center
GCA_965614465.2	Schoenus nigricans	2026-04-27	SAMEA110450292	WELLCOME SANGER INSTITUTE	EBI	PRJEB40665;PRJEB43510;PRJEB43745;PRJEB81091;PRJEB90882;PRJNA533106			no_sra_center
GCA_905475405.1	Schrankia costaestrigalis	2021-04-15	SAMEA7520193	WELLCOME SANGER INSTITUTE	EBI	PRJEB40665;PRJEB43510;PRJEB43745;PRJEB43806;PRJEB44055;PRJEB71705;PRJNA533106			no_sra_center
GCA_976919265.1	Schreckensteinia festaliella	2025-10-24	SAMEA115574671	WELLCOME SANGER INSTITUTE	EBI	PRJEB40665;PRJEB43510;PRJEB43745;PRJEB71705;PRJEB94690;PRJEB97150;PRJNA533106			no_sra_center
GCA_964204755.1	Sciapus platypterus	2024-07-27	SAMEA113425464	WELLCOME SANGER INSTITUTE	EBI	PRJEB40665;PRJEB43510;PRJEB43745;PRJEB76763;PRJEB78392;PRJNA533106			no_sra_center
GCA_987216985.1	Sciara hemerobioides	2026-09-08	SAMEA116117380	WELLCOME SANGER INSTITUTE	EBI	PRJEB113338;PRJEB123197;PRJEB40665;PRJEB43510;PRJEB43745;PRJNA533106			no_sra_center
GCA_987216995.1	Sciara hemerobioides	2026-09-05	SAMEA116117380	WELLCOME SANGER INSTITUTE	EBI	PRJEB113338;PRJEB123196;PRJEB40665;PRJEB43510;PRJEB43745;PRJNA533106			no_sra_center
GCA_965151555.2	Scirpus sylvaticus	2025-10-14	SAMEA114782712	WELLCOME SANGER INSTITUTE	EBI	PRJEB40665;PRJEB43510;PRJEB43745;PRJEB81095;PRJEB85819;PRJNA533106			no_sra_center
GCA_986885415.1	Sciuro-hypnum glaciale	2026-08-29	SAMEA13832679	WELLCOME SANGER INSTITUTE	EBI	PRJEB110262;PRJEB120990;PRJEB40665;PRJEB43510;PRJEB43745;PRJNA533106			no_sra_center
GCA_988205345.1	Scleranthus annuus	2026-09-09	SAMEA114564268	WELLCOME SANGER INSTITUTE	EBI	PRJEB123386;PRJEB124244;PRJEB40665;PRJEB43510;PRJEB43745;PRJNA533106			no_sra_center
GCA_963691925.1	Scomber scombrus	2023-12-07	SAMEA110450232	WELLCOME SANGER INSTITUTE	EBI	PRJEB107229;PRJEB40665;PRJEB43510;PRJEB43745;PRJEB69500;PRJEB70589;PRJNA489243;PRJNA533106			no_sra_center
GCA_963921215.1	Scoparia ambigualis	2024-01-05	SAMEA113425673	WELLCOME SANGER INSTITUTE	EBI	PRJEB40665;PRJEB43510;PRJEB43745;PRJEB67625;PRJEB71666;PRJEB71705;PRJNA533106			no_sra_center
GCA_986606705.1	Scoparia basistrigalis	2026-08-24	SAMEA118768318	WELLCOME SANGER INSTITUTE	EBI	PRJEB114913;PRJEB120768;PRJEB40665;PRJEB43510;PRJEB43745;PRJEB71705;PRJNA533106			no_sra_center
GCA_965234025.1	Scoparia pyralella	2025-04-06	SAMEA114805554	WELLCOME SANGER INSTITUTE	EBI	PRJEB40665;PRJEB43510;PRJEB43745;PRJEB71705;PRJEB83531;PRJEB87989;PRJNA533106			no_sra_center
GCA_963854745.1	Scophthalmus maximus	2023-12-15	SAMEA110450106	WELLCOME SANGER INSTITUTE	EBI	PRJEB40665;PRJEB43510;PRJEB43745;PRJEB69510;PRJEB70830;PRJNA489243;PRJNA533106			no_sra_center
GCA_986172585.1	Scopula floslactata	2026-07-01	SAMEA118768423	WELLCOME SANGER INSTITUTE	EBI	PRJEB113384;PRJEB115237;PRJEB40665;PRJEB43510;PRJEB43745;PRJEB71705;PRJNA533106			no_sra_center
GCA_987274335.1	Scopula immorata	2026-09-08	SAMEA118260585	WELLCOME SANGER INSTITUTE	EBI	PRJEB121370;PRJEB123354;PRJEB40665;PRJEB43510;PRJEB43745;PRJEB71705;PRJNA533106			no_sra_center
GCA_987274305.1	Scopula immorata	2026-09-08	SAMEA118260585	WELLCOME SANGER INSTITUTE	EBI	PRJEB121370;PRJEB123353;PRJEB40665;PRJEB43510;PRJEB43745;PRJEB71705;PRJNA533106			no_sra_center
GCA_982935495.1	Scopula immutata	2026-05-18	SAMEA114805561	WELLCOME SANGER INSTITUTE	EBI	PRJEB111413;PRJEB112244;PRJEB40665;PRJEB43510;PRJEB43745;PRJEB71705;PRJNA533106			no_sra_center
GCA_982935515.1	Scopula immutata	2026-05-18	SAMEA114805561	WELLCOME SANGER INSTITUTE	EBI	PRJEB111413;PRJEB112243;PRJEB40665;PRJEB43510;PRJEB43745;PRJEB71705;PRJNA533106			no_sra_center
GCA_977930455.1	Scopula ornata	2026-02-01	SAMEA117491988	WELLCOME SANGER INSTITUTE	EBI	PRJEB105268;PRJEB40665;PRJEB43510;PRJEB43745;PRJEB71705;PRJEB97046;PRJNA533106			no_sra_center
GCA_981259235.1	Scotophaeus blackwallii	2026-02-28	SAMEA114644847	WELLCOME SANGER INSTITUTE	EBI	PRJEB105652;PRJEB108689;PRJEB40665;PRJEB43510;PRJEB43745;PRJNA533106			no_sra_center
GCA_949320045.1	Scotopteryx bipunctaria	2023-03-10	SAMEA111458816	WELLCOME SANGER INSTITUTE	EBI	PRJEB40665;PRJEB43510;PRJEB43745;PRJEB59950;PRJEB60251;PRJEB71705;PRJNA533106			no_sra_center
GCA_964291035.1	Scotopteryx chenopodiata	2024-10-28	SAMEA7701561	WELLCOME SANGER INSTITUTE	EBI	PRJEB40665;PRJEB43510;PRJEB43745;PRJEB71304;PRJEB71705;PRJEB81497;PRJNA533106			no_sra_center
GCA_949820665.1	Scrobipalpa costella	2023-04-19	SAMEA111458712	WELLCOME SANGER INSTITUTE	EBI	PRJEB40665;PRJEB43510;PRJEB43745;PRJEB60825;PRJEB61373;PRJEB71705;PRJNA533106			no_sra_center
GCA_965112585.1	Scrobipalpa ocellatella	2025-01-23	SAMEA113425641	WELLCOME SANGER INSTITUTE	EBI	PRJEB40665;PRJEB43510;PRJEB43745;PRJEB71705;PRJEB76329;PRJEB84232;PRJNA533106			no_sra_center
GCA_984798885.1	Scrophularia umbrosa	2026-06-26	SAMEA114782674	WELLCOME SANGER INSTITUTE	EBI	PRJEB112930;PRJEB114407;PRJEB40665;PRJEB43510;PRJEB43745;PRJNA533106			no_sra_center
GCA_984799045.1	Scrophularia umbrosa	2026-06-26	SAMEA114782674	WELLCOME SANGER INSTITUTE	EBI	PRJEB112930;PRJEB114406;PRJEB40665;PRJEB43510;PRJEB43745;PRJNA533106			no_sra_center
GCA_946896805.1	Scutellaria galericulata	2022-09-21	SAMEA7522633	WELLCOME SANGER INSTITUTE	EBI	PRJEB40665;PRJEB43510;PRJEB43745;PRJEB50876;PRJEB55660;PRJNA533106			no_sra_center
GCA_954870855.1	Scutellaria minor	2023-07-14	SAMEA7522634	WELLCOME SANGER INSTITUTE	EBI	PRJEB40665;PRJEB43510;PRJEB43745;PRJEB57113;PRJEB63241;PRJNA533106			no_sra_center
GCA_964340755.1	Scythris empetrella	2024-11-18	SAMEA113425621	WELLCOME SANGER INSTITUTE	EBI	PRJEB40665;PRJEB43510;PRJEB43745;PRJEB71705;PRJEB76331;PRJEB82592;PRJNA533106			no_sra_center
GCA_988222095.1	Scythris inspersella	2026-08-31	SAMEA120504109	WELLCOME SANGER INSTITUTE	EBI	PRJEB123488;PRJEB124483;PRJEB40665;PRJEB43510;PRJEB43745;PRJEB71705;PRJNA533106			no_sra_center
GCA_988222025.1	Scythris inspersella	2026-09-02	SAMEA120504109	WELLCOME SANGER INSTITUTE	EBI	PRJEB123488;PRJEB124484;PRJEB40665;PRJEB43510;PRJEB43745;PRJEB71705;PRJNA533106			no_sra_center
GCA_984577555.1	Scythris picaepennis	2026-06-17	SAMEA118768048	WELLCOME SANGER INSTITUTE	EBI	PRJEB112691;PRJEB113668;PRJEB40665;PRJEB43510;PRJEB43745;PRJEB71705;PRJNA533106			no_sra_center
GCA_981319805.1	Scythropia crataegella	2026-02-28	SAMEA7701312	WELLCOME SANGER INSTITUTE	EBI	PRJEB108363;PRJEB108682;PRJEB40665;PRJEB43510;PRJEB43745;PRJEB71705;PRJNA533106			no_sra_center
GCA_987194855.1	Sebastes mentella	2026-09-08	SAMEA115664724	WELLCOME SANGER INSTITUTE	EBI	PRJEB122784;PRJEB40665;PRJEB43510;PRJEB43745;PRJEB98946;PRJNA489243;PRJNA533106			no_sra_center
GCA_966183415.1	Sedum acre	2025-08-23	SAMEA114389500	WELLCOME SANGER INSTITUTE	EBI	PRJEB125134;PRJEB40665;PRJEB43510;PRJEB43745;PRJEB80366;PRJEB85400;PRJEB95840;PRJNA533106			no_sra_center
GCA_966183405.1	Sedum acre	2025-08-23	SAMEA114389500	WELLCOME SANGER INSTITUTE	EBI	PRJEB125134;PRJEB40665;PRJEB43510;PRJEB43745;PRJEB80366;PRJEB85400;PRJEB95839;PRJNA533106			no_sra_center
GCA_986171075.1	Sedum album	2026-07-04	SAMEA114214491	WELLCOME SANGER INSTITUTE	EBI	PRJEB112710;PRJEB115206;PRJEB40665;PRJEB43510;PRJEB43745;PRJNA533106			no_sra_center
GCA_965642505.1	Segestria senoculata	2025-07-30	SAMEA8563711	WELLCOME SANGER INSTITUTE	EBI	PRJEB40665;PRJEB43510;PRJEB43745;PRJEB75888;PRJEB93855;PRJNA489243;PRJNA533106			no_sra_center
GCA_965642455.1	Segestria senoculata	2025-07-30	SAMEA8563711	WELLCOME SANGER INSTITUTE	EBI	PRJEB40665;PRJEB43510;PRJEB43745;PRJEB75888;PRJEB93854;PRJNA489243;PRJNA533106			no_sra_center
GCA_913789895.3	Seladonia tumulorum	2022-02-09	SAMEA7746445	WELLCOME SANGER INSTITUTE	EBI	PRJEB40665;PRJEB43510;PRJEB43745;PRJEB45675;PRJEB47128;PRJNA533106			no_sra_center
GCA_965654355.1	Selandria serva	2025-08-03	SAMEA112963078	WELLCOME SANGER INSTITUTE	EBI	PRJEB40665;PRJEB43510;PRJEB43745;PRJEB83154;PRJEB94843;PRJNA533106			no_sra_center
GCA_917880725.1	Selenia dentaria	2021-11-18	SAMEA7701559	WELLCOME SANGER INSTITUTE	EBI	PRJEB40665;PRJEB43510;PRJEB43745;PRJEB46846;PRJEB48177;PRJEB71705;PRJNA533106			no_sra_center
GCA_984574215.1	Selenia tetralunaria	2026-06-15	SAMEA7701471	WELLCOME SANGER INSTITUTE	EBI	PRJEB112097;PRJEB113590;PRJEB40665;PRJEB43510;PRJEB43745;PRJEB71705;PRJNA533106			no_sra_center
GCA_986264855.1	Semibalanus balanoides	2026-07-04	SAMEA8724915	WELLCOME SANGER INSTITUTE	EBI	PRJEB112471;PRJEB115349;PRJEB40665;PRJEB43510;PRJEB43745;PRJNA533106			no_sra_center
GCA_965199645.1	Senecio sylvaticus	2025-03-14	SAMEA110450285	WELLCOME SANGER INSTITUTE	EBI	PRJEB125134;PRJEB40665;PRJEB43510;PRJEB43745;PRJEB80366;PRJEB84436;PRJEB86863;PRJNA533106			no_sra_center
GCA_965199475.1	Senecio sylvaticus	2025-03-14	SAMEA110450285	WELLCOME SANGER INSTITUTE	EBI	PRJEB125134;PRJEB40665;PRJEB43510;PRJEB43745;PRJEB80366;PRJEB84436;PRJEB86862;PRJNA533106			no_sra_center
GCA_965637395.2	Senecio viscosus	2026-04-04	SAMEA114782689	WELLCOME SANGER INSTITUTE	EBI	PRJEB40665;PRJEB43510;PRJEB43745;PRJEB81025;PRJEB91623;PRJNA533106			no_sra_center
GCA_988225185.1	Senecio vulgaris	2026-09-09	SAMEA9143027	WELLCOME SANGER INSTITUTE	EBI	PRJEB123769;PRJEB124721;PRJEB125134;PRJEB40665;PRJEB43510;PRJEB43745;PRJEB80366;PRJNA533106			no_sra_center
GCA_976984625.1	Senotainia conica	2025-10-26	SAMEA112964187	WELLCOME SANGER INSTITUTE	EBI	PRJEB40665;PRJEB43510;PRJEB43745;PRJEB92314;PRJEB98272;PRJNA533106			no_sra_center
GCA_984885405.1	Senta flammea	2026-06-27	SAMEA118540018	WELLCOME SANGER INSTITUTE	EBI	PRJEB113386;PRJEB114695;PRJEB40665;PRJEB43510;PRJEB43745;PRJEB71705;PRJNA533106			no_sra_center
GCA_984885515.1	Senta flammea	2026-06-30	SAMEA118540018	WELLCOME SANGER INSTITUTE	EBI	PRJEB113386;PRJEB114694;PRJEB40665;PRJEB43510;PRJEB43745;PRJEB71705;PRJNA533106			no_sra_center
GCA_988143715.1	Sepedon sphegea	2026-09-09	SAMEA10166786	WELLCOME SANGER INSTITUTE	EBI	PRJEB124112;PRJEB40665;PRJEB43510;PRJEB43745;PRJEB59366;PRJNA533106			no_sra_center
GCA_973946265.1	Serica brunnea	2025-10-26	SAMEA112198529	WELLCOME SANGER INSTITUTE	EBI	PRJEB40665;PRJEB43510;PRJEB43745;PRJEB80060;PRJEB96439;PRJNA533106			no_sra_center
GCA_964264485.1	Sericomyia silentis	2024-09-18	SAMEA7702260	WELLCOME SANGER INSTITUTE	EBI	PRJEB40665;PRJEB43510;PRJEB43745;PRJEB62165;PRJEB80174;PRJNA533106			no_sra_center
GCA_966197015.1	Serpula vermicularis	2025-08-23	SAMEA112789120	WELLCOME SANGER INSTITUTE	EBI	PRJEB40665;PRJEB43510;PRJEB43745;PRJEB82143;PRJEB95914;PRJNA533106			no_sra_center
GCA_984799165.1	Serratella ignita	2026-06-26	SAMEA112222321	WELLCOME SANGER INSTITUTE	EBI	PRJEB103872;PRJEB114466;PRJEB40665;PRJEB43510;PRJEB43745;PRJNA533106			no_sra_center
GCA_965641995.1	Sertularella gayi	2025-07-19	SAMEA111562179	WELLCOME SANGER INSTITUTE	EBI	PRJEB40665;PRJEB43510;PRJEB43745;PRJEB80923;PRJEB92173;PRJNA533106			no_sra_center
GCA_988323115.1	Seseli libanotis	2026-10-03	SAMEA115503527	WELLCOME SANGER INSTITUTE	European Bioinformatics Institute	PRJEB123992;PRJEB127711;PRJEB40665;PRJEB43510;PRJEB43745;PRJNA533106			no_sra_center
GCA_914767545.1	Sesia apiformis	2021-09-16	SAMEA7701281	WELLCOME SANGER INSTITUTE	EBI	PRJEB40665;PRJEB43510;PRJEB43745;PRJEB46325;PRJEB47347;PRJEB71705;PRJNA533106			no_sra_center
GCA_943735995.1	Sesia bembeciformis	2022-06-24	SAMEA10978929	WELLCOME SANGER INSTITUTE	EBI	PRJEB40665;PRJEB43510;PRJEB43745;PRJEB52659;PRJEB53303;PRJEB71705;PRJNA533106			no_sra_center
GCA_988323475.1	Setina irrorella	2026-10-03	SAMEA121309943	WELLCOME SANGER INSTITUTE	EBI	PRJEB123652;PRJEB127761;PRJEB40665;PRJEB43510;PRJEB43745;PRJEB71705;PRJNA533106			no_sra_center
GCA_987195795.1	Shargacucullia lychnitis	2026-09-02	SAMEA117491964	WELLCOME SANGER INSTITUTE	EBI	PRJEB115845;PRJEB122799;PRJEB40665;PRJEB43510;PRJEB43745;PRJEB71705;PRJNA533106			no_sra_center
GCA_947562105.1	Shargacucullia verbasci	2022-12-13	SAMEA7524383	WELLCOME SANGER INSTITUTE	EBI	PRJEB40665;PRJEB43510;PRJEB43745;PRJEB56253;PRJEB58167;PRJEB71705;PRJNA533106			no_sra_center
GCA_948330725.1	Sherardia arvensis	2023-01-26	SAMEA9143091	WELLCOME SANGER INSTITUTE	EBI	PRJEB125134;PRJEB40665;PRJEB43510;PRJEB43745;PRJEB50877;PRJEB59033;PRJEB80366;PRJNA533106			no_sra_center
GCA_961205875.1	Sialis fuliginosa	2023-07-28	SAMEA112221774	WELLCOME SANGER INSTITUTE	EBI	PRJEB40665;PRJEB43510;PRJEB43745;PRJEB62622;PRJEB64607;PRJNA533106			no_sra_center
GCA_949319165.1	Sialis lutaria	2023-03-12	SAMEA7520813	WELLCOME SANGER INSTITUTE	EBI	PRJEB40665;PRJEB43510;PRJEB43745;PRJEB59380;PRJEB60236;PRJNA533106			no_sra_center
GCA_984662695.1	Sibbaldia procumbens	2026-06-22	SAMEA114782734	WELLCOME SANGER INSTITUTE	EBI	PRJEB112936;PRJEB114285;PRJEB125134;PRJEB40665;PRJEB43510;PRJEB43745;PRJEB80366;PRJNA533106			no_sra_center
GCA_984657555.1	Sibbaldia procumbens	2026-06-22	SAMEA114782734	WELLCOME SANGER INSTITUTE	EBI	PRJEB112936;PRJEB114284;PRJEB125134;PRJEB40665;PRJEB43510;PRJEB43745;PRJEB80366;PRJNA533106			no_sra_center
GCA_922984085.2	Sicus ferrugineus	2025-11-27	SAMEA7520692	WELLCOME SANGER INSTITUTE	EBI	PRJEB40665;PRJEB43510;PRJEB43745;PRJEB48117;PRJEB49373;PRJNA533106			no_sra_center
GCA_977019835.1	Silba fumosa	2025-11-08	SAMEA112222192	WELLCOME SANGER INSTITUTE	EBI	PRJEB102345;PRJEB40665;PRJEB43510;PRJEB43745;PRJEB74714;PRJNA533106			no_sra_center
GCA_981406025.1	Silene acaulis	2026-03-01	SAMEA9335103	WELLCOME SANGER INSTITUTE	EBI	PRJEB108349;PRJEB108752;PRJEB125134;PRJEB40665;PRJEB43510;PRJEB43745;PRJEB80366;PRJNA533106			no_sra_center
GCA_986694495.1	Silene dioica	2026-09-01	SAMEA9143086	WELLCOME SANGER INSTITUTE	EBI	PRJEB120809;PRJEB125134;PRJEB40665;PRJEB43510;PRJEB43745;PRJEB80366;PRJEB82535;PRJNA533106			no_sra_center
GCA_988324705.1	Silene noctiflora	2026-10-04	SAMEA116348536	WELLCOME SANGER INSTITUTE	EBI	PRJEB124343;PRJEB125995;PRJEB40665;PRJEB43510;PRJEB43745;PRJNA533106			no_sra_center
GCA_963930825.1	Silvanus unidentatus	2024-01-31	SAMEA9654289	WELLCOME SANGER INSTITUTE	EBI	PRJEB40665;PRJEB43510;PRJEB43745;PRJEB61224;PRJEB72183;PRJNA533106			no_sra_center
GCA_977928735.1	Simacauda dicommatias	2026-01-23	SAMEA116354080	WELLCOME SANGER INSTITUTE	EBI	PRJEB100911;PRJEB105161;PRJEB40665;PRJEB43510;PRJEB43745;PRJEB71705;PRJNA533106			no_sra_center
GCA_964211815.1	Simplicillium lamellicola	2024-07-31	SAMEA110449761	WELLCOME SANGER INSTITUTE	EBI	PRJEB40665;PRJEB43510;PRJEB43745;PRJEB67595;PRJEB78487;PRJNA533106			no_sra_center
GCA_949825025.1	Siphlonurus alternatus	2023-04-19	SAMEA110034127	WELLCOME SANGER INSTITUTE	EBI	PRJEB40665;PRJEB43510;PRJEB43745;PRJEB59085;PRJEB61391;PRJNA533106			no_sra_center
GCA_988288955.1	Sisymbrium orientale	2026-09-22	SAMEA116348539	WELLCOME SANGER INSTITUTE	EBI	PRJEB123980;PRJEB127089;PRJEB40665;PRJEB43510;PRJEB43745;PRJNA533106			no_sra_center
GCA_958496155.1	Sisyra nigra	2023-07-18	SAMEA7521517	WELLCOME SANGER INSTITUTE	EBI	PRJEB40665;PRJEB43510;PRJEB43745;PRJEB62618;PRJEB64362;PRJNA533106			no_sra_center
GCA_958496175.1	Sisyra terminalis	2023-07-18	SAMEA112232779	WELLCOME SANGER INSTITUTE	EBI	PRJEB40665;PRJEB43510;PRJEB43745;PRJEB63428;PRJEB64375;PRJNA533106			no_sra_center
GCA_980434415.1	Sitochroa palealis	2026-02-20	SAMEA118768189	WELLCOME SANGER INSTITUTE	EBI	PRJEB106027;PRJEB108409;PRJEB40665;PRJEB43510;PRJEB43745;PRJEB71705;PRJNA533106			no_sra_center
GCA_986694485.1	Sitona cylindricollis	2026-08-22	SAMEA118257133	WELLCOME SANGER INSTITUTE	EBI	PRJEB113732;PRJEB120816;PRJEB40665;PRJEB43510;PRJEB43745;PRJNA533106			no_sra_center
GCA_964263205.1	Sitona lineatus	2024-09-15	SAMEA9654286	WELLCOME SANGER INSTITUTE	EBI	PRJEB40665;PRJEB43510;PRJEB43745;PRJEB77503;PRJEB79950;PRJNA533106			no_sra_center
GCA_986173685.1	Sitona obsoletus	2026-07-04	SAMEA118256949	WELLCOME SANGER INSTITUTE	EBI	PRJEB113122;PRJEB115219;PRJEB40665;PRJEB43510;PRJEB43745;PRJNA533106			no_sra_center
GCA_965644355.1	Smerinthus ocellatus	2025-07-28	SAMEA115949021	WELLCOME SANGER INSTITUTE	EBI	PRJEB40665;PRJEB43510;PRJEB43745;PRJEB71705;PRJEB89633;PRJEB94159;PRJNA533106			no_sra_center
GCA_965644365.1	Smerinthus ocellatus	2025-07-28	SAMEA115949021	WELLCOME SANGER INSTITUTE	EBI	PRJEB40665;PRJEB43510;PRJEB43745;PRJEB71705;PRJEB89633;PRJEB94158;PRJNA533106			no_sra_center
GCA_984577675.1	Smerinthus ocellatus	2026-06-17	SAMEA114805559	WELLCOME SANGER INSTITUTE	EBI	PRJEB113670;PRJEB40665;PRJEB43510;PRJEB43745;PRJEB71705;PRJEB89633;PRJNA533106			no_sra_center
GCA_947179165.2	Solanum dulcamara	2022-12-06	SAMEA7522044	WELLCOME SANGER INSTITUTE	EBI	PRJEB40665;PRJEB43510;PRJEB43745;PRJEB47312;PRJEB56942;PRJNA533106			no_sra_center
GCA_964243065.1	Solanum nigrum	2024-08-31	SAMEA112287509	WELLCOME SANGER INSTITUTE	EBI	PRJEB125134;PRJEB40665;PRJEB43510;PRJEB43745;PRJEB78646;PRJEB79341;PRJEB80366;PRJNA533106			no_sra_center
GCA_965663515.1	Solidago canadensis	2025-08-22	SAMEA114782676	WELLCOME SANGER INSTITUTE	EBI	PRJEB40665;PRJEB43510;PRJEB43745;PRJEB78929;PRJEB94972;PRJNA533106			no_sra_center
GCA_984799025.1	Solidago virgaurea	2026-06-26	SAMEA11478547	WELLCOME SANGER INSTITUTE	EBI	PRJEB112972;PRJEB114460;PRJEB125134;PRJEB40665;PRJEB43510;PRJEB43745;PRJEB80366;PRJNA533106			no_sra_center
GCA_978407325.1	Somatochlora arctica	2026-03-01	SAMEA12997840	WELLCOME SANGER INSTITUTE	EBI	PRJEB105638;PRJEB107260;PRJEB40665;PRJEB43510;PRJEB43745;PRJNA533106			no_sra_center
GCA_984661635.1	Sonchus oleraceus	2026-06-22	SAMEA111431173	WELLCOME SANGER INSTITUTE	EBI	PRJEB112451;PRJEB114278;PRJEB125134;PRJEB40665;PRJEB43510;PRJEB43745;PRJEB80366;PRJNA533106			no_sra_center
GCA_988322685.1	Sonchus palustris	2026-10-03	SAMEA118967400	WELLCOME SANGER INSTITUTE	EBI	PRJEB124000;PRJEB127670;PRJEB40665;PRJEB43510;PRJEB43745;PRJNA533106			no_sra_center
GCA_988137135.1	Sonronius dahlbomi	2026-09-09	SAMEA112232809	WELLCOME SANGER INSTITUTE	EBI	PRJEB122673;PRJEB124040;PRJEB40665;PRJEB43510;PRJEB43745;PRJNA533106			no_sra_center
GCA_984589615.1	Sophronia semicostella	2026-06-21	SAMEA118768501	WELLCOME SANGER INSTITUTE	EBI	PRJEB112461;PRJEB114213;PRJEB40665;PRJEB43510;PRJEB43745;PRJEB71705;PRJNA533106			no_sra_center
GCA_984652775.1	Southbya tophacea	2026-07-10	SAMEA117801518	WELLCOME SANGER INSTITUTE	EBI	PRJEB110224;PRJEB114274;PRJEB40665;PRJEB43510;PRJEB43745;PRJNA533106			no_sra_center
GCA_982474415.1	Spania nigra	2026-04-16	SAMEA114645010	WELLCOME SANGER INSTITUTE	EBI	PRJEB111490;PRJEB40665;PRJEB43510;PRJEB43745;PRJEB89142;PRJNA533106			no_sra_center
GCA_982473615.1	Spania nigra	2026-04-16	SAMEA114645010	WELLCOME SANGER INSTITUTE	EBI	PRJEB111491;PRJEB40665;PRJEB43510;PRJEB43745;PRJEB89142;PRJNA533106			no_sra_center
GCA_965199605.1	Sparassis minoensis	2025-03-13	SAMEA9873918	WELLCOME SANGER INSTITUTE	EBI	PRJEB40665;PRJEB43510;PRJEB43745;PRJEB85842;PRJEB86867;PRJNA533106			no_sra_center
GCA_965199485.1	Sparassis minoensis	2025-03-13	SAMEA9873918	WELLCOME SANGER INSTITUTE	EBI	PRJEB40665;PRJEB43510;PRJEB43745;PRJEB85842;PRJEB86866;PRJNA533106			no_sra_center
GCA_965211985.2	Sparganium emersum	2025-10-26	SAMEA114782675	WELLCOME SANGER INSTITUTE	EBI	PRJEB40665;PRJEB43510;PRJEB43745;PRJEB81097;PRJEB86978;PRJNA533106			no_sra_center
GCA_965251275.2	Sparganium erectum	2025-10-26	SAMEA9335618	WELLCOME SANGER INSTITUTE	EBI	PRJEB40665;PRJEB43510;PRJEB43745;PRJEB81099;PRJEB88718;PRJNA533106			no_sra_center
GCA_974392515.1	Spatalistis bifasciana	2025-10-24	SAMEA117574231	WELLCOME SANGER INSTITUTE	EBI	PRJEB40665;PRJEB43510;PRJEB43745;PRJEB71705;PRJEB96598;PRJEB97730;PRJNA533106			no_sra_center
GCA_977066335.1	Spatula clypeata	2025-11-28	SAMEA115433011	WELLCOME SANGER INSTITUTE	European Bioinformatics Institute	PRJEB103976;PRJEB40665;PRJEB43510;PRJEB43745;PRJEB78310;PRJNA489243;PRJNA533106			no_sra_center
GCA_965199325.1	Spergula arvensis	2025-03-13	SAMEA114563334	WELLCOME SANGER INSTITUTE	EBI	PRJEB40665;PRJEB43510;PRJEB43745;PRJEB85392;PRJEB86816;PRJNA533106			no_sra_center
GCA_963457585.1	Spergularia bocconei	2023-09-20	SAMEA110450233	WELLCOME SANGER INSTITUTE	EBI	PRJEB40665;PRJEB43510;PRJEB43745;PRJEB65700;PRJEB66090;PRJNA533106			no_sra_center
GCA_963680865.1	Spergularia marina	2023-12-07	SAMEA10241424	WELLCOME SANGER INSTITUTE	EBI	PRJEB40665;PRJEB43510;PRJEB43745;PRJEB68268;PRJEB70448;PRJNA533106			no_sra_center
GCA_977013595.1	Sphaeridium bipustulatum	2025-11-07	SAMEA112774817	WELLCOME SANGER INSTITUTE	EBI	PRJEB100567;PRJEB40665;PRJEB43510;PRJEB43745;PRJEB92312;PRJNA533106			no_sra_center
GCA_965230695.1	Sphaerium corneum	2025-03-28	SAMEA7521339	WELLCOME SANGER INSTITUTE	EBI	PRJEB40665;PRJEB43510;PRJEB43745;PRJEB79108;PRJEB87588;PRJNA533106			no_sra_center
GCA_983203555.1	Sphaerocystis schroeteri	2026-05-24	SAMEA110255647	WELLCOME SANGER INSTITUTE	EBI	PRJEB110756;PRJEB112604;PRJEB40665;PRJEB43510;PRJEB43745;PRJNA533106			no_sra_center
GCA_971796245.1	Sphaeroderma testaceum	2025-09-13	SAMEA113425596	WELLCOME SANGER INSTITUTE	EBI	PRJEB40665;PRJEB43510;PRJEB43745;PRJEB77537;PRJEB96099;PRJNA533106			no_sra_center
GCA_984660545.1	Sphaeroma serratum	2026-06-22	SAMEA13831398	WELLCOME SANGER INSTITUTE	EBI	PRJEB114318;PRJEB40665;PRJEB43510;PRJEB43745;PRJEB96167;PRJNA533106			no_sra_center
GCA_982345105.1	Sphaerophoria rueppellii	2026-03-25	SAMEA114806225	WELLCOME SANGER INSTITUTE	EBI	PRJEB110456;PRJEB40665;PRJEB43510;PRJEB43745;PRJEB80951;PRJNA533106			no_sra_center
GCA_982345045.1	Sphaerophoria rueppellii	2026-03-25	SAMEA114806225	WELLCOME SANGER INSTITUTE	EBI	PRJEB110455;PRJEB40665;PRJEB43510;PRJEB43745;PRJEB80951;PRJNA533106			no_sra_center
GCA_988241195.1	Sphaerophoria scripta	2026-09-10	SAMEA7520164	WELLCOME SANGER INSTITUTE	EBI	PRJEB123065;PRJEB125693;PRJEB40665;PRJEB43510;PRJEB43745;PRJNA533106			no_sra_center
GCA_943590905.1	Sphaerophoria taeniata	2022-06-24	SAMEA7746606	WELLCOME SANGER INSTITUTE	EBI	PRJEB40665;PRJEB43510;PRJEB43745;PRJEB51162;PRJEB53171;PRJNA533106			no_sra_center
GCA_987196775.1	Sphagnum capillifolium	2026-09-03	SAMEA114215378	WELLCOME SANGER INSTITUTE	EBI	PRJEB120776;PRJEB122762;PRJEB40665;PRJEB43510;PRJEB43745;PRJNA533106			no_sra_center
GCA_984573725.1	Sphagnum compactum	2026-06-07	SAMEA114782759	WELLCOME SANGER INSTITUTE	EBI	PRJEB110563;PRJEB113479;PRJEB40665;PRJEB43510;PRJEB43745;PRJNA533106			no_sra_center
GCA_963920785.2	Sphagnum contortum	2025-04-13	SAMEA10332317	WELLCOME SANGER INSTITUTE	EBI	PRJEB40665;PRJEB43510;PRJEB43745;PRJEB68278;PRJEB71544;PRJNA533106			no_sra_center
GCA_988322475.1	Sphagnum fallax	2026-10-03	SAMEA114214456	WELLCOME SANGER INSTITUTE	EBI	PRJEB123608;PRJEB125993;PRJEB40665;PRJEB43510;PRJEB43745;PRJNA533106			no_sra_center
GCA_988282015.1	Sphagnum fimbriatum	2026-09-17	SAMEA10332324	WELLCOME SANGER INSTITUTE	EBI	PRJEB123634;PRJEB126827;PRJEB40665;PRJEB43510;PRJEB43745;PRJNA533106			no_sra_center
GCA_965217355.1	Sphagnum girgensohnii	2025-03-21	SAMEA110449506	WELLCOME SANGER INSTITUTE	EBI	PRJEB40665;PRJEB43510;PRJEB43745;PRJEB70982;PRJEB87295;PRJNA533106			no_sra_center
GCA_965644395.1	Sphagnum lindbergii	2025-07-28	SAMEA115550870	WELLCOME SANGER INSTITUTE	EBI	PRJEB40665;PRJEB43510;PRJEB43745;PRJEB90412;PRJEB94203;PRJNA533106			no_sra_center
GCA_965637455.2	Sphagnum palustre	2026-04-04	SAMEA110449500	WELLCOME SANGER INSTITUTE	EBI	PRJEB40665;PRJEB43510;PRJEB43745;PRJEB79708;PRJEB91620;PRJNA533106			no_sra_center
GCA_984573845.1	Sphagnum papillosum	2026-06-10	SAMEA10332312	WELLCOME SANGER INSTITUTE	EBI	PRJEB110724;PRJEB113480;PRJEB40665;PRJEB43510;PRJEB43745;PRJNA533106			no_sra_center
GCA_965644045.1	Sphagnum riparium	2025-07-27	SAMEA115550858	WELLCOME SANGER INSTITUTE	EBI	PRJEB40665;PRJEB43510;PRJEB43745;PRJEB90414;PRJEB94092;PRJNA533106			no_sra_center
GCA_965644475.1	Sphagnum rubellum	2025-07-28	SAMEA111431355	WELLCOME SANGER INSTITUTE	EBI	PRJEB40665;PRJEB43510;PRJEB43745;PRJEB90416;PRJEB94204;PRJNA533106			no_sra_center
GCA_982822115.1	Sphagnum russowii	2026-05-18	SAMEA114214439	WELLCOME SANGER INSTITUTE	EBI	PRJEB110551;PRJEB112211;PRJEB40665;PRJEB43510;PRJEB43745;PRJNA533106			no_sra_center
GCA_984577395.1	Sphagnum squarrosum	2026-06-17	SAMEA114782747	WELLCOME SANGER INSTITUTE	EBI	PRJEB110559;PRJEB113652;PRJEB40665;PRJEB43510;PRJEB43745;PRJNA533106			no_sra_center
GCA_963921925.2	Sphagnum tenellum	2025-04-16	SAMEA10332304	WELLCOME SANGER INSTITUTE	EBI	PRJEB40665;PRJEB43510;PRJEB43745;PRJEB65221;PRJEB71845;PRJNA533106			no_sra_center
GCA_965649795.1	Sphagnum teres	2025-07-31	SAMEA114782771	WELLCOME SANGER INSTITUTE	EBI	PRJEB125134;PRJEB40665;PRJEB43510;PRJEB43745;PRJEB80366;PRJEB90418;PRJEB94509;PRJNA533106			no_sra_center
GCA_983180585.1	Sphecodes crassus	2026-06-15	SAMEA113425699	WELLCOME SANGER INSTITUTE	EBI	PRJEB106445;PRJEB112537;PRJEB40665;PRJEB43510;PRJEB43745;PRJNA533106			no_sra_center
GCA_965231285.1	Sphecodes ephippius	2025-03-29	SAMEA7746758	WELLCOME SANGER INSTITUTE	EBI	PRJEB40665;PRJEB43510;PRJEB43745;PRJEB55972;PRJEB87639;PRJNA533106			no_sra_center
GCA_984589465.1	Sphecodes longulus	2026-06-22	SAMEA114644894	WELLCOME SANGER INSTITUTE	EBI	PRJEB105176;PRJEB114222;PRJEB40665;PRJEB43510;PRJEB43745;PRJNA533106			no_sra_center
GCA_913789915.3	Sphecodes monilicornis	2022-02-09	SAMEA7746755	WELLCOME SANGER INSTITUTE	EBI	PRJEB40665;PRJEB43510;PRJEB43745;PRJEB45672;PRJEB47131;PRJNA533106			no_sra_center
GCA_987568005.1	Sphecodes pellucidus	2026-09-09	SAMEA114644889	WELLCOME SANGER INSTITUTE	EBI	PRJEB111292;PRJEB123863;PRJEB40665;PRJEB43510;PRJEB43745;PRJNA533106			no_sra_center
GCA_987106565.1	Sphecodes puncticeps	2026-09-01	SAMEA114644892	WELLCOME SANGER INSTITUTE	EBI	PRJEB110752;PRJEB121315;PRJEB40665;PRJEB43510;PRJEB43745;PRJNA533106			no_sra_center
GCA_986175475.1	Sphecodes scabricollis	2026-07-04	SAMEA118280309	WELLCOME SANGER INSTITUTE	EBI	PRJEB106273;PRJEB115242;PRJEB40665;PRJEB43510;PRJEB43745;PRJNA533106			no_sra_center
GCA_951509765.1	Sphenella marginata	2023-05-15	SAMEA7746749	WELLCOME SANGER INSTITUTE	EBI	PRJEB40665;PRJEB43510;PRJEB43745;PRJEB59087;PRJEB62116;PRJNA533106			no_sra_center
GCA_978020635.1	Sphinx ligustri	2026-01-25	SAMEA10978927	WELLCOME SANGER INSTITUTE	EBI	PRJEB103881;PRJEB106551;PRJEB40665;PRJEB43510;PRJEB43745;PRJEB71705;PRJNA533106			no_sra_center
GCA_947568825.1	Sphinx pinastri	2022-12-16	SAMEA7701449	WELLCOME SANGER INSTITUTE	EBI	PRJEB40665;PRJEB43510;PRJEB43745;PRJEB56126;PRJEB58213;PRJEB71705;PRJNA533106			no_sra_center
GCA_916048165.1	Spilarctia lutea	2021-09-22	SAMEA7631557	WELLCOME SANGER INSTITUTE	EBI	PRJEB40665;PRJEB43510;PRJEB43745;PRJEB46310;PRJEB47509;PRJEB71705;PRJNA533106			no_sra_center
GCA_905220595.1	Spilosoma lubricipeda	2021-02-16	SAMEA7520525	WELLCOME SANGER INSTITUTE	EBI	PRJEB40665;PRJEB42894;PRJEB42957;PRJEB43510;PRJEB43745;PRJEB71705;PRJNA533106			no_sra_center
GCA_964188045.1	Spilosoma urticae	2024-06-21	SAMEA112963214	WELLCOME SANGER INSTITUTE	EBI	PRJEB40665;PRJEB43510;PRJEB43745;PRJEB71705;PRJEB73653;PRJEB76723;PRJNA533106			no_sra_center
GCA_965284715.1	Spinacia oleracea	2025-05-31	SAMEA114563333	WELLCOME SANGER INSTITUTE	EBI	PRJEB40665;PRJEB43510;PRJEB43745;PRJEB89332;PRJEB89682;PRJNA533106			no_sra_center
GCA_987197695.1	Spinus spinus	2026-09-02	SAMEA118680294	WELLCOME SANGER INSTITUTE	EBI	PRJEB115923;PRJEB122749;PRJEB40665;PRJEB43510;PRJEB43745;PRJNA489243;PRJNA533106			no_sra_center
GCA_984589535.1	Spiraea salicifolia	2026-06-22	SAMEA114563330	WELLCOME SANGER INSTITUTE	EBI	PRJEB112719;PRJEB114174;PRJEB125134;PRJEB40665;PRJEB43510;PRJEB43745;PRJEB80366;PRJNA533106			no_sra_center
GCA_947247005.1	Spisula solida	2022-10-30	SAMEA8724796	WELLCOME SANGER INSTITUTE	EBI	PRJEB40665;PRJEB43510;PRJEB43745;PRJEB56104;PRJEB57180;PRJNA533106			no_sra_center
GCA_963678985.1	Spisula subtruncata	2023-12-10	SAMEA110450095	WELLCOME SANGER INSTITUTE	EBI	PRJEB40665;PRJEB43510;PRJEB43745;PRJEB61702;PRJEB70274;PRJNA533106			no_sra_center
GCA_975259135.1	Splachnum sphaericum	2025-10-10	SAMEA10904450	WELLCOME SANGER INSTITUTE	EBI	PRJEB40665;PRJEB43510;PRJEB43745;PRJEB94754;PRJEB97508;PRJNA533106			no_sra_center
GCA_984574035.1	Spodoptera exigua	2026-05-31	SAMEA118768002	WELLCOME SANGER INSTITUTE	EBI	PRJEB112324;PRJEB113595;PRJEB40665;PRJEB43510;PRJEB43745;PRJEB71705;PRJNA533106			no_sra_center
GCA_963457725.1	Sprattus sprattus	2023-09-20	SAMEA111562173	WELLCOME SANGER INSTITUTE	EBI	PRJEB40665;PRJEB43510;PRJEB43745;PRJEB65263;PRJEB66150;PRJNA489243;PRJNA533106			no_sra_center
GCA_988221735.1	Spuleria flavicaput	2026-09-03	SAMEA118768061	WELLCOME SANGER INSTITUTE	EBI	PRJEB123502;PRJEB124485;PRJEB40665;PRJEB43510;PRJEB43745;PRJEB71705;PRJNA533106			no_sra_center
GCA_949319135.1	Squalius cephalus	2023-04-08	SAMEA11296547	WELLCOME SANGER INSTITUTE	EBI	PRJEB107229;PRJEB40665;PRJEB43510;PRJEB43745;PRJEB59952;PRJEB60239;PRJNA489243;PRJNA533106			no_sra_center
GCA_965217345.1	Stachys alpina	2025-03-21	SAMEA114564285	WELLCOME SANGER INSTITUTE	EBI	PRJEB40665;PRJEB43510;PRJEB43745;PRJEB85036;PRJEB87299;PRJNA533106			no_sra_center
GCA_987201635.1	Stagnicola palustris	2026-09-08	SAMEA118767871	WELLCOME SANGER INSTITUTE	EBI	PRJEB112481;PRJEB123021;PRJEB125134;PRJEB40665;PRJEB43510;PRJEB43745;PRJEB80366;PRJNA533106			no_sra_center
GCA_964057025.1	Standfussiana lucernea	2024-05-19	SAMEA112819850	WELLCOME SANGER INSTITUTE	EBI	PRJEB40665;PRJEB43510;PRJEB43745;PRJEB71705;PRJEB73962;PRJEB75787;PRJNA533106			no_sra_center
GCA_964211955.1	Staphylinus erythropterus	2024-08-02	SAMEA112198364	WELLCOME SANGER INSTITUTE	EBI	PRJEB40665;PRJEB43510;PRJEB43745;PRJEB76524;PRJEB78587;PRJNA533106			no_sra_center
GCA_965279785.1	Stathmopoda pedella	2025-05-10	SAMEA116354047	WELLCOME SANGER INSTITUTE	EBI	PRJEB40665;PRJEB43510;PRJEB43745;PRJEB71705;PRJEB88742;PRJEB89417;PRJNA533106			no_sra_center
GCA_965279865.1	Stathmopoda pedella	2025-05-10	SAMEA116354047	WELLCOME SANGER INSTITUTE	EBI	PRJEB40665;PRJEB43510;PRJEB43745;PRJEB71705;PRJEB88742;PRJEB89416;PRJNA533106			no_sra_center
GCA_943735885.1	Stelis phaeoptera	2022-06-24	SAMEA10978746	WELLCOME SANGER INSTITUTE	EBI	PRJEB40665;PRJEB43510;PRJEB43745;PRJEB52657;PRJEB53299;PRJNA533106			no_sra_center
GCA_984070995.1	Stenagostus rhombeus	2026-06-15	SAMEA115574963	WELLCOME SANGER INSTITUTE	European Bioinformatics Institute	PRJEB112794;PRJEB40665;PRJEB43510;PRJEB43745;PRJEB97880;PRJNA533106			no_sra_center
GCA_951394435.1	Stenella coeruleoalba	2023-06-16	SAMEA111380539	WELLCOME SANGER INSTITUTE	EBI	PRJEB40665;PRJEB43510;PRJEB43745;PRJEB60665;PRJEB62076;PRJNA1020146;PRJNA489243;PRJNA533106			no_sra_center
GCA_982235815.1	Stenepteryx hirundinis	2026-03-12	SAMEA118768020	WELLCOME SANGER INSTITUTE	EBI	PRJEB106001;PRJEB109308;PRJEB40665;PRJEB43510;PRJEB43745;PRJNA533106			no_sra_center
GCA_964017025.1	Stenichneumon culpator	2024-03-22	SAMEA111458160	WELLCOME SANGER INSTITUTE	EBI	PRJEB40665;PRJEB43510;PRJEB43745;PRJEB66047;PRJEB74126;PRJNA533106			no_sra_center
GCA_977017535.1	Stenocarus ruficornis	2025-11-07	SAMEA118280280	WELLCOME SANGER INSTITUTE	EBI	PRJEB101941;PRJEB40665;PRJEB43510;PRJEB43745;PRJEB98742;PRJNA533106			no_sra_center
GCA_963920205.1	Stenodema calcarata	2023-12-21	SAMEA112232803	WELLCOME SANGER INSTITUTE	EBI	PRJEB40665;PRJEB43510;PRJEB43745;PRJEB70853;PRJEB71416;PRJNA533106			no_sra_center
GCA_977066485.1	Stenodema holsatum	2025-11-28	SAMEA112232750	WELLCOME SANGER INSTITUTE	EBI	PRJEB101175;PRJEB104052;PRJEB40665;PRJEB43510;PRJEB43745;PRJNA533106			no_sra_center
GCA_944452665.1	Stenoptilia bipunctidactyla	2022-07-01	SAMEA10979057	WELLCOME SANGER INSTITUTE	EBI	PRJEB40665;PRJEB43510;PRJEB43745;PRJEB53159;PRJEB53637;PRJEB71705;PRJNA533106			no_sra_center
GCA_988222015.1	Stenoptilia pterodactyla	2026-09-05	SAMEA117573597	WELLCOME SANGER INSTITUTE	EBI	PRJEB122667;PRJEB124487;PRJEB40665;PRJEB43510;PRJEB43745;PRJEB71705;PRJNA533106			no_sra_center
GCA_988221985.1	Stenoptilia pterodactyla	2026-09-06	SAMEA117573597	WELLCOME SANGER INSTITUTE	EBI	PRJEB122667;PRJEB124488;PRJEB40665;PRJEB43510;PRJEB43745;PRJEB71705;PRJNA533106			no_sra_center
GCA_963583905.1	Stenurella melanura	2023-11-05	SAMEA112232495	WELLCOME SANGER INSTITUTE	EBI	PRJEB40665;PRJEB43510;PRJEB43745;PRJEB64096;PRJEB68169;PRJNA533106			no_sra_center
GCA_963971135.1	Stenus bimaculatus	2024-03-04	SAMEA8603257	WELLCOME SANGER INSTITUTE	EBI	PRJEB40665;PRJEB43510;PRJEB43745;PRJEB62616;PRJEB73464;PRJNA533106			no_sra_center
GCA_984799065.1	Stenus solutus	2026-06-26	SAMEA114644506	WELLCOME SANGER INSTITUTE	EBI	PRJEB114410;PRJEB40665;PRJEB43510;PRJEB43745;PRJEB97878;PRJNA533106			no_sra_center
GCA_975300805.1	Stereodon callichrous	2025-10-11	SAMEA10904482	WELLCOME SANGER INSTITUTE	EBI	PRJEB40665;PRJEB43510;PRJEB43745;PRJEB95063;PRJEB96868;PRJNA533106			no_sra_center
GCA_987197735.1	Sterna paradisaea	2026-09-08	SAMEA120960987	WELLCOME SANGER INSTITUTE	EBI	PRJEB115897;PRJEB122750;PRJEB125134;PRJEB40665;PRJEB43510;PRJEB43745;PRJEB80366;PRJNA489243;PRJNA533106			no_sra_center
GCA_987114485.1	Sternaspis cf. scutata NHMUK ANEA 2019	2026-09-01	SAMEA111562206	WELLCOME SANGER INSTITUTE	EBI	PRJEB120778;PRJEB121463;PRJEB40665;PRJEB43510;PRJEB43745;PRJNA533106			no_sra_center
GCA_916613615.1	Steromphala cineraria	2021-10-01	SAMEA7536348	WELLCOME SANGER INSTITUTE	EBI	PRJEB40665;PRJEB43510;PRJEB43745;PRJEB45667;PRJEB47762;PRJNA533106			no_sra_center
GCA_942159475.1	Sthenelais limicola	2022-06-10	SAMEA8724794	WELLCOME SANGER INSTITUTE	EBI	PRJEB40665;PRJEB43510;PRJEB43745;PRJEB51037;PRJEB52697;PRJNA533106			no_sra_center
GCA_964212005.1	Stictoleptura scutellata	2024-08-02	SAMEA112964455	WELLCOME SANGER INSTITUTE	EBI	PRJEB40665;PRJEB43510;PRJEB43745;PRJEB77316;PRJEB78590;PRJNA533106			no_sra_center
GCA_988205575.1	Stictopleurus punctatonervosus	2026-09-09	SAMEA112232656	WELLCOME SANGER INSTITUTE	EBI	PRJEB122675;PRJEB123844;PRJEB40665;PRJEB43510;PRJEB43745;PRJNA533106			no_sra_center
GCA_965151575.1	Stilbops ruficornis	2025-02-15	SAMEA112232540	WELLCOME SANGER INSTITUTE	EBI	PRJEB40665;PRJEB43510;PRJEB43745;PRJEB82377;PRJEB85813;PRJNA533106			no_sra_center
GCA_933228675.1	Stomorhina lunata	2022-03-23	SAMEA7849406	WELLCOME SANGER INSTITUTE	EBI	PRJEB40665;PRJEB43510;PRJEB43745;PRJEB50881;PRJEB51582;PRJNA533106			no_sra_center
GCA_963082655.1	Stomoxys calcitrans	2023-08-09	SAMEA112222201	WELLCOME SANGER INSTITUTE	EBI	PRJEB40665;PRJEB43510;PRJEB43745;PRJEB62559;PRJEB64832;PRJNA533106			no_sra_center
GCA_976988775.1	Stragania apicalis	2025-11-08	SAMEA114806310	WELLCOME SANGER INSTITUTE	EBI	PRJEB40665;PRJEB43510;PRJEB43745;PRJEB89603;PRJEB98801;PRJNA533106			no_sra_center
GCA_976988655.1	Stragania apicalis	2025-11-08	SAMEA114806310	WELLCOME SANGER INSTITUTE	EBI	PRJEB40665;PRJEB43510;PRJEB43745;PRJEB89603;PRJEB98802;PRJNA533106			no_sra_center
GCA_963920665.1	Straminergon stramineum	2023-12-25	SAMEA10904354	WELLCOME SANGER INSTITUTE	EBI	PRJEB40665;PRJEB43510;PRJEB43745;PRJEB70978;PRJEB71552;PRJNA533106			no_sra_center
GCA_954870665.1	Stratiomys singularior	2023-07-14	SAMEA11025046	WELLCOME SANGER INSTITUTE	EBI	PRJEB40665;PRJEB43510;PRJEB43745;PRJEB59282;PRJEB63238;PRJNA533106			no_sra_center
GCA_964273445.1	Streptopelia decaocto	2024-10-04	SAMEA113398962	WELLCOME SANGER INSTITUTE	EBI	PRJEB40665;PRJEB43510;PRJEB43745;PRJEB73918;PRJEB80767;PRJNA489243;PRJNA533106			no_sra_center
GCA_964273585.1	Streptopelia decaocto	2024-10-04	SAMEA113398962	WELLCOME SANGER INSTITUTE	EBI	PRJEB40665;PRJEB43510;PRJEB43745;PRJEB73918;PRJEB80768;PRJNA489243;PRJNA533106			no_sra_center
GCA_949358305.1	Strigamia acuminata	2023-04-08	SAMEA10800140	WELLCOME SANGER INSTITUTE	EBI	PRJEB40665;PRJEB43510;PRJEB43745;PRJEB59944;PRJEB60329;PRJNA533106			no_sra_center
GCA_987114215.1	Strix aluco	2026-09-01	SAMEA114594455	WELLCOME SANGER INSTITUTE	EBI	PRJEB121422;PRJEB40665;PRJEB43510;PRJEB43745;PRJEB76323;PRJNA489243;PRJNA533106			no_sra_center
GCA_987114245.1	Strix aluco	2026-09-01	SAMEA114594455	WELLCOME SANGER INSTITUTE	EBI	PRJEB121423;PRJEB40665;PRJEB43510;PRJEB43745;PRJEB76323;PRJNA489243;PRJNA533106			no_sra_center
GCA_988137165.1	Stromboceros delicatulus	2026-09-04	SAMEA114805966	WELLCOME SANGER INSTITUTE	EBI	PRJEB123059;PRJEB124052;PRJEB40665;PRJEB43510;PRJEB43745;PRJNA533106			no_sra_center
GCA_984573965.1	Strophosoma melanogrammum	2026-06-15	SAMEA110451651	WELLCOME SANGER INSTITUTE	EBI	PRJEB111334;PRJEB113507;PRJEB40665;PRJEB43510;PRJEB43745;PRJNA533106			no_sra_center
GCA_984573885.1	Strophosoma melanogrammum	2026-06-15	SAMEA110451651	WELLCOME SANGER INSTITUTE	EBI	PRJEB111334;PRJEB113506;PRJEB40665;PRJEB43510;PRJEB43745;PRJNA533106			no_sra_center
GCA_976940525.1	Stuckenia pectinata	2025-10-26	SAMEA114389494	WELLCOME SANGER INSTITUTE	EBI	PRJEB40665;PRJEB43510;PRJEB43745;PRJEB91387;PRJEB96948;PRJNA533106			no_sra_center
GCA_963662145.1	Sturmia bella	2023-12-06	SAMEA113425391	WELLCOME SANGER INSTITUTE	EBI	PRJEB40665;PRJEB43510;PRJEB43745;PRJEB67627;PRJEB68352;PRJNA533106			no_sra_center
GCA_987195925.1	Sturnus vulgaris	2026-09-08	SAMEA117632809	WELLCOME SANGER INSTITUTE	EBI	PRJEB122753;PRJEB125134;PRJEB40665;PRJEB43510;PRJEB43745;PRJEB80366;PRJEB98754;PRJNA489243;PRJNA533106			no_sra_center
GCA_987197335.1	Sturnus vulgaris	2026-09-08	SAMEA117632809	WELLCOME SANGER INSTITUTE	EBI	PRJEB122752;PRJEB125134;PRJEB40665;PRJEB43510;PRJEB43745;PRJEB80366;PRJEB98754;PRJNA489243;PRJNA533106			no_sra_center
GCA_964204865.2	Styela clava	2025-10-26	SAMEA7536473	WELLCOME SANGER INSTITUTE	EBI	PRJEB40665;PRJEB43510;PRJEB43745;PRJEB74589;PRJEB78414;PRJNA489243;PRJNA533106			no_sra_center
GCA_965240395.1	Stylops aterrimus	2025-04-13	SAMEA10107054	WELLCOME SANGER INSTITUTE	EBI	PRJEB40665;PRJEB43510;PRJEB43745;PRJEB71704;PRJEB88420;PRJNA533106			no_sra_center
GCA_987197395.1	Suaeda maritima	2026-09-08	SAMEA11478560	WELLCOME SANGER INSTITUTE	EBI	PRJEB113142;PRJEB122765;PRJEB125134;PRJEB40665;PRJEB43510;PRJEB43745;PRJEB80366;PRJNA533106			no_sra_center
GCA_958496365.2	Subacronicta megacephala	2026-01-29	SAMEA10979178	WELLCOME SANGER INSTITUTE	EBI	PRJEB40665;PRJEB43510;PRJEB43745;PRJEB63485;PRJEB64380;PRJEB71705;PRJNA533106			no_sra_center
GCA_965783985.1	Subcoccinella vigintiquattuorpunctata	2025-08-23	SAMEA7520324	WELLCOME SANGER INSTITUTE	EBI	PRJEB40665;PRJEB43510;PRJEB43745;PRJEB65189;PRJEB95123;PRJNA533106			no_sra_center
GCA_965213445.2	Succisa pratensis	2025-11-06	SAMEA10241454	WELLCOME SANGER INSTITUTE	EBI	PRJEB125134;PRJEB40665;PRJEB43510;PRJEB43745;PRJEB80366;PRJEB81027;PRJEB87229;PRJNA533106			no_sra_center
GCA_964659615.1	Suillia affinis	2025-01-02	SAMEA113425480	WELLCOME SANGER INSTITUTE	EBI	PRJEB40665;PRJEB43510;PRJEB43745;PRJEB82183;PRJEB83715;PRJNA533106			no_sra_center
GCA_985557745.1	Suillia flava	2026-07-04	SAMEA115574798	WELLCOME SANGER INSTITUTE	EBI	PRJEB111340;PRJEB114839;PRJEB40665;PRJEB43510;PRJEB43745;PRJNA533106			no_sra_center
GCA_965642385.1	Suillia notata	2025-07-19	SAMEA115574510	WELLCOME SANGER INSTITUTE	EBI	PRJEB40665;PRJEB43510;PRJEB43745;PRJEB82171;PRJEB93847;PRJNA533106			no_sra_center
GCA_984589745.1	Suillia pallida	2026-06-22	SAMEA113425770	WELLCOME SANGER INSTITUTE	EBI	PRJEB114188;PRJEB40665;PRJEB43510;PRJEB43745;PRJEB97622;PRJNA533106			no_sra_center
GCA_949127995.1	Suillia variegata	2023-03-12	SAMEA110451620	WELLCOME SANGER INSTITUTE	EBI	PRJEB40665;PRJEB43510;PRJEB43745;PRJEB58252;PRJEB59486;PRJNA533106			no_sra_center
GCA_963971145.1	Sussaba pulchella	2024-03-04	SAMEA14448316	WELLCOME SANGER INSTITUTE	EBI	PRJEB40665;PRJEB43510;PRJEB43745;PRJEB63414;PRJEB73471;PRJNA533106			no_sra_center
GCA_974392545.1	Swammerdamia caesiella	2025-10-11	SAMEA117574247	WELLCOME SANGER INSTITUTE	EBI	PRJEB40665;PRJEB43510;PRJEB43745;PRJEB71705;PRJEB96600;PRJEB97731;PRJNA533106			no_sra_center
GCA_964019385.1	Sycon ciliatum	2024-03-29	SAMEA8419667	WELLCOME SANGER INSTITUTE	EBI	PRJEB40665;PRJEB43510;PRJEB43743;PRJEB43745;PRJEB70260;PRJEB74332;PRJNA533106			no_sra_center
GCA_963854165.1	Sylvicola cinctus	2023-12-14	SAMEA14448434	WELLCOME SANGER INSTITUTE	EBI	PRJEB40665;PRJEB43510;PRJEB43745;PRJEB64987;PRJEB71086;PRJNA533106			no_sra_center
GCA_984573525.1	Symmerus annulatus	2026-06-03	SAMEA115793192	WELLCOME SANGER INSTITUTE	EBI	PRJEB111282;PRJEB113545;PRJEB40665;PRJEB43510;PRJEB43745;PRJNA533106			no_sra_center
GCA_965620125.1	Symmorphus gracilis	2025-07-08	SAMEA113425693	WELLCOME SANGER INSTITUTE	EBI	PRJEB40665;PRJEB43510;PRJEB43745;PRJEB74532;PRJEB91078;PRJNA533106			no_sra_center
GCA_964198035.1	Sympetrum sanguineum	2024-07-10	SAMEA110451513	WELLCOME SANGER INSTITUTE	EBI	PRJEB40665;PRJEB43510;PRJEB43745;PRJEB60309;PRJEB77389;PRJNA533106			no_sra_center
GCA_964198025.1	Sympetrum sanguineum	2024-07-10	SAMEA110451513	WELLCOME SANGER INSTITUTE	EBI	PRJEB40665;PRJEB43510;PRJEB43745;PRJEB60309;PRJEB77388;PRJNA533106			no_sra_center
GCA_947579665.1	Sympetrum striolatum	2022-12-18	SAMEA7520376	WELLCOME SANGER INSTITUTE	EBI	PRJEB40665;PRJEB43510;PRJEB43745;PRJEB55606;PRJEB58283;PRJNA533106			no_sra_center
GCA_947650265.1	Symphodus melops	2022-12-21	SAMEA12219485	WELLCOME SANGER INSTITUTE	EBI	PRJEB40665;PRJEB43510;PRJEB43745;PRJEB56370;PRJEB58352;PRJNA533106			no_sra_center
GCA_936446665.2	Synanthedon andrenaeformis	2022-09-22	SAMEA7701283	WELLCOME SANGER INSTITUTE	EBI	PRJEB40665;PRJEB43510;PRJEB43745;PRJEB51451;PRJEB52078;PRJEB71705;PRJNA533106			no_sra_center
GCA_945859745.1	Synanthedon formicaeformis	2022-07-22	SAMEA10979079	WELLCOME SANGER INSTITUTE	EBI	PRJEB40665;PRJEB43510;PRJEB43745;PRJEB53612;PRJEB54854;PRJEB71705;PRJNA533106			no_sra_center
GCA_944738685.1	Synanthedon myopaeformis	2022-07-13	SAMEA10979197	WELLCOME SANGER INSTITUTE	EBI	PRJEB40665;PRJEB43510;PRJEB43745;PRJEB53610;PRJEB53873;PRJEB71705;PRJNA533106			no_sra_center
GCA_947623395.1	Synanthedon tipuliformis	2022-12-19	SAMEA10978931	WELLCOME SANGER INSTITUTE	EBI	PRJEB40665;PRJEB43510;PRJEB43745;PRJEB57662;PRJEB58317;PRJEB71705;PRJNA533106			no_sra_center
GCA_918317495.1	Synanthedon vespiformis	2021-10-28	SAMEA7701494	WELLCOME SANGER INSTITUTE	EBI	PRJEB40665;PRJEB43510;PRJEB43745;PRJEB46854;PRJEB48303;PRJEB71705;PRJNA533106			no_sra_center
GCA_965641395.1	Syndemis musculana	2025-07-09	SAMEA112964169	WELLCOME SANGER INSTITUTE	EBI	PRJEB40665;PRJEB43510;PRJEB43745;PRJEB71705;PRJEB89134;PRJEB91882;PRJNA533106			no_sra_center
GCA_948146105.1	Syngnathus acus	2023-01-18	SAMEA13854528	WELLCOME SANGER INSTITUTE	EBI	PRJEB32743;PRJEB40665;PRJEB43510;PRJEB43745;PRJEB58844;PRJNA489243;PRJNA533106			no_sra_center
GCA_977067445.1	Synophropsis lauri	2025-11-28	SAMEA114805892	WELLCOME SANGER INSTITUTE	EBI	PRJEB104137;PRJEB40665;PRJEB43510;PRJEB43745;PRJEB97296;PRJNA533106			no_sra_center
GCA_973838845.1	Syntrichia ruraliformis	2025-10-07	SAMEA114214975	WELLCOME SANGER INSTITUTE	EBI	PRJEB40665;PRJEB43510;PRJEB43745;PRJEB94756;PRJEB96479;PRJNA533106			no_sra_center
GCA_965152355.2	Syringa vulgaris	2026-04-27	SAMEA114214494	WELLCOME SANGER INSTITUTE	EBI	PRJEB40665;PRJEB43510;PRJEB43745;PRJEB85364;PRJEB85851;PRJNA533106			no_sra_center
GCA_905187475.1	Syritta pipiens	2021-02-02	SAMEA7520166	Wellcome Sanger Institute	EBI	PRJEB40665;PRJEB41892;PRJEB42144;PRJEB43510;PRJEB43745;PRJNA533106			no_sra_center
GCA_988425245.1	Syrphoctonus tarsatorius	2026-10-07	SAMEA116117151	WELLCOME SANGER INSTITUTE	EBI	PRJEB123057;PRJEB127945;PRJEB40665;PRJEB43510;PRJEB43745;PRJNA533106			no_sra_center
GCA_958431115.1	Syrphus vitripennis	2023-07-18	SAMEA7521530	WELLCOME SANGER INSTITUTE	EBI	PRJEB40665;PRJEB43510;PRJEB43745;PRJEB57888;PRJEB64314;PRJNA533106			no_sra_center
GCA_982375235.1	Systoechus ctenopterus	2026-04-04	SAMEA114663803	WELLCOME SANGER INSTITUTE	EBI	PRJEB111064;PRJEB40665;PRJEB43510;PRJEB43745;PRJEB81192;PRJNA533106			no_sra_center
GCA_905220375.1	Tachina fera	2021-02-16	SAMEA7520333	WELLCOME SANGER INSTITUTE	EBI	PRJEB40665;PRJEB42872;PRJEB42946;PRJEB43510;PRJEB43745;PRJNA533106			no_sra_center
GCA_949987645.1	Tachina grossa	2023-04-29	SAMEA11024983	WELLCOME SANGER INSTITUTE	EBI	PRJEB40665;PRJEB43510;PRJEB43745;PRJEB59798;PRJEB61594;PRJNA533106			no_sra_center
GCA_944452675.1	Tachina lurida	2022-07-01	SAMEA10166766	WELLCOME SANGER INSTITUTE	EBI	PRJEB40665;PRJEB43510;PRJEB43745;PRJEB53395;PRJEB53642;PRJNA533106			no_sra_center
GCA_963932245.1	Tachinus rufipes	2024-02-07	SAMEA113425416	WELLCOME SANGER INSTITUTE	EBI	PRJEB40665;PRJEB43510;PRJEB43745;PRJEB67615;PRJEB72339;PRJNA533106			no_sra_center
GCA_987562195.1	Tachybaptus ruficollis	2026-09-09	SAMEA118427531	WELLCOME SANGER INSTITUTE	EBI	PRJEB113086;PRJEB123830;PRJEB125134;PRJEB40665;PRJEB43510;PRJEB43745;PRJEB80366;PRJNA489243;PRJNA533106			no_sra_center
GCA_965783885.1	Tachyporus hypnorum	2025-08-23	SAMEA112963073	WELLCOME SANGER INSTITUTE	EBI	PRJEB40665;PRJEB43510;PRJEB43745;PRJEB76757;PRJEB95124;PRJNA533106			no_sra_center
GCA_963506565.1	Tachystola acroxantha	2023-09-20	SAMEA110451589	WELLCOME SANGER INSTITUTE	EBI	PRJEB40665;PRJEB43510;PRJEB43745;PRJEB63503;PRJEB66176;PRJEB71705;PRJNA533106			no_sra_center
GCA_987308825.1	Tadorna tadorna	2026-09-08	SAMEA113398967	WELLCOME SANGER INSTITUTE	EBI	PRJEB123333;PRJEB125134;PRJEB40665;PRJEB43510;PRJEB43745;PRJEB74536;PRJEB80366;PRJNA489243;PRJNA533106			no_sra_center
GCA_978019935.1	Taeniapion urticarium	2026-02-01	SAMEA114805939	WELLCOME SANGER INSTITUTE	EBI	PRJEB106457;PRJEB40665;PRJEB43510;PRJEB43745;PRJEB79533;PRJNA533106			no_sra_center
GCA_964330275.1	Taleporia tubulosa	2024-11-07	SAMEA115574765	WELLCOME SANGER INSTITUTE	EBI	PRJEB40665;PRJEB43510;PRJEB43745;PRJEB71705;PRJEB81656;PRJEB82115;PRJNA533106			no_sra_center
GCA_964194135.1	Talpa europaea	2024-06-28	SAMEA112468127	WELLCOME SANGER INSTITUTE	EBI	PRJEB40665;PRJEB43510;PRJEB43745;PRJEB71540;PRJEB76907;PRJNA489243;PRJNA533106			no_sra_center
GCA_964205315.1	Tamarix gallica	2024-07-29	SAMEA10369831	WELLCOME SANGER INSTITUTE	EBI	PRJEB40665;PRJEB43510;PRJEB43745;PRJEB75279;PRJEB78464;PRJNA533106			no_sra_center
GCA_964204775.1	Tanacetum parthenium	2024-07-27	SAMEA112287341	WELLCOME SANGER INSTITUTE	EBI	PRJEB40665;PRJEB43510;PRJEB43745;PRJEB76767;PRJEB78406;PRJNA533106			no_sra_center
GCA_964264315.1	Tanacetum vulgare	2024-09-21	SAMEA7522290	WELLCOME SANGER INSTITUTE	EBI	PRJEB125134;PRJEB40665;PRJEB43510;PRJEB43745;PRJEB74722;PRJEB80130;PRJEB80366;PRJNA533106			no_sra_center
GCA_951812265.1	Taphrorychus bicolor	2023-07-14	SAMEA10978899	WELLCOME SANGER INSTITUTE	EBI	PRJEB40665;PRJEB43510;PRJEB43745;PRJEB59211;PRJEB62903;PRJNA533106			no_sra_center
GCA_910589615.1	Taurulus bubalis	2021-07-07	SAMEA7522994	WELLCOME SANGER INSTITUTE	EBI	PRJEB40665;PRJEB43510;PRJEB43745;PRJEB45118;PRJEB45317;PRJNA489243;PRJNA533106			no_sra_center
GCA_951802195.1	Tausonia pullulans	2023-05-27	SAMEA13759877	WELLCOME SANGER INSTITUTE	EBI	PRJEB40665;PRJEB43510;PRJEB43745;PRJEB61351;PRJEB62630;PRJNA533106			no_sra_center
GCA_948473455.1	Teleiodes luculella	2023-02-03	SAMEA10979195	WELLCOME SANGER INSTITUTE	EBI	PRJEB40665;PRJEB43510;PRJEB43745;PRJEB58075;PRJEB59316;PRJEB71705;PRJNA533106			no_sra_center
GCA_965178035.1	Teleiodes vulgella	2025-03-03	SAMEA114644779	WELLCOME SANGER INSTITUTE	EBI	PRJEB40665;PRJEB43510;PRJEB43745;PRJEB71705;PRJEB84335;PRJEB86240;PRJNA533106			no_sra_center
GCA_986885615.1	Tellima grandiflora	2026-09-01	SAMEA114564164	WELLCOME SANGER INSTITUTE	EBI	PRJEB115905;PRJEB121004;PRJEB40665;PRJEB43510;PRJEB43745;PRJNA533106			no_sra_center
GCA_984799135.1	Temnocerus longiceps	2026-06-26	SAMEA118540151	WELLCOME SANGER INSTITUTE	EBI	PRJEB112665;PRJEB114464;PRJEB40665;PRJEB43510;PRJEB43745;PRJNA533106			no_sra_center
GCA_963966145.1	Tenebrio molitor	2024-02-12	SAMEA112232654	WELLCOME SANGER INSTITUTE	EBI	PRJEB40665;PRJEB43510;PRJEB43745;PRJEB70753;PRJEB72558;PRJNA533106			no_sra_center
GCA_963966615.1	Tenthredo amoena	2024-02-24	SAMEA113425448	WELLCOME SANGER INSTITUTE	EBI	PRJEB40665;PRJEB43510;PRJEB43745;PRJEB68254;PRJEB72760;PRJNA533106			no_sra_center
GCA_982340865.1	Tenthredo arcuata	2026-03-23	SAMEA118539926	WELLCOME SANGER INSTITUTE	EBI	PRJEB105174;PRJEB110393;PRJEB40665;PRJEB43510;PRJEB43745;PRJNA533106			no_sra_center
GCA_947538915.1	Tenthredo distinguenda	2022-12-09	SAMEA10167068	WELLCOME SANGER INSTITUTE	EBI	PRJEB40665;PRJEB43510;PRJEB43745;PRJEB55569;PRJEB58066;PRJNA533106			no_sra_center
GCA_963992785.1	Tenthredo livida	2024-03-16	SAMEA7520699	WELLCOME SANGER INSTITUTE	EBI	PRJEB40665;PRJEB43510;PRJEB43745;PRJEB66386;PRJEB73864;PRJNA533106			no_sra_center
GCA_943736025.1	Tenthredo mesomela	2022-06-24	SAMEA10167061	WELLCOME SANGER INSTITUTE	EBI	PRJEB40665;PRJEB43510;PRJEB43745;PRJEB52925;PRJEB53304;PRJNA533106			no_sra_center
GCA_914767705.2	Tenthredo notha	2022-02-09	SAMEA7746761	WELLCOME SANGER INSTITUTE	EBI	PRJEB40665;PRJEB43510;PRJEB43745;PRJEB46306;PRJEB47355;PRJNA533106			no_sra_center
GCA_963978835.1	Tenthredo scrophulariae	2024-03-10	SAMEA112774772	WELLCOME SANGER INSTITUTE	EBI	PRJEB40665;PRJEB43510;PRJEB43745;PRJEB68242;PRJEB73702;PRJNA533106			no_sra_center
GCA_988137215.1	Tenthredo zona	2026-09-02	SAMEA118768664	WELLCOME SANGER INSTITUTE	EBI	PRJEB123061;PRJEB124054;PRJEB40665;PRJEB43510;PRJEB43745;PRJNA533106			no_sra_center
GCA_982345165.1	Tephritis conura	2026-03-26	SAMEA112306404	WELLCOME SANGER INSTITUTE	EBI	PRJEB110458;PRJEB40665;PRJEB43510;PRJEB43745;PRJEB97751;PRJNA533106			no_sra_center
GCA_965654245.1	Tephritis formosa	2025-08-03	SAMEA113425629	WELLCOME SANGER INSTITUTE	EBI	PRJEB40665;PRJEB43510;PRJEB43745;PRJEB85352;PRJEB94832;PRJNA533106			no_sra_center
GCA_977117635.1	Tephritis matricariae	2026-01-31	SAMEA114644712	WELLCOME SANGER INSTITUTE	EBI	PRJEB104613;PRJEB40665;PRJEB43510;PRJEB43745;PRJEB97816;PRJNA533106			no_sra_center
GCA_988265225.1	Tephritis neesii	2026-09-14	SAMEA113425453	WELLCOME SANGER INSTITUTE	EBI	PRJEB121410;PRJEB124117;PRJEB40665;PRJEB43510;PRJEB43745;PRJNA533106			no_sra_center
GCA_986270135.1	Tephroseris palustris	2026-07-06	SAMEA113970356	WELLCOME SANGER INSTITUTE	EBI	PRJEB114575;PRJEB115619;PRJEB40665;PRJEB43510;PRJEB43745;PRJNA533106			no_sra_center
GCA_949152475.1	Terebella lapidaria	2023-04-08	SAMEA8724784	WELLCOME SANGER INSTITUTE	EBI	PRJEB40665;PRJEB43510;PRJEB43745;PRJEB59382;PRJEB59848;PRJNA533106			no_sra_center
GCA_977013425.1	Testudinalia testudinalis	2025-11-07	SAMEA114426374	WELLCOME SANGER INSTITUTE	EBI	PRJEB100655;PRJEB40665;PRJEB43510;PRJEB43745;PRJEB97292;PRJNA533106			no_sra_center
GCA_981115235.1	Tetanocera arrogans	2026-02-28	SAMEA14448444	WELLCOME SANGER INSTITUTE	EBI	PRJEB108622;PRJEB40665;PRJEB43510;PRJEB43745;PRJEB79593;PRJNA533106			no_sra_center
GCA_958299015.1	Tetanocera ferruginea	2023-07-06	SAMEA112232884	WELLCOME SANGER INSTITUTE	EBI	PRJEB40665;PRJEB43510;PRJEB43745;PRJEB61619;PRJEB64037;PRJNA533106			no_sra_center
GCA_963555595.1	Tethea ocularis	2023-10-02	SAMEA10979182	WELLCOME SANGER INSTITUTE	EBI	PRJEB40665;PRJEB43510;PRJEB43745;PRJEB66023;PRJEB66467;PRJEB71705;PRJNA533106			no_sra_center
GCA_977018955.1	Tethea or	2025-11-07	SAMEA116129937	WELLCOME SANGER INSTITUTE	EBI	PRJEB102148;PRJEB40665;PRJEB43510;PRJEB43745;PRJEB71705;PRJEB97042;PRJNA533106			no_sra_center
GCA_951216915.1	Tetheella fluctuosa	2023-05-11	SAMEA112198540	WELLCOME SANGER INSTITUTE	EBI	PRJEB40665;PRJEB43510;PRJEB43745;PRJEB61503;PRJEB61836;PRJEB71705;PRJNA533106			no_sra_center
GCA_987274485.1	Tethya citrina	2026-09-02	SAMEA112183861	WELLCOME SANGER INSTITUTE	EBI	PRJEB121404;PRJEB123362;PRJEB40665;PRJEB43510;PRJEB43743;PRJEB43745;PRJNA533106			no_sra_center
GCA_963680715.1	Tetragnatha montana	2023-12-07	SAMEA7520006	WELLCOME SANGER INSTITUTE	EBI	PRJEB40665;PRJEB43510;PRJEB43745;PRJEB63621;PRJEB70409;PRJNA533106			no_sra_center
GCA_965642085.1	Tetranychus urticae	2025-07-18	SAMEA115780083	WELLCOME SANGER INSTITUTE	EBI	PRJEB40665;PRJEB43510;PRJEB43745;PRJEB89623;PRJEB92395;PRJNA533106			no_sra_center
GCA_965642115.1	Tetranychus urticae	2025-07-18	SAMEA115780083	WELLCOME SANGER INSTITUTE	EBI	PRJEB40665;PRJEB43510;PRJEB43745;PRJEB89623;PRJEB92394;PRJNA533106			no_sra_center
GCA_951394365.1	Tetrao urogallus	2023-06-15	SAMEA9654429	WELLCOME SANGER INSTITUTE	EBI	PRJEB40665;PRJEB43510;PRJEB43745;PRJEB47820;PRJEB57676;PRJEB62070;PRJNA489243;PRJNA533106			no_sra_center
GCA_976225305.1	Tetraplodon mnioides	2025-10-25	SAMEA10983340	WELLCOME SANGER INSTITUTE	EBI	PRJEB40665;PRJEB43510;PRJEB43745;PRJEB94758;PRJEB97890;PRJNA533106			no_sra_center
GCA_988323795.1	Tetratrichobothrius flavicaudis	2026-10-04	SAMEA9066035	WELLCOME SANGER INSTITUTE	EBI	PRJEB123749;PRJEB126014;PRJEB40665;PRJEB43510;PRJEB43745;PRJNA533106			no_sra_center
GCA_964058775.1	Tetropium fuscum	2024-06-05	SAMEA112774840	WELLCOME SANGER INSTITUTE	EBI	PRJEB40665;PRJEB43510;PRJEB43745;PRJEB74595;PRJEB75844;PRJNA533106			no_sra_center
GCA_975146385.1	Teucrium botrys	2025-10-07	SAMEA112290331	WELLCOME SANGER INSTITUTE	EBI	PRJEB40665;PRJEB43510;PRJEB43745;PRJEB81029;PRJEB96808;PRJNA533106			no_sra_center
GCA_965213385.2	Teucrium scorodonia	2025-10-26	SAMEA111431174	WELLCOME SANGER INSTITUTE	EBI	PRJEB40665;PRJEB43510;PRJEB43745;PRJEB81031;PRJEB87232;PRJNA533106			no_sra_center
GCA_987195995.1	Thalasseus sandvicensis	2026-09-08	SAMEA120961004	WELLCOME SANGER INSTITUTE	EBI	PRJEB115927;PRJEB122757;PRJEB40665;PRJEB43510;PRJEB43745;PRJNA489243;PRJNA533106			no_sra_center
GCA_979016915.1	Thalictrum alpinum	2026-02-15	SAMEA114782821	WELLCOME SANGER INSTITUTE	EBI	PRJEB107282;PRJEB107941;PRJEB125134;PRJEB40665;PRJEB43510;PRJEB43745;PRJEB80366;PRJNA533106			no_sra_center
GCA_965195315.1	Thalictrum minus	2025-03-10	SAMEA11478511	WELLCOME SANGER INSTITUTE	EBI	PRJEB40665;PRJEB43510;PRJEB43745;PRJEB85394;PRJEB86497;PRJNA533106			no_sra_center
GCA_948465475.1	Thalpophila matura	2023-02-03	SAMEA10979124	WELLCOME SANGER INSTITUTE	EBI	PRJEB40665;PRJEB43510;PRJEB43745;PRJEB58081;PRJEB59125;PRJEB71705;PRJNA533106			no_sra_center
GCA_988425395.1	Thanasimus formicarius	2026-10-07	SAMEA118280118	WELLCOME SANGER INSTITUTE	EBI	PRJEB127010;PRJEB127941;PRJEB40665;PRJEB43510;PRJEB43745;PRJNA533106			no_sra_center
GCA_965614485.1	Thaumetopoea processionea	2025-07-08	SAMEA9065811	WELLCOME SANGER INSTITUTE	EBI	PRJEB40665;PRJEB43510;PRJEB43745;PRJEB71705;PRJEB89324;PRJEB90881;PRJNA533106			no_sra_center
GCA_987114275.1	Thaxterogaster croceocoeruleus	2026-09-01	SAMEA110757089	WELLCOME SANGER INSTITUTE	EBI	PRJEB111262;PRJEB121429;PRJEB40665;PRJEB43510;PRJEB43745;PRJNA533106			no_sra_center
GCA_914767995.1	Thecocarcelia acutangulata	2021-09-16	SAMEA7746598	WELLCOME SANGER INSTITUTE	EBI	PRJEB40665;PRJEB43510;PRJEB43745;PRJEB46303;PRJEB47351;PRJNA533106			no_sra_center
GCA_937620795.1	Thecophora atra	2022-05-03	SAMEA7849382	WELLCOME SANGER INSTITUTE	EBI	PRJEB40665;PRJEB43510;PRJEB43745;PRJEB51036;PRJEB52232;PRJNA533106			no_sra_center
GCA_986268585.1	Thelaira nigripes	2026-07-04	SAMEA116117377	WELLCOME SANGER INSTITUTE	EBI	PRJEB112725;PRJEB115555;PRJEB40665;PRJEB43510;PRJEB43745;PRJNA533106			no_sra_center
GCA_947397855.1	Thelaira solivaga	2022-12-04	SAMEA110451607	WELLCOME SANGER INSTITUTE	EBI	PRJEB40665;PRJEB43510;PRJEB43745;PRJEB57308;PRJEB57809;PRJNA533106			no_sra_center
GCA_939531255.2	Thera britannica	2022-09-22	SAMEA8603178	WELLCOME SANGER INSTITUTE	EBI	PRJEB40665;PRJEB43510;PRJEB43745;PRJEB52209;PRJEB52422;PRJEB71705;PRJNA533106			no_sra_center
GCA_964194115.1	Thera juniperata	2024-06-28	SAMEA14448312	WELLCOME SANGER INSTITUTE	EBI	PRJEB40665;PRJEB43510;PRJEB43745;PRJEB71306;PRJEB71705;PRJEB76899;PRJNA533106			no_sra_center
GCA_947578465.1	Thera obeliscata	2022-12-18	SAMEA14448147	WELLCOME SANGER INSTITUTE	EBI	PRJEB40665;PRJEB43510;PRJEB43745;PRJEB56052;PRJEB58285;PRJEB71705;PRJNA533106			no_sra_center
GCA_963855945.1	Thereva nobilitata	2023-12-15	SAMEA112774791	WELLCOME SANGER INSTITUTE	EBI	PRJEB40665;PRJEB43510;PRJEB43745;PRJEB65394;PRJEB71125;PRJNA533106			no_sra_center
GCA_982554135.1	Thereva plebeja	2026-04-27	SAMEA114644880	WELLCOME SANGER INSTITUTE	EBI	PRJEB110799;PRJEB40665;PRJEB43510;PRJEB43745;PRJEB83535;PRJNA533106			no_sra_center
GCA_949987705.1	Thereva unica	2023-04-29	SAMEA110026478	WELLCOME SANGER INSTITUTE	EBI	PRJEB40665;PRJEB43510;PRJEB43745;PRJEB57101;PRJEB61570;PRJNA533106			no_sra_center
GCA_988222045.1	Therion circumflexum	2026-09-02	SAMEA118256596	WELLCOME SANGER INSTITUTE	EBI	PRJEB123761;PRJEB124499;PRJEB40665;PRJEB43510;PRJEB43745;PRJNA533106			no_sra_center
GCA_964235325.1	Thermobia domestica	2024-08-31	SAMEA112130934	WELLCOME SANGER INSTITUTE	EBI	PRJEB40665;PRJEB43510;PRJEB43745;PRJEB75641;PRJEB79076;PRJNA533106			no_sra_center
GCA_984766955.1	Therophilus tumidulus	2026-06-22	SAMEA111458302	WELLCOME SANGER INSTITUTE	EBI	PRJEB114371;PRJEB40665;PRJEB43510;PRJEB43745;PRJEB80681;PRJNA533106			no_sra_center
GCA_984770155.1	Therophilus tumidulus	2026-06-22	SAMEA111458302	WELLCOME SANGER INSTITUTE	EBI	PRJEB114372;PRJEB40665;PRJEB43510;PRJEB43745;PRJEB80681;PRJNA533106			no_sra_center
GCA_987200615.1	Thetidia smaragdaria	2026-09-09	SAMEA120504892	WELLCOME SANGER INSTITUTE	EBI	PRJEB114881;PRJEB122922;PRJEB40665;PRJEB43510;PRJEB43745;PRJEB71705;PRJNA533106			no_sra_center
GCA_976239845.1	Thiodia citrana	2025-10-13	SAMEA117574709	WELLCOME SANGER INSTITUTE	EBI	PRJEB40665;PRJEB43510;PRJEB43745;PRJEB71705;PRJEB96594;PRJEB97927;PRJNA533106			no_sra_center
GCA_985556875.1	Tholera cespitis	2026-07-04	SAMEA118540532	WELLCOME SANGER INSTITUTE	EBI	PRJEB113388;PRJEB114844;PRJEB40665;PRJEB43510;PRJEB43745;PRJEB71705;PRJNA533106			no_sra_center
GCA_985555785.1	Tholera cespitis	2026-07-02	SAMEA118540532	WELLCOME SANGER INSTITUTE	EBI	PRJEB113388;PRJEB114843;PRJEB40665;PRJEB43510;PRJEB43745;PRJEB71705;PRJNA533106			no_sra_center
GCA_943138885.2	Tholera decimalis	2022-10-20	SAMEA8603189	WELLCOME SANGER INSTITUTE	EBI	PRJEB40665;PRJEB43510;PRJEB43745;PRJEB52581;PRJEB52907;PRJEB71705;PRJNA533106			no_sra_center
GCA_964274215.1	Thracia phaseolina	2024-11-08	SAMEA110450088	WELLCOME SANGER INSTITUTE	EBI	PRJEB40665;PRJEB43510;PRJEB43745;PRJEB79293;PRJEB80849;PRJNA533106			no_sra_center
GCA_988323935.1	Threskiornis aethiopicus	2026-10-04	SAMEA118680494	WELLCOME SANGER INSTITUTE	EBI	PRJEB124295;PRJEB127663;PRJEB40665;PRJEB43510;PRJEB43745;PRJNA489243;PRJNA533106			no_sra_center
GCA_965278265.1	Thuidium delicatulum	2025-05-08	SAMEA7688714	WELLCOME SANGER INSTITUTE	EBI	PRJEB40665;PRJEB43510;PRJEB43745;PRJEB71158;PRJEB89198;PRJNA533106			no_sra_center
GCA_947034885.2	Thuidium tamariscinum	2024-03-03	SAMEA111266026	WELLCOME SANGER INSTITUTE	EBI	PRJEB40665;PRJEB43510;PRJEB43745;PRJEB47852;PRJEB56419;PRJNA533106			no_sra_center
GCA_948477245.1	Thumatha senex	2023-02-03	SAMEA7701482	WELLCOME SANGER INSTITUTE	EBI	PRJEB40665;PRJEB43510;PRJEB43745;PRJEB59089;PRJEB59342;PRJEB71705;PRJNA533106			no_sra_center
GCA_905147785.2	Thyatira batis	2023-09-26	SAMEA7519923	Wellcome Sanger Institute	EBI	PRJEB40665;PRJEB41953;PRJEB42146;PRJEB43510;PRJEB43745;PRJEB71705;PRJNA533106			no_sra_center
GCA_951805285.1	Thymelicus acteon	2023-06-04	SAMEA110069525	WELLCOME SANGER INSTITUTE	EBI	PRJEB40665;PRJEB43510;PRJEB43745;PRJEB59958;PRJEB62802;PRJEB71705;PRJNA533106			no_sra_center
GCA_963932265.1	Thymelicus lineola	2024-02-07	SAMEA7523301	WELLCOME SANGER INSTITUTE	EBI	PRJEB40665;PRJEB43510;PRJEB43745;PRJEB59398;PRJEB71705;PRJEB72335;PRJNA533106			no_sra_center
GCA_911387775.1	Thymelicus sylvestris	2021-07-21	SAMEA7523279	WELLCOME SANGER INSTITUTE	EBI	PRJEB40665;PRJEB43510;PRJEB43745;PRJEB45673;PRJEB46433;PRJEB71705;PRJNA533106			no_sra_center
GCA_982552395.1	Thyridanthrax fenestratus	2026-04-27	SAMEA114644810	WELLCOME SANGER INSTITUTE	EBI	PRJEB110660;PRJEB40665;PRJEB43510;PRJEB43745;PRJEB81186;PRJNA533106			no_sra_center
GCA_982552425.1	Thyridanthrax fenestratus	2026-04-27	SAMEA114644810	WELLCOME SANGER INSTITUTE	EBI	PRJEB110661;PRJEB40665;PRJEB43510;PRJEB43745;PRJEB81186;PRJNA533106			no_sra_center
GCA_965643835.1	Tibellus oblongus	2025-07-20	SAMEA9066040	WELLCOME SANGER INSTITUTE	EBI	PRJEB40665;PRJEB43510;PRJEB43745;PRJEB73938;PRJEB94042;PRJNA533106			no_sra_center
GCA_965643845.1	Tibellus oblongus	2025-07-20	SAMEA9066040	WELLCOME SANGER INSTITUTE	EBI	PRJEB40665;PRJEB43510;PRJEB43745;PRJEB73938;PRJEB94041;PRJNA533106			no_sra_center
GCA_977020475.1	Tilia cordata	2025-11-10	SAMEA112293833	WELLCOME SANGER INSTITUTE	EBI	PRJEB102543;PRJEB40665;PRJEB43510;PRJEB43745;PRJEB96554;PRJNA533106			no_sra_center
GCA_986885395.1	Tilia tomentosa	2026-09-01	SAMEA120793066	WELLCOME SANGER INSTITUTE	EBI	PRJEB115885;PRJEB120998;PRJEB125134;PRJEB40665;PRJEB43510;PRJEB43745;PRJEB80366;PRJNA533106			no_sra_center
GCA_948098905.1	Tiliacea aurago	2023-01-09	SAMEA110451504	WELLCOME SANGER INSTITUTE	EBI	PRJEB40665;PRJEB43510;PRJEB43745;PRJEB57310;PRJEB58770;PRJEB71705;PRJNA533106			no_sra_center
GCA_963921375.1	Tiliacea citrago	2024-01-08	SAMEA112775037	WELLCOME SANGER INSTITUTE	EBI	PRJEB40665;PRJEB43510;PRJEB43745;PRJEB65384;PRJEB71705;PRJEB71724;PRJNA533106			no_sra_center
GCA_964006375.1	Tillus elongatus	2024-03-18	SAMEA112963079	WELLCOME SANGER INSTITUTE	EBI	PRJEB40665;PRJEB43510;PRJEB43745;PRJEB68026;PRJEB74021;PRJNA533106			no_sra_center
GCA_958496195.1	Timandra comae	2023-07-18	SAMEA112226457	WELLCOME SANGER INSTITUTE	EBI	PRJEB40665;PRJEB43510;PRJEB43745;PRJEB63432;PRJEB64361;PRJEB71705;PRJNA533106			no_sra_center
GCA_948150575.1	Tinea pellionella	2023-01-18	SAMEA7701521	WELLCOME SANGER INSTITUTE	EBI	PRJEB40665;PRJEB43510;PRJEB43745;PRJEB57420;PRJEB58870;PRJEB71705;PRJNA533106			no_sra_center
GCA_910589645.1	Tinea semifulvella	2021-07-06	SAMEA7520371	WELLCOME SANGER INSTITUTE	EBI	PRJEB40665;PRJEB43510;PRJEB43745;PRJEB45131;PRJEB45332;PRJEB71705;PRJNA533106			no_sra_center
GCA_905220615.1	Tinea trinotella	2021-02-16	SAMEA7519924	WELLCOME SANGER INSTITUTE	EBI	PRJEB40665;PRJEB42896;PRJEB42958;PRJEB43510;PRJEB43745;PRJEB71705;PRJNA533106			no_sra_center
GCA_988276855.1	Tinodes waeneri	2026-09-14	SAMEA120502949	WELLCOME SANGER INSTITUTE	EBI	PRJEB124694;PRJEB126513;PRJEB40665;PRJEB43510;PRJEB43745;PRJNA533106			no_sra_center
GCA_944319695.1	Tiphia femorata	2022-06-30	SAMEA7520499	WELLCOME SANGER INSTITUTE	EBI	PRJEB40665;PRJEB43510;PRJEB43745;PRJEB51917;PRJEB53574;PRJNA533106			no_sra_center
GCA_971880485.1	Tiphia minuta	2025-09-14	SAMEA112221821	WELLCOME SANGER INSTITUTE	EBI	PRJEB40665;PRJEB43510;PRJEB43745;PRJEB80239;PRJEB96148;PRJNA533106			no_sra_center
GCA_963556175.1	Tipula confusa	2023-12-07	SAMEA111437159	WELLCOME SANGER INSTITUTE	EBI	PRJEB40665;PRJEB43510;PRJEB43745;PRJEB59392;PRJEB66984;PRJNA533106			no_sra_center
GCA_965151645.1	Tipula fascipennis	2025-02-15	SAMEA112232517	WELLCOME SANGER INSTITUTE	EBI	PRJEB40665;PRJEB43510;PRJEB43745;PRJEB79785;PRJEB85810;PRJNA533106			no_sra_center
GCA_978765375.1	Tipula fulvipennis	2026-02-26	SAMEA115574588	WELLCOME SANGER INSTITUTE	EBI	PRJEB107418;PRJEB40665;PRJEB43510;PRJEB43745;PRJEB97626;PRJNA533106			no_sra_center
GCA_963556165.1	Tipula helvola	2023-12-07	SAMEA11025045	WELLCOME SANGER INSTITUTE	EBI	PRJEB40665;PRJEB43510;PRJEB43745;PRJEB64110;PRJEB67194;PRJNA533106			no_sra_center
GCA_963932295.1	Tipula lateralis	2024-02-07	SAMEA9654302	WELLCOME SANGER INSTITUTE	EBI	PRJEB40665;PRJEB43510;PRJEB43745;PRJEB66744;PRJEB72323;PRJNA533106			no_sra_center
GCA_965197115.1	Tipula scripta	2025-03-10	SAMEA112232764	WELLCOME SANGER INSTITUTE	EBI	PRJEB40665;PRJEB43510;PRJEB43745;PRJEB85354;PRJEB86657;PRJNA533106			no_sra_center
GCA_965197065.1	Tipula scripta	2025-03-10	SAMEA112232764	WELLCOME SANGER INSTITUTE	EBI	PRJEB40665;PRJEB43510;PRJEB43745;PRJEB85354;PRJEB86658;PRJNA533106			no_sra_center
GCA_951394425.1	Tipula unca	2023-06-16	SAMEA11025030	WELLCOME SANGER INSTITUTE	EBI	PRJEB40665;PRJEB43510;PRJEB43745;PRJEB58671;PRJEB62077;PRJNA533106			no_sra_center
GCA_958295665.1	Tipula vernalis	2023-07-06	SAMEA7524261	WELLCOME SANGER INSTITUTE	EBI	PRJEB40665;PRJEB43510;PRJEB43745;PRJEB57430;PRJEB63711;PRJNA533106			no_sra_center
GCA_977019055.1	Tischeria dodonaea	2025-11-07	SAMEA117575339	WELLCOME SANGER INSTITUTE	EBI	PRJEB102150;PRJEB40665;PRJEB43510;PRJEB43745;PRJEB71705;PRJEB97026;PRJNA533106			no_sra_center
GCA_965234195.1	Tischeria ekebladella	2025-04-06	SAMEA114805632	WELLCOME SANGER INSTITUTE	EBI	PRJEB40665;PRJEB43510;PRJEB43745;PRJEB71705;PRJEB83503;PRJEB87990;PRJNA533106			no_sra_center
GCA_959613345.1	Tolmerus cingulatus	2023-07-23	SAMEA14448452	WELLCOME SANGER INSTITUTE	EBI	PRJEB40665;PRJEB43510;PRJEB43745;PRJEB59286;PRJEB64508;PRJNA533106			no_sra_center
GCA_965197025.2	Torilis japonica	2025-10-26	SAMEA10369642	WELLCOME SANGER INSTITUTE	EBI	PRJEB125134;PRJEB40665;PRJEB43510;PRJEB43745;PRJEB80366;PRJEB85346;PRJEB86655;PRJNA533106			no_sra_center
GCA_965197095.2	Torilis japonica	2025-10-26	SAMEA10369642	WELLCOME SANGER INSTITUTE	EBI	PRJEB125134;PRJEB40665;PRJEB43510;PRJEB43745;PRJEB80366;PRJEB85346;PRJEB86656;PRJNA533106			no_sra_center
GCA_974117475.1	Tortella tortuosa	2025-10-24	SAMEA11478616	WELLCOME SANGER INSTITUTE	EBI	PRJEB40665;PRJEB43510;PRJEB43745;PRJEB94760;PRJEB96423;PRJNA533106			no_sra_center
GCA_947859335.1	Tortricodes alternella	2023-01-09	SAMEA110451569	WELLCOME SANGER INSTITUTE	EBI	PRJEB40665;PRJEB43510;PRJEB43745;PRJEB57278;PRJEB58747;PRJEB71705;PRJNA533106			no_sra_center
GCA_963241965.1	Tortrix viridana	2023-08-20	SAMEA10978932	WELLCOME SANGER INSTITUTE	EBI	PRJEB40665;PRJEB43510;PRJEB43745;PRJEB64712;PRJEB65245;PRJEB71705;PRJNA533106			no_sra_center
GCA_963691655.1	Toxonevra muliebris	2023-12-07	SAMEA112221964	WELLCOME SANGER INSTITUTE	EBI	PRJEB40665;PRJEB43510;PRJEB43745;PRJEB68022;PRJEB70584;PRJNA533106			no_sra_center
GCA_905171665.2	Trachurus trachurus	2021-11-26	SAMEA7524396	Wellcome Sanger Institute	EBI	PRJEB40665;PRJEB42172;PRJEB42240;PRJEB43510;PRJEB43745;PRJNA489243;PRJNA533106			no_sra_center
GCA_977969915.1	Tragopogon porrifolius	2026-02-01	SAMEA114564167	WELLCOME SANGER INSTITUTE	EBI	PRJEB104536;PRJEB105564;PRJEB40665;PRJEB43510;PRJEB43745;PRJNA533106			no_sra_center
GCA_977969905.1	Tragopogon porrifolius	2026-02-01	SAMEA114564167	WELLCOME SANGER INSTITUTE	EBI	PRJEB104536;PRJEB105565;PRJEB40665;PRJEB43510;PRJEB43745;PRJNA533106			no_sra_center
GCA_964059535.1	Tragopogon pratensis	2024-06-06	SAMEA14449594	WELLCOME SANGER INSTITUTE	EBI	PRJEB125134;PRJEB40665;PRJEB43510;PRJEB43745;PRJEB74718;PRJEB75986;PRJEB80366;PRJNA533106			no_sra_center
GCA_965648425.1	Tranosemella praerogator	2025-07-28	SAMEA112221958	WELLCOME SANGER INSTITUTE	EBI	PRJEB40665;PRJEB43510;PRJEB43745;PRJEB78754;PRJEB94380;PRJNA533106			no_sra_center
GCA_984661695.1	Travisia forbesii	2026-06-22	SAMEA7522962	WELLCOME SANGER INSTITUTE	EBI	PRJEB112473;PRJEB114330;PRJEB40665;PRJEB43510;PRJEB43745;PRJNA533106			no_sra_center
GCA_984659345.1	Travisia forbesii	2026-06-22	SAMEA7522962	WELLCOME SANGER INSTITUTE	EBI	PRJEB112473;PRJEB114331;PRJEB40665;PRJEB43510;PRJEB43745;PRJNA533106			no_sra_center
GCA_965607625.1	Trebouxia sp. SL0000017	2025-07-08	SAMEA117710412	WELLCOME SANGER INSTITUTE	EBI	PRJEB40665;PRJEB43510;PRJEB43743;PRJEB43745;PRJEB84277;PRJEB90644;PRJNA533106			no_sra_center
GCA_964276685.1	Triaenodes bicolor	2024-10-28	SAMEA112963035	WELLCOME SANGER INSTITUTE	EBI	PRJEB40665;PRJEB43510;PRJEB43745;PRJEB79787;PRJEB81256;PRJNA533106			no_sra_center
GCA_965641795.1	Triatoma infestans	2025-07-13	SAMEA115718423	WELLCOME SANGER INSTITUTE	EBI	PRJEB40665;PRJEB43510;PRJEB43745;PRJEB87951;PRJEB92045;PRJNA533106			no_sra_center
GCA_965285915.2	Triaxomasia caprimulgella	2026-01-18	SAMEA115574993	WELLCOME SANGER INSTITUTE	European Bioinformatics Institute	PRJEB40665;PRJEB43510;PRJEB43745;PRJEB71705;PRJEB89318;PRJEB89767;PRJNA533106			no_sra_center
GCA_964656535.1	Triaxomera parasitella	2025-01-02	SAMEA114644950	WELLCOME SANGER INSTITUTE	EBI	PRJEB40665;PRJEB43510;PRJEB43745;PRJEB71705;PRJEB81379;PRJEB83432;PRJNA533106			no_sra_center
GCA_964416535.1	Trichiura crataegi	2024-12-05	SAMEA112774801	WELLCOME SANGER INSTITUTE	EBI	PRJEB40665;PRJEB43510;PRJEB43745;PRJEB71705;PRJEB82413;PRJEB83023;PRJNA533106			no_sra_center
GCA_943193705.1	Trichoderma citrinoviride	2022-05-24	SAMEA9209225	WELLCOME SANGER INSTITUTE	EBI	PRJEB40665;PRJEB43510;PRJEB43745;PRJEB52583;PRJEB53011;PRJNA533106			no_sra_center
GCA_949775025.1	Tricholauxania praeusta	2023-04-07	SAMEA7746773	WELLCOME SANGER INSTITUTE	EBI	PRJEB40665;PRJEB43510;PRJEB43745;PRJEB60706;PRJEB60988;PRJNA533106			no_sra_center
GCA_965637375.2	Tricholepidozia tetradactyla	2026-04-04	SAMEA111382924	WELLCOME SANGER INSTITUTE	EBI	PRJEB40665;PRJEB43510;PRJEB43745;PRJEB89641;PRJEB91619;PRJNA533106			no_sra_center
GCA_964197685.1	Tricholoma cingulatum	2024-07-04	SAMEA110449699	WELLCOME SANGER INSTITUTE	EBI	PRJEB40665;PRJEB43510;PRJEB43745;PRJEB58665;PRJEB77084;PRJNA533106			no_sra_center
GCA_964034925.1	Tricholoma hemisulphureum	2024-04-27	SAMEA110449634	WELLCOME SANGER INSTITUTE	EBI	PRJEB40665;PRJEB43510;PRJEB43745;PRJEB70968;PRJEB75313;PRJNA533106			no_sra_center
GCA_978897505.1	Tricholoma terreum	2026-02-14	SAMEA113940636	WELLCOME SANGER INSTITUTE	EBI	PRJEB107768;PRJEB40665;PRJEB43510;PRJEB43745;PRJEB75880;PRJNA533106			no_sra_center
GCA_965178605.2	Trichophorum cespitosum	2025-10-18	SAMEA114782832	WELLCOME SANGER INSTITUTE	EBI	PRJEB125134;PRJEB40665;PRJEB43510;PRJEB43745;PRJEB80366;PRJEB81101;PRJEB86338;PRJNA533106			no_sra_center
GCA_964341415.1	Trichopteryx carpinata	2024-11-28	SAMEA112963031	WELLCOME SANGER INSTITUTE	EBI	PRJEB40665;PRJEB43510;PRJEB43745;PRJEB71705;PRJEB73964;PRJEB82816;PRJNA533106			no_sra_center
GCA_977872445.1	Trichostegia minor	2026-01-19	SAMEA118539757	WELLCOME SANGER INSTITUTE	EBI	PRJEB103868;PRJEB104980;PRJEB40665;PRJEB43510;PRJEB43745;PRJNA533106			no_sra_center
GCA_977013545.1	Trichostomum littorale	2025-10-31	SAMEA112690780	WELLCOME SANGER INSTITUTE	EBI	PRJEB100629;PRJEB40665;PRJEB43510;PRJEB43745;PRJEB97864;PRJNA533106			no_sra_center
GCA_963978905.1	Trichostrongylus colubriformis	2024-03-10	SAMEA110328935	WELLCOME SANGER INSTITUTE	EBI	PRJEB40665;PRJEB43510;PRJEB43745;PRJEB51341;PRJEB51355;PRJEB51358;PRJEB51361;PRJEB51432;PRJEB51433;PRJEB67712;PRJEB67713;PRJEB67715;PRJEB67716;PRJEB67717;PRJEB67718;PRJEB73699;PRJEB75665;PRJEB77775;PRJEB78340;PRJEB81973;PRJEB86842;PRJNA533106			no_sra_center
GCA_964273465.1	Tricolia pullus	2024-10-04	SAMEA9925864	WELLCOME SANGER INSTITUTE	EBI	PRJEB40665;PRJEB43510;PRJEB43745;PRJEB78662;PRJEB80763;PRJNA533106			no_sra_center
GCA_982935435.1	Tricyphona immaculata	2026-05-18	SAMEA10241708	WELLCOME SANGER INSTITUTE	EBI	PRJEB112227;PRJEB40665;PRJEB43510;PRJEB43745;PRJEB89599;PRJNA533106			no_sra_center
GCA_988323785.1	Trifolium alexandrinum	2026-10-03	SAMEA121267886	WELLCOME SANGER INSTITUTE	EBI	PRJEB124361;PRJEB125134;PRJEB126506;PRJEB40665;PRJEB43510;PRJEB43745;PRJEB80366;PRJNA533106			no_sra_center
GCA_965615655.1	Trifolium bocconei	2025-07-08	SAMEA114564248	WELLCOME SANGER INSTITUTE	EBI	PRJEB40665;PRJEB43510;PRJEB43745;PRJEB80419;PRJEB90964;PRJNA533106			no_sra_center
GCA_965615745.1	Trifolium bocconei	2025-07-08	SAMEA114564248	WELLCOME SANGER INSTITUTE	EBI	PRJEB40665;PRJEB43510;PRJEB43745;PRJEB80419;PRJEB90965;PRJNA533106			no_sra_center
GCA_951804385.1	Trifolium dubium	2023-06-01	SAMEA10983579	WELLCOME SANGER INSTITUTE	EBI	PRJEB40665;PRJEB43510;PRJEB43745;PRJEB47820;PRJEB59394;PRJEB62713;PRJNA533106			no_sra_center
GCA_954870985.1	Trifolium fragiferum	2023-07-14	SAMEA10369849	WELLCOME SANGER INSTITUTE	EBI	PRJEB40665;PRJEB43510;PRJEB43745;PRJEB52577;PRJEB63246;PRJNA533106			no_sra_center
GCA_988242195.1	Trifolium hirtum	2026-09-11	SAMEA121267896	WELLCOME SANGER INSTITUTE	EBI	PRJEB124363;PRJEB125134;PRJEB125753;PRJEB40665;PRJEB43510;PRJEB43745;PRJEB80366;PRJNA533106			no_sra_center
GCA_988240585.1	Trifolium isthmocarpum	2026-09-10	SAMEA121641803	WELLCOME SANGER INSTITUTE	EBI	PRJEB124552;PRJEB125134;PRJEB125577;PRJEB40665;PRJEB43510;PRJEB43745;PRJEB80366;PRJNA533106			no_sra_center
GCA_988324175.1	Trifolium michelianum	2026-10-03	SAMEA121641832	WELLCOME SANGER INSTITUTE	EBI	PRJEB125019;PRJEB125134;PRJEB126507;PRJEB40665;PRJEB43510;PRJEB43745;PRJEB80366;PRJNA533106			no_sra_center
GCA_964059555.1	Trifolium occidentale	2024-06-06	SAMEA110450283	WELLCOME SANGER INSTITUTE	EBI	PRJEB40665;PRJEB43510;PRJEB43745;PRJEB74950;PRJEB76095;PRJNA533106			no_sra_center
GCA_977963945.1	Trifolium repens	2026-02-01	SAMEA110450218	WELLCOME SANGER INSTITUTE	EBI	PRJEB104958;PRJEB105344;PRJEB125134;PRJEB40665;PRJEB43510;PRJEB43745;PRJEB80366;PRJNA533106			no_sra_center
GCA_988240615.1	Trifolium resupinatum	2026-09-10	SAMEA121267872	WELLCOME SANGER INSTITUTE	EBI	PRJEB124548;PRJEB125134;PRJEB125578;PRJEB40665;PRJEB43510;PRJEB43745;PRJEB80366;PRJNA533106			no_sra_center
GCA_964059935.1	Trifolium striatum	2024-06-06	SAMEA114211607	WELLCOME SANGER INSTITUTE	EBI	PRJEB40665;PRJEB43510;PRJEB43745;PRJEB74992;PRJEB76100;PRJNA533106			no_sra_center
GCA_951799995.1	Trifolium subterraneum	2023-05-27	SAMEA110026739	WELLCOME SANGER INSTITUTE	EBI	PRJEB40665;PRJEB43510;PRJEB43745;PRJEB58234;PRJEB62591;PRJNA533106			no_sra_center
GCA_963682175.1	Triglochin maritima	2023-12-07	SAMEA11478516	WELLCOME SANGER INSTITUTE	EBI	PRJEB125134;PRJEB40665;PRJEB43510;PRJEB43745;PRJEB68272;PRJEB70548;PRJEB80366;PRJNA533106			no_sra_center
GCA_964197745.1	Triglochin palustris	2024-07-06	SAMEA10983527	WELLCOME SANGER INSTITUTE	EBI	PRJEB125134;PRJEB40665;PRJEB43510;PRJEB43745;PRJEB75864;PRJEB77180;PRJEB80366;PRJNA533106			no_sra_center
GCA_987194825.1	Trigloporus lastoviza	2026-09-08	SAMEA115715118	WELLCOME SANGER INSTITUTE	EBI	PRJEB122786;PRJEB40665;PRJEB43510;PRJEB43745;PRJEB98772;PRJNA489243;PRJNA533106			no_sra_center
GCA_964659535.1	Trigonometopus frontalis	2025-01-02	SAMEA113425727	WELLCOME SANGER INSTITUTE	EBI	PRJEB40665;PRJEB43510;PRJEB43745;PRJEB82193;PRJEB83673;PRJNA533106			no_sra_center
GCA_976225715.1	Trigonophora flammea	2025-10-11	SAMEA117491973	WELLCOME SANGER INSTITUTE	EBI	PRJEB40665;PRJEB43510;PRJEB43745;PRJEB71705;PRJEB96578;PRJEB97930;PRJNA533106			no_sra_center
GCA_984886595.1	Trilophozia quinquedentata	2026-07-04	SAMEA11478619	WELLCOME SANGER INSTITUTE	EBI	PRJEB112974;PRJEB114683;PRJEB40665;PRJEB43510;PRJEB43745;PRJNA533106			no_sra_center
GCA_986271405.1	Tringa totanus	2026-07-06	SAMEA115433012	WELLCOME SANGER INSTITUTE	European Bioinformatics Institute	PRJEB115706;PRJEB40665;PRJEB43510;PRJEB43745;PRJEB78312;PRJNA489243;PRJNA533106			no_sra_center
GCA_986271475.1	Tringa totanus	2026-07-06	SAMEA115433012	WELLCOME SANGER INSTITUTE	European Bioinformatics Institute	PRJEB115705;PRJEB40665;PRJEB43510;PRJEB43745;PRJEB78312;PRJNA489243;PRJNA533106			no_sra_center
GCA_965111755.2	Tripolium pannonicum	2026-04-27	SAMEA11478534	WELLCOME SANGER INSTITUTE	EBI	PRJEB40665;PRJEB43510;PRJEB43745;PRJEB81033;PRJEB84004;PRJNA533106			no_sra_center
GCA_947095525.1	Trisateles emortualis	2022-10-21	SAMEA10979087	WELLCOME SANGER INSTITUTE	EBI	PRJEB40665;PRJEB43510;PRJEB43745;PRJEB55139;PRJEB56843;PRJEB56851;PRJEB71705;PRJNA533106			no_sra_center
GCA_976225255.1	Trisopterus luscus	2025-10-26	SAMEA114298638	WELLCOME SANGER INSTITUTE	EBI	PRJEB40665;PRJEB43510;PRJEB43745;PRJEB76319;PRJEB97892;PRJNA489243;PRJNA533106			no_sra_center
GCA_964204655.1	Triturus cristatus	2024-07-31	SAMEA112468129	WELLCOME SANGER INSTITUTE	EBI	PRJEB107229;PRJEB40665;PRJEB43510;PRJEB43745;PRJEB75439;PRJEB78383;PRJNA489243;PRJNA533106			no_sra_center
GCA_965263735.2	Trocdaris verticillata	2026-04-27	SAMEA114782707	WELLCOME SANGER INSTITUTE	EBI	PRJEB40665;PRJEB43510;PRJEB43745;PRJEB85362;PRJEB88907;PRJNA533106			no_sra_center
GCA_987195935.1	Troglodytes troglodytes	2026-09-08	SAMEA117632810	WELLCOME SANGER INSTITUTE	EBI	PRJEB122758;PRJEB125134;PRJEB40665;PRJEB43510;PRJEB43745;PRJEB80366;PRJEB98756;PRJNA489243;PRJNA533106			no_sra_center
GCA_964056705.1	Troilus luridus	2024-05-18	SAMEA10157799	WELLCOME SANGER INSTITUTE	EBI	PRJEB40665;PRJEB43510;PRJEB43745;PRJEB73932;PRJEB75765;PRJNA533106			no_sra_center
GCA_964056715.1	Troilus luridus	2024-05-18	SAMEA10157799	WELLCOME SANGER INSTITUTE	EBI	PRJEB40665;PRJEB43510;PRJEB43745;PRJEB73932;PRJEB75764;PRJNA533106			no_sra_center
GCA_986271455.1	Trollius europaeus	2026-07-06	SAMEA111431630	WELLCOME SANGER INSTITUTE	EBI	PRJEB113140;PRJEB115710;PRJEB125134;PRJEB40665;PRJEB43510;PRJEB43745;PRJEB80366;PRJNA533106			no_sra_center
GCA_949699805.1	Tromatobia lineatoria	2023-04-07	SAMEA111458168	WELLCOME SANGER INSTITUTE	EBI	PRJEB40665;PRJEB43510;PRJEB43745;PRJEB59790;PRJEB60676;PRJNA533106			no_sra_center
GCA_987217065.1	Tropidia scita	2026-09-08	SAMEA112964335	WELLCOME SANGER INSTITUTE	EBI	PRJEB123198;PRJEB40665;PRJEB43510;PRJEB43745;PRJEB80190;PRJNA533106			no_sra_center
GCA_987274495.1	Trychosis tristator	2026-08-07	SAMEA118256614	WELLCOME SANGER INSTITUTE	EBI	PRJEB122669;PRJEB123360;PRJEB40665;PRJEB43510;PRJEB43745;PRJNA533106			no_sra_center
GCA_984036875.1	Tryphon signator	2026-06-15	SAMEA118256529	WELLCOME SANGER INSTITUTE	EBI	PRJEB111324;PRJEB112810;PRJEB40665;PRJEB43510;PRJEB43745;PRJNA533106			no_sra_center
GCA_986270255.1	Tryphon thomsoni	2026-07-05	SAMEA114644860	WELLCOME SANGER INSTITUTE	EBI	PRJEB112708;PRJEB115667;PRJEB40665;PRJEB43510;PRJEB43745;PRJNA533106			no_sra_center
GCA_963989405.1	Trypoxylon attenuatum	2024-03-14	SAMEA8603161	WELLCOME SANGER INSTITUTE	EBI	PRJEB40665;PRJEB43510;PRJEB43745;PRJEB66031;PRJEB73774;PRJNA533106			no_sra_center
GCA_965263705.1	Trypoxylon clavicerum	2025-04-27	SAMEA7701565	WELLCOME SANGER INSTITUTE	EBI	PRJEB40665;PRJEB43510;PRJEB43745;PRJEB55982;PRJEB88908;PRJNA533106			no_sra_center
GCA_956483605.1	Tuberolachnus salignus	2023-07-14	SAMEA112232857	WELLCOME SANGER INSTITUTE	EBI	PRJEB40665;PRJEB43510;PRJEB43745;PRJEB62742;PRJEB63514;PRJNA533106			no_sra_center
GCA_984589505.1	Turritis glabra	2026-06-21	SAMEA112290343	WELLCOME SANGER INSTITUTE	EBI	PRJEB113088;PRJEB114164;PRJEB40665;PRJEB43510;PRJEB43745;PRJNA533106			no_sra_center
GCA_984589075.1	Turritis glabra	2026-06-22	SAMEA112290343	WELLCOME SANGER INSTITUTE	EBI	PRJEB113088;PRJEB114163;PRJEB40665;PRJEB43510;PRJEB43745;PRJNA533106			no_sra_center
GCA_964605395.1	Tussilago farfara	2025-01-02	SAMEA9143064	WELLCOME SANGER INSTITUTE	EBI	PRJEB125134;PRJEB40665;PRJEB43510;PRJEB43745;PRJEB80366;PRJEB82179;PRJEB83254;PRJNA533106			no_sra_center
GCA_988221965.1	Tuta absoluta	2026-09-02	SAMEA118280259	WELLCOME SANGER INSTITUTE	EBI	PRJEB123496;PRJEB124489;PRJEB40665;PRJEB43510;PRJEB43745;PRJEB71705;PRJNA533106			no_sra_center
GCA_947561695.1	Tyria jacobaeae	2022-12-11	SAMEA8603118	WELLCOME SANGER INSTITUTE	EBI	PRJEB40665;PRJEB43510;PRJEB43745;PRJEB57422;PRJEB58132;PRJEB71705;PRJNA533106			no_sra_center
GCA_988323745.1	Tyto alba	2026-10-03	SAMEA115433005	WELLCOME SANGER INSTITUTE	European Bioinformatics Institute	PRJEB110748;PRJEB126650;PRJEB40665;PRJEB43510;PRJEB43745;PRJNA489243;PRJNA533106			no_sra_center
GCA_977970285.1	Tytthaspis sedecimpunctata	2026-02-28	SAMEA10107102	WELLCOME SANGER INSTITUTE	EBI	PRJEB105664;PRJEB40665;PRJEB43510;PRJEB43745;PRJEB73900;PRJNA533106			no_sra_center
GCA_988221875.1	Udea alpinalis	2026-09-02	SAMEA120952996	WELLCOME SANGER INSTITUTE	EBI	PRJEB123490;PRJEB124492;PRJEB40665;PRJEB43510;PRJEB43745;PRJEB71705;PRJNA533106			no_sra_center
GCA_950022985.1	Udea ferrugalis	2023-06-27	SAMEA111458572	WELLCOME SANGER INSTITUTE	EBI	PRJEB40665;PRJEB43510;PRJEB43745;PRJEB60827;PRJEB61559;PRJEB71705;PRJNA533106			no_sra_center
GCA_947369235.1	Udea olivalis	2022-12-04	SAMEA10979198	WELLCOME SANGER INSTITUTE	EBI	PRJEB40665;PRJEB43510;PRJEB43745;PRJEB56567;PRJEB57713;PRJEB71705;PRJNA533106			no_sra_center
GCA_965112455.1	Uleiota planata	2025-01-23	SAMEA10107048	WELLCOME SANGER INSTITUTE	EBI	PRJEB40665;PRJEB43510;PRJEB43745;PRJEB60831;PRJEB84218;PRJNA533106			no_sra_center
GCA_965218745.1	Ulex minor	2025-03-23	SAMEA9335616	WELLCOME SANGER INSTITUTE	EBI	PRJEB40665;PRJEB43510;PRJEB43745;PRJEB80997;PRJEB87355;PRJNA533106			no_sra_center
GCA_964106905.1	Ulmus glabra	2024-06-06	SAMEA111431311	WELLCOME SANGER INSTITUTE	EBI	PRJEB125134;PRJEB40665;PRJEB43510;PRJEB43745;PRJEB73639;PRJEB75992;PRJEB80366;PRJNA533106			no_sra_center
GCA_965198805.1	Ulmus minor	2025-03-13	SAMEA9143106	WELLCOME SANGER INSTITUTE	EBI	PRJEB125134;PRJEB40665;PRJEB43510;PRJEB43745;PRJEB80366;PRJEB81850;PRJEB86822;PRJNA533106			no_sra_center
GCA_988225315.1	Ulmus procera	2026-09-09	SAMEA110026740	WELLCOME SANGER INSTITUTE	EBI	PRJEB123994;PRJEB124730;PRJEB40665;PRJEB43510;PRJEB43745;PRJNA533106			no_sra_center
GCA_988324035.1	Uloborus plumipes	2026-10-04	SAMEA120786769	WELLCOME SANGER INSTITUTE	EBI	PRJEB124558;PRJEB126523;PRJEB40665;PRJEB43510;PRJEB43745;PRJNA533106			no_sra_center
GCA_988323875.1	Uloborus plumipes	2026-10-04	SAMEA120786769	WELLCOME SANGER INSTITUTE	EBI	PRJEB124558;PRJEB126524;PRJEB40665;PRJEB43510;PRJEB43745;PRJNA533106			no_sra_center
GCA_963920765.1	Ulota crispa	2023-12-25	SAMEA14392285	WELLCOME SANGER INSTITUTE	EBI	PRJEB40665;PRJEB43510;PRJEB43745;PRJEB70976;PRJEB71549;PRJNA533106			no_sra_center
GCA_964340765.1	Umbilicaria deusta	2024-11-18	SAMEA114749973	WELLCOME SANGER INSTITUTE	EBI	PRJEB40665;PRJEB43510;PRJEB43743;PRJEB43745;PRJEB81838;PRJEB82570;PRJNA533106			no_sra_center
GCA_963678935.2	Umbilicus rupestris	2026-06-21	SAMEA10369647	WELLCOME SANGER INSTITUTE	EBI	PRJEB40665;PRJEB43510;PRJEB43745;PRJEB68266;PRJEB70278;PRJNA533106			no_sra_center
GCA_963678945.2	Umbilicus rupestris	2026-06-21	SAMEA10369647	WELLCOME SANGER INSTITUTE	EBI	PRJEB40665;PRJEB43510;PRJEB43745;PRJEB68266;PRJEB70277;PRJNA533106			no_sra_center
GCA_984574055.1	Uncinus obductella	2026-05-31	SAMEA118768568	WELLCOME SANGER INSTITUTE	EBI	PRJEB112326;PRJEB113597;PRJEB40665;PRJEB43510;PRJEB43745;PRJEB71705;PRJNA533106			no_sra_center
GCA_984574335.1	Uncinus obductella	2026-06-08	SAMEA118768568	WELLCOME SANGER INSTITUTE	EBI	PRJEB112326;PRJEB113596;PRJEB40665;PRJEB43510;PRJEB43745;PRJEB71705;PRJNA533106			no_sra_center
GCA_986270265.1	Urocerus augur	2026-07-01	SAMEA115574980	WELLCOME SANGER INSTITUTE	European Bioinformatics Institute	PRJEB114629;PRJEB115668;PRJEB40665;PRJEB43510;PRJEB43745;PRJNA533106			no_sra_center
GCA_982935465.1	Uroleucon taraxaci	2026-06-15	SAMEA117801460	WELLCOME SANGER INSTITUTE	EBI	PRJEB109918;PRJEB112229;PRJEB40665;PRJEB43510;PRJEB43745;PRJNA533106			no_sra_center
GCA_960531455.1	Urophora cardui	2023-07-26	SAMEA112232592	WELLCOME SANGER INSTITUTE	EBI	PRJEB40665;PRJEB43510;PRJEB43745;PRJEB62614;PRJEB64530;PRJNA533106			no_sra_center
GCA_964188135.1	Urtica dioica	2024-06-21	SAMEA7521824	WELLCOME SANGER INSTITUTE	EBI	PRJEB125134;PRJEB40665;PRJEB43510;PRJEB43745;PRJEB58083;PRJEB76700;PRJEB80366;PRJNA533106			no_sra_center
GCA_958296335.1	Urtica urens	2023-07-06	SAMEA7521823	WELLCOME SANGER INSTITUTE	EBI	PRJEB125134;PRJEB40665;PRJEB43510;PRJEB43745;PRJEB47318;PRJEB64013;PRJEB80366;PRJNA533106			no_sra_center
GCA_984660955.1	Vaccinium myrtillus	2026-06-22	SAMEA10332248	WELLCOME SANGER INSTITUTE	EBI	PRJEB112938;PRJEB114283;PRJEB125134;PRJEB40665;PRJEB43510;PRJEB43745;PRJEB80366;PRJNA533106			no_sra_center
GCA_984661085.1	Vaccinium myrtillus	2026-06-22	SAMEA10332248	WELLCOME SANGER INSTITUTE	EBI	PRJEB112938;PRJEB114282;PRJEB125134;PRJEB40665;PRJEB43510;PRJEB43745;PRJEB80366;PRJNA533106			no_sra_center
GCA_963854785.2	Vaccinium vitis-idaea	2025-07-19	SAMEA9335134	WELLCOME SANGER INSTITUTE	EBI	PRJEB125134;PRJEB40665;PRJEB43510;PRJEB43745;PRJEB68394;PRJEB70831;PRJEB80366;PRJNA533106			no_sra_center
GCA_982191805.1	Valerianella locusta	2026-03-08	SAMEA110449463	WELLCOME SANGER INSTITUTE	EBI	PRJEB108347;PRJEB109069;PRJEB125134;PRJEB40665;PRJEB43510;PRJEB43745;PRJEB80366;PRJNA533106			no_sra_center
GCA_965231255.1	Vanellus vanellus	2025-03-28	SAMEA113398832	WELLCOME SANGER INSTITUTE	EBI	PRJEB40665;PRJEB43510;PRJEB43745;PRJEB73906;PRJEB87634;PRJNA489243;PRJNA533106			no_sra_center
GCA_905147765.2	Vanessa atalanta	2021-09-28	SAMEA7523145	Wellcome Sanger Institute	EBI	PRJEB40665;PRJEB41956;PRJEB42064;PRJEB43510;PRJEB43745;PRJEB71705;PRJNA533106			no_sra_center
GCA_905220365.2	Vanessa cardui	2022-02-02	SAMEA7523147	WELLCOME SANGER INSTITUTE	EBI	PRJEB40665;PRJEB42869;PRJEB42945;PRJEB43510;PRJEB43745;PRJEB71705;PRJNA533106			no_sra_center
GCA_984577545.1	Venerupis corrugata	2026-06-17	SAMEA8724663	WELLCOME SANGER INSTITUTE	EBI	PRJEB113676;PRJEB40665;PRJEB43510;PRJEB43745;PRJEB80989;PRJNA533106			no_sra_center
GCA_964261885.1	Venturia canescens	2024-09-12	SAMEA110451524	WELLCOME SANGER INSTITUTE	EBI	PRJEB40665;PRJEB43510;PRJEB43745;PRJEB61493;PRJEB79835;PRJNA533106			no_sra_center
GCA_951394065.1	Venusia cambrica	2023-05-13	SAMEA112198469	WELLCOME SANGER INSTITUTE	EBI	PRJEB40665;PRJEB43510;PRJEB43745;PRJEB61353;PRJEB62017;PRJEB71705;PRJNA533106			no_sra_center
GCA_964305475.2	Verbascum nigrum	2025-10-14	SAMEA10369787	WELLCOME SANGER INSTITUTE	EBI	PRJEB40665;PRJEB43510;PRJEB43745;PRJEB81035;PRJEB81956;PRJNA533106			no_sra_center
GCA_963669365.1	Verbascum thapsus	2023-12-06	SAMEA10332243	WELLCOME SANGER INSTITUTE	EBI	PRJEB40665;PRJEB43510;PRJEB43745;PRJEB68087;PRJEB69264;PRJNA533106			no_sra_center
GCA_958496215.1	Verbena officinalis	2023-07-18	SAMEA7521929	WELLCOME SANGER INSTITUTE	EBI	PRJEB40665;PRJEB43510;PRJEB43745;PRJEB64064;PRJEB64369;PRJNA533106			no_sra_center
GCA_965198525.1	Veronica anagallis-aquatica	2025-03-13	SAMEA112689512	WELLCOME SANGER INSTITUTE	EBI	PRJEB125134;PRJEB40665;PRJEB43510;PRJEB43745;PRJEB79597;PRJEB80366;PRJEB86811;PRJNA533106			no_sra_center
GCA_964211895.1	Veronica arvensis	2024-08-01	SAMEA14449809	WELLCOME SANGER INSTITUTE	EBI	PRJEB125134;PRJEB40665;PRJEB43510;PRJEB43745;PRJEB78314;PRJEB78534;PRJEB80366;PRJNA533106			no_sra_center
GCA_987196805.1	Veronica filiformis	2026-09-08	SAMEA114214471	WELLCOME SANGER INSTITUTE	EBI	PRJEB115252;PRJEB122764;PRJEB40665;PRJEB43510;PRJEB43745;PRJNA533106			no_sra_center
GCA_988281955.1	Veronica officinalis	2026-09-17	SAMEA110449354	WELLCOME SANGER INSTITUTE	EBI	PRJEB124393;PRJEB125134;PRJEB126828;PRJEB40665;PRJEB43510;PRJEB43745;PRJEB80366;PRJNA533106			no_sra_center
GCA_965211895.1	Veronica persica	2025-03-17	SAMEA110450224	WELLCOME SANGER INSTITUTE	EBI	PRJEB40665;PRJEB43510;PRJEB43745;PRJEB75281;PRJEB86910;PRJNA533106			no_sra_center
GCA_965198585.1	Veronica scutellata	2025-03-13	SAMEA114782739	WELLCOME SANGER INSTITUTE	EBI	PRJEB125134;PRJEB40665;PRJEB43510;PRJEB43745;PRJEB79447;PRJEB80366;PRJEB86813;PRJNA533106			no_sra_center
GCA_964197965.1	Veronica serpyllifolia	2024-07-10	SAMEA10983545	WELLCOME SANGER INSTITUTE	EBI	PRJEB125134;PRJEB40665;PRJEB43510;PRJEB43745;PRJEB76343;PRJEB77364;PRJEB80366;PRJNA533106			no_sra_center
GCA_964188015.1	Veronica triphyllos	2024-06-21	SAMEA113970348	WELLCOME SANGER INSTITUTE	EBI	PRJEB40665;PRJEB43510;PRJEB43745;PRJEB75046;PRJEB76695;PRJNA533106			no_sra_center
GCA_964059225.1	Veronica verna	2024-06-05	SAMEA113970344	WELLCOME SANGER INSTITUTE	EBI	PRJEB40665;PRJEB43510;PRJEB43745;PRJEB74752;PRJEB75948;PRJNA533106			no_sra_center
GCA_910589235.2	Vespa crabro	2022-02-09	SAMEA7520500	WELLCOME SANGER INSTITUTE	EBI	PRJEB40665;PRJEB43510;PRJEB43745;PRJEB45175;PRJEB45335;PRJNA533106			no_sra_center
GCA_963924515.2	Vespertilio murinus	2025-04-09	SAMEA112247422	WELLCOME SANGER INSTITUTE	EBI	PRJEB107229;PRJEB40665;PRJEB43510;PRJEB43745;PRJEB71534;PRJEB72086;PRJNA489243;PRJNA489245;PRJNA533106			no_sra_center
GCA_905340365.1	Vespula germanica	2021-03-25	SAMEA7520501	WELLCOME SANGER INSTITUTE	EBI	PRJEB40665;PRJEB43510;PRJEB43724;PRJEB43741;PRJEB43745;PRJNA533106			no_sra_center
GCA_905475345.1	Vespula vulgaris	2021-04-15	SAMEA7520502	WELLCOME SANGER INSTITUTE	EBI	PRJEB40665;PRJEB43510;PRJEB43745;PRJEB43808;PRJEB44008;PRJNA533106			no_sra_center
GCA_988324265.1	Viburnum lantana	2026-10-04	SAMEA9143074	WELLCOME SANGER INSTITUTE	EBI	PRJEB123986;PRJEB124724;PRJEB40665;PRJEB43510;PRJEB43745;PRJNA533106			no_sra_center
GCA_988323755.1	Vicia benghalensis	2026-10-04	SAMEA121641833	WELLCOME SANGER INSTITUTE	EBI	PRJEB124600;PRJEB125134;PRJEB126001;PRJEB40665;PRJEB43510;PRJEB43745;PRJEB80366;PRJNA533106			no_sra_center
GCA_984806675.1	Vicia hirsuta	2026-06-26	SAMEA111431167	WELLCOME SANGER INSTITUTE	EBI	PRJEB112970;PRJEB114494;PRJEB40665;PRJEB43510;PRJEB43745;PRJNA533106			no_sra_center
GCA_984660255.1	Vicia lathyroides	2026-06-22	SAMEA112691095	WELLCOME SANGER INSTITUTE	EBI	PRJEB113116;PRJEB114286;PRJEB40665;PRJEB43510;PRJEB43745;PRJNA533106			no_sra_center
GCA_988425325.1	Vicia pannonica	2026-10-07	SAMEA121641823	WELLCOME SANGER INSTITUTE	EBI	PRJEB125134;PRJEB125165;PRJEB127933;PRJEB40665;PRJEB43510;PRJEB43745;PRJEB80366;PRJNA533106			no_sra_center
GCA_965231315.1	Vicia parviflora	2025-03-29	SAMEA114563337	WELLCOME SANGER INSTITUTE	EBI	PRJEB40665;PRJEB43510;PRJEB43745;PRJEB80417;PRJEB87638;PRJNA533106			no_sra_center
GCA_964197575.1	Vicia sativa	2024-07-03	SAMEA9143096	WELLCOME SANGER INSTITUTE	EBI	PRJEB125134;PRJEB40665;PRJEB43510;PRJEB43745;PRJEB73930;PRJEB77061;PRJEB80366;PRJNA533106			no_sra_center
GCA_988322845.1	Vicia tetrasperma	2026-10-03	SAMEA118967428	WELLCOME SANGER INSTITUTE	EBI	PRJEB126785;PRJEB127712;PRJEB40665;PRJEB43510;PRJEB43745;PRJNA533106			no_sra_center
GCA_951394055.1	Villa cingulata	2023-05-13	SAMEA14448141	WELLCOME SANGER INSTITUTE	EBI	PRJEB40665;PRJEB43510;PRJEB43745;PRJEB57894;PRJEB62012;PRJNA533106			no_sra_center
GCA_966184235.1	Villa modesta	2025-08-23	SAMEA11025142	WELLCOME SANGER INSTITUTE	EBI	PRJEB40665;PRJEB43510;PRJEB43745;PRJEB71284;PRJEB95848;PRJNA533106			no_sra_center
GCA_978120645.1	Villa occulta	2026-02-14	SAMEA114663941	WELLCOME SANGER INSTITUTE	EBI	PRJEB107160;PRJEB40665;PRJEB43510;PRJEB43745;PRJEB89336;PRJNA533106			no_sra_center
GCA_982935415.1	Vincenzellus ruficollis	2026-05-18	SAMEA114644676	WELLCOME SANGER INSTITUTE	EBI	PRJEB112221;PRJEB40665;PRJEB43510;PRJEB43745;PRJEB84442;PRJNA533106			no_sra_center
GCA_975465575.1	Vinealobryum insulanum	2025-10-26	SAMEA111265888	WELLCOME SANGER INSTITUTE	EBI	PRJEB40665;PRJEB43510;PRJEB43745;PRJEB94740;PRJEB96417;PRJNA533106			no_sra_center
GCA_963691705.1	Viola odorata	2023-12-06	SAMEA9143020	WELLCOME SANGER INSTITUTE	EBI	PRJEB40665;PRJEB43510;PRJEB43745;PRJEB69496;PRJEB70564;PRJNA533106			no_sra_center
GCA_965642405.1	Viola palustris	2025-07-19	SAMEA114215339	WELLCOME SANGER INSTITUTE	EBI	PRJEB125134;PRJEB40665;PRJEB43510;PRJEB43745;PRJEB79599;PRJEB80366;PRJEB93839;PRJNA533106			no_sra_center
GCA_965234175.1	Viola stagnina	2025-04-06	SAMEA114563204	WELLCOME SANGER INSTITUTE	EBI	PRJEB40665;PRJEB43510;PRJEB43745;PRJEB80116;PRJEB87978;PRJNA533106			no_sra_center
GCA_965217365.1	Viola tricolor	2025-03-21	SAMEA9335253	WELLCOME SANGER INSTITUTE	EBI	PRJEB125134;PRJEB40665;PRJEB43510;PRJEB43745;PRJEB80366;PRJEB84091;PRJEB87301;PRJNA533106			no_sra_center
GCA_965217375.1	Viola tricolor	2025-03-21	SAMEA9335253	WELLCOME SANGER INSTITUTE	EBI	PRJEB125134;PRJEB40665;PRJEB43510;PRJEB43745;PRJEB80366;PRJEB84091;PRJEB87300;PRJNA533106			no_sra_center
GCA_964194415.1	Vipera berus	2024-06-28	SAMEA114293681	WELLCOME SANGER INSTITUTE	EBI	PRJEB40665;PRJEB43510;PRJEB43745;PRJEB73681;PRJEB76966;PRJNA489243;PRJNA533106			no_sra_center
GCA_979298335.1	Virgichneumon dumeticola	2026-02-27	SAMEA112232618	WELLCOME SANGER INSTITUTE	EBI	PRJEB107775;PRJEB40665;PRJEB43510;PRJEB43745;PRJEB79830;PRJNA533106			no_sra_center
GCA_988222115.1	Virgichneumon maculicauda	2026-09-09	SAMEA118539953	WELLCOME SANGER INSTITUTE	EBI	PRJEB123388;PRJEB124501;PRJEB40665;PRJEB43510;PRJEB43745;PRJNA533106			no_sra_center
GCA_963277665.1	Viscum album	2023-10-07	SAMEA7522516	WELLCOME SANGER INSTITUTE	EBI	PRJEB40665;PRJEB43510;PRJEB43745;PRJEB47325;PRJEB64804;PRJNA533106			no_sra_center
GCA_984886605.1	Vitis vinifera	2026-06-27	SAMEA114563317	WELLCOME SANGER INSTITUTE	EBI	PRJEB113746;PRJEB114684;PRJEB40665;PRJEB43510;PRJEB43745;PRJNA533106			no_sra_center
GCA_949129095.1	Volucella bombylans	2023-04-08	SAMEA7520691	WELLCOME SANGER INSTITUTE	EBI	PRJEB40665;PRJEB43510;PRJEB43745;PRJEB56091;PRJEB59521;PRJNA533106			no_sra_center
GCA_907269105.1	Volucella inanis	2021-05-19	SAMEA7520171	WELLCOME SANGER INSTITUTE	EBI	PRJEB40665;PRJEB43510;PRJEB43745;PRJEB44951;PRJEB44982;PRJNA533106			no_sra_center
GCA_928272305.1	Volucella inflata	2022-02-01	SAMEA7701275	WELLCOME SANGER INSTITUTE	EBI	PRJEB40665;PRJEB43510;PRJEB43745;PRJEB49040;PRJEB50444;PRJNA533106			no_sra_center
GCA_965234375.1	Volucella pellucens	2025-04-05	SAMEA112963061	WELLCOME SANGER INSTITUTE	EBI	PRJEB40665;PRJEB43510;PRJEB43745;PRJEB86609;PRJEB88040;PRJNA533106			no_sra_center
GCA_965234465.1	Volucella pellucens	2025-04-05	SAMEA112963061	WELLCOME SANGER INSTITUTE	EBI	PRJEB40665;PRJEB43510;PRJEB43745;PRJEB86609;PRJEB88039;PRJNA533106			no_sra_center
GCA_963966105.1	Volucella zonaria	2024-02-11	SAMEA11025132	WELLCOME SANGER INSTITUTE	EBI	PRJEB40665;PRJEB43510;PRJEB43745;PRJEB71657;PRJEB72551;PRJNA533106			no_sra_center
GCA_951802395.1	Volvariella surrecta	2023-05-28	SAMEA110449714	WELLCOME SANGER INSTITUTE	EBI	PRJEB40665;PRJEB43510;PRJEB43745;PRJEB60206;PRJEB62659;PRJNA533106			no_sra_center
GCA_965234825.1	Vulgichneumon bimaculatus	2025-04-06	SAMEA112232748	WELLCOME SANGER INSTITUTE	EBI	PRJEB40665;PRJEB43510;PRJEB43745;PRJEB82738;PRJEB88103;PRJNA533106			no_sra_center
GCA_988425495.1	Vulgichneumon saturatorius	2026-10-07	SAMEA116117424	WELLCOME SANGER INSTITUTE	EBI	PRJEB126576;PRJEB127946;PRJEB40665;PRJEB43510;PRJEB43745;PRJNA533106			no_sra_center
GCA_964106825.2	Vulpes vulpes	2024-06-27	SAMEA113398840	WELLCOME SANGER INSTITUTE	EBI	PRJEB40665;PRJEB43510;PRJEB43745;PRJEB74591;PRJEB75990;PRJNA489243;PRJNA533106			no_sra_center
GCA_964106925.2	Vulpes vulpes	2024-06-27	SAMEA113398840	WELLCOME SANGER INSTITUTE	EBI	PRJEB40665;PRJEB43510;PRJEB43745;PRJEB74591;PRJEB75989;PRJNA489243;PRJNA533106			no_sra_center
GCA_963576615.1	Watersipora subatra	2023-11-03	SAMEA7498434	WELLCOME SANGER INSTITUTE	EBI	PRJEB40665;PRJEB43510;PRJEB43745;PRJEB62167;PRJEB68114;PRJNA533106			no_sra_center
GCA_929442735.1	Watsonalla binaria	2022-02-09	SAMEA7746618	WELLCOME SANGER INSTITUTE	EBI	PRJEB40665;PRJEB43510;PRJEB43745;PRJEB48674;PRJEB50701;PRJEB71705;PRJNA533106			no_sra_center
GCA_964035505.1	Watsonalla cultraria	2024-04-29	SAMEA112775017	WELLCOME SANGER INSTITUTE	EBI	PRJEB40665;PRJEB43510;PRJEB43745;PRJEB71705;PRJEB73407;PRJEB75345;PRJNA533106			no_sra_center
GCA_965649395.1	Winthemia cruentata	2025-07-30	SAMEA115180469	WELLCOME SANGER INSTITUTE	EBI	PRJEB40665;PRJEB43510;PRJEB43745;PRJEB80825;PRJEB94439;PRJNA533106			no_sra_center
GCA_980751385.1	Xanthandrus comtus	2026-02-28	SAMEA115574629	WELLCOME SANGER INSTITUTE	EBI	PRJEB108510;PRJEB40665;PRJEB43510;PRJEB43745;PRJEB97828;PRJNA533106			no_sra_center
GCA_980747435.1	Xanthandrus comtus	2026-02-28	SAMEA115574629	WELLCOME SANGER INSTITUTE	EBI	PRJEB108511;PRJEB40665;PRJEB43510;PRJEB43745;PRJEB97828;PRJNA533106			no_sra_center
GCA_949128155.2	Xanthia icteritia	2023-12-06	SAMEA14448318	WELLCOME SANGER INSTITUTE	EBI	PRJEB40665;PRJEB43510;PRJEB43745;PRJEB58663;PRJEB59504;PRJEB71705;PRJNA533106			no_sra_center
GCA_963853775.1	Xanthia togata	2023-12-12	SAMEA112775040	WELLCOME SANGER INSTITUTE	EBI	PRJEB40665;PRJEB43510;PRJEB43745;PRJEB65392;PRJEB70994;PRJEB71705;PRJNA533106			no_sra_center
GCA_978045125.1	Xantholinus longiventris	2026-02-28	SAMEA8603249	WELLCOME SANGER INSTITUTE	EBI	PRJEB103898;PRJEB106917;PRJEB40665;PRJEB43510;PRJEB43745;PRJNA533106			no_sra_center
GCA_982552355.1	Xanthorhoe biriviata	2026-04-27	SAMEA118260565	WELLCOME SANGER INSTITUTE	EBI	PRJEB105517;PRJEB110670;PRJEB40665;PRJEB43510;PRJEB43745;PRJEB71705;PRJNA533106			no_sra_center
GCA_963582015.1	Xanthorhoe designata	2023-11-05	SAMEA112222336	WELLCOME SANGER INSTITUTE	EBI	PRJEB40665;PRJEB43510;PRJEB43745;PRJEB63491;PRJEB67919;PRJEB71705;PRJNA533106			no_sra_center
GCA_964187945.1	Xanthorhoe montanata	2024-06-21	SAMEA112198382	WELLCOME SANGER INSTITUTE	EBI	PRJEB40665;PRJEB43510;PRJEB43745;PRJEB71705;PRJEB75412;PRJEB76727;PRJNA533106			no_sra_center
GCA_947086425.1	Xanthorhoe spadicearia	2022-10-20	SAMEA10979081	WELLCOME SANGER INSTITUTE	EBI	PRJEB40665;PRJEB43510;PRJEB43745;PRJEB55721;PRJEB56789;PRJEB71705;PRJNA533106			no_sra_center
GCA_963575645.1	Xanthostigma xanthostigma	2023-10-29	SAMEA10167082	WELLCOME SANGER INSTITUTE	EBI	PRJEB40665;PRJEB43510;PRJEB43745;PRJEB66774;PRJEB67825;PRJNA533106			no_sra_center
GCA_986178125.1	Xerophyllum tenax	2026-07-04	SAMEA113970364	WELLCOME SANGER INSTITUTE	EBI	PRJEB112712;PRJEB115243;PRJEB40665;PRJEB43510;PRJEB43745;PRJNA533106			no_sra_center
GCA_950022955.1	Xestia ashworthii	2023-06-27	SAMEA111458702	WELLCOME SANGER INSTITUTE	EBI	PRJEB40665;PRJEB43510;PRJEB43745;PRJEB60829;PRJEB61562;PRJEB71705;PRJNA533106			no_sra_center
GCA_964341265.1	Xestia baja	2024-11-23	SAMEA115574589	WELLCOME SANGER INSTITUTE	EBI	PRJEB40665;PRJEB43510;PRJEB43745;PRJEB71705;PRJEB82147;PRJEB82768;PRJNA533106			no_sra_center
GCA_964341255.1	Xestia baja	2024-11-23	SAMEA115574589	WELLCOME SANGER INSTITUTE	EBI	PRJEB40665;PRJEB43510;PRJEB43745;PRJEB71705;PRJEB82147;PRJEB82769;PRJNA533106			no_sra_center
GCA_916618015.1	Xestia c-nigrum	2021-10-01	SAMEA8239458	WELLCOME SANGER INSTITUTE	EBI	PRJEB40665;PRJEB43510;PRJEB43745;PRJEB46327;PRJEB47753;PRJEB71705;PRJNA533106			no_sra_center
GCA_965113115.1	Xestia castanea	2025-01-24	SAMEA115574579	WELLCOME SANGER INSTITUTE	EBI	PRJEB40665;PRJEB43510;PRJEB43745;PRJEB71705;PRJEB83541;PRJEB84940;PRJNA533106			no_sra_center
GCA_965113175.1	Xestia castanea	2025-01-24	SAMEA115574579	WELLCOME SANGER INSTITUTE	EBI	PRJEB40665;PRJEB43510;PRJEB43745;PRJEB71705;PRJEB83541;PRJEB84941;PRJNA533106			no_sra_center
GCA_963853795.1	Xestia rhomboidea	2023-12-12	SAMEA112964378	WELLCOME SANGER INSTITUTE	EBI	PRJEB40665;PRJEB43510;PRJEB43745;PRJEB70639;PRJEB70996;PRJEB71705;PRJNA533106			no_sra_center
GCA_941918905.2	Xestia sexstrigata	2022-10-08	SAMEA8603196	WELLCOME SANGER INSTITUTE	EBI	PRJEB40665;PRJEB43510;PRJEB43745;PRJEB52020;PRJEB52671;PRJEB71705;PRJNA533106			no_sra_center
GCA_984799285.1	Xestia triangulum	2026-06-26	SAMEA7701437	WELLCOME SANGER INSTITUTE	EBI	PRJEB112457;PRJEB114425;PRJEB40665;PRJEB43510;PRJEB43745;PRJEB71705;PRJNA533106			no_sra_center
GCA_988221745.1	Xestia triangulum	2026-09-04	SAMEA112774842	WELLCOME SANGER INSTITUTE	EBI	PRJEB112457;PRJEB124496;PRJEB40665;PRJEB43510;PRJEB43745;PRJEB71705;PRJNA533106			no_sra_center
GCA_905147715.2	Xestia xanthographa	2021-10-15	SAMEA7520195	Wellcome Sanger Institute	EBI	PRJEB40665;PRJEB41957;PRJEB42066;PRJEB43510;PRJEB43745;PRJEB71705;PRJNA533106			no_sra_center
GCA_963966045.2	Xestobium rufovillosum	2024-06-26	SAMEA113426066	WELLCOME SANGER INSTITUTE	EBI	PRJEB40665;PRJEB43510;PRJEB43745;PRJEB70741;PRJEB72516;PRJNA533106			no_sra_center
GCA_963678675.1	Xiphydria camelus	2023-12-09	SAMEA112232787	WELLCOME SANGER INSTITUTE	EBI	PRJEB40665;PRJEB43510;PRJEB43745;PRJEB64953;PRJEB70250;PRJNA533106			no_sra_center
GCA_984574085.1	Xylena solidaginis	2026-05-31	SAMEA118559658	WELLCOME SANGER INSTITUTE	EBI	PRJEB112730;PRJEB113598;PRJEB40665;PRJEB43510;PRJEB43745;PRJEB71705;PRJNA533106			no_sra_center
GCA_965275965.1	Xylena vetusta	2025-05-02	SAMEA115574758	WELLCOME SANGER INSTITUTE	EBI	PRJEB40665;PRJEB43510;PRJEB43745;PRJEB71705;PRJEB88358;PRJEB89061;PRJNA533106			no_sra_center
GCA_935421205.1	Xylocampa areola	2022-04-28	SAMEA9359445	WELLCOME SANGER INSTITUTE	EBI	PRJEB40665;PRJEB43510;PRJEB43745;PRJEB50748;PRJEB51929;PRJEB71705;PRJNA533106			no_sra_center
GCA_963422695.1	Xylophagus ater	2023-09-13	SAMEA110451608	WELLCOME SANGER INSTITUTE	EBI	PRJEB40665;PRJEB43510;PRJEB43745;PRJEB57318;PRJEB65813;PRJNA533106			no_sra_center
GCA_963583995.1	Xylota segnis	2023-11-05	SAMEA10167071	WELLCOME SANGER INSTITUTE	EBI	PRJEB40665;PRJEB43510;PRJEB43745;PRJEB63487;PRJEB68168;PRJNA533106			no_sra_center
GCA_905220385.1	Xylota sylvarum	2021-02-16	SAMEA7520173	WELLCOME SANGER INSTITUTE	EBI	PRJEB40665;PRJEB42874;PRJEB42947;PRJEB43510;PRJEB43745;PRJNA533106			no_sra_center
GCA_965200055.1	Xyphosia miliaria	2025-03-14	SAMEA112964123	WELLCOME SANGER INSTITUTE	EBI	PRJEB40665;PRJEB43510;PRJEB43745;PRJEB85366;PRJEB86868;PRJNA533106			no_sra_center
GCA_965200985.1	Xyphosia miliaria	2025-03-14	SAMEA112964123	WELLCOME SANGER INSTITUTE	EBI	PRJEB40665;PRJEB43510;PRJEB43745;PRJEB85366;PRJEB86869;PRJNA533106			no_sra_center
GCA_965642565.1	Xysticus acerbus	2025-07-19	SAMEA113425432	WELLCOME SANGER INSTITUTE	EBI	PRJEB40665;PRJEB43510;PRJEB43745;PRJEB73940;PRJEB93857;PRJNA533106			no_sra_center
GCA_947310995.1	Yponomeuta cagnagella	2022-11-29	SAMEA10167104	WELLCOME SANGER INSTITUTE	EBI	PRJEB40665;PRJEB43510;PRJEB43745;PRJEB56261;PRJEB57344;PRJEB71705;PRJNA533106			no_sra_center
GCA_947311075.1	Yponomeuta cagnagella	2022-11-29	SAMEA110056975	WELLCOME SANGER INSTITUTE	EBI	PRJEB40665;PRJEB43510;PRJEB43745;PRJEB56261;PRJEB56621;PRJEB57376;PRJEB71705;PRJNA533106			no_sra_center
GCA_963969515.1	Yponomeuta evonymella	2024-02-26	SAMEA7701507	WELLCOME SANGER INSTITUTE	EBI	PRJEB40665;PRJEB43510;PRJEB43745;PRJEB67425;PRJEB71705;PRJEB73305;PRJNA533106			no_sra_center
GCA_947308005.1	Yponomeuta malinellus	2022-11-29	SAMEA110056973	WELLCOME SANGER INSTITUTE	EBI	PRJEB40665;PRJEB43510;PRJEB43745;PRJEB56619;PRJEB57345;PRJEB71705;PRJNA533106			no_sra_center
GCA_947310845.1	Yponomeuta plumbellus	2022-11-29	SAMEA7746626	WELLCOME SANGER INSTITUTE	EBI	PRJEB40665;PRJEB43510;PRJEB43745;PRJEB55978;PRJEB57380;PRJEB71705;PRJNA533106			no_sra_center
GCA_934045075.1	Yponomeuta sedellus	2022-03-27	SAMEA7746622	WELLCOME SANGER INSTITUTE	EBI	PRJEB40665;PRJEB43510;PRJEB43745;PRJEB50749;PRJEB51794;PRJEB71705;PRJNA533106			no_sra_center
GCA_987272835.1	Ypsolopha asperella	2026-09-02	SAMEA120504594	WELLCOME SANGER INSTITUTE	EBI	PRJEB122657;PRJEB123358;PRJEB40665;PRJEB43510;PRJEB43745;PRJEB71705;PRJNA533106			no_sra_center
GCA_977015205.1	Ypsolopha dentella	2025-11-08	SAMEA117575394	WELLCOME SANGER INSTITUTE	EBI	PRJEB101765;PRJEB40665;PRJEB43510;PRJEB43745;PRJEB71705;PRJEB98534;PRJNA533106			no_sra_center
GCA_986885495.1	Ypsolopha horridella	2026-08-28	SAMEA118559328	WELLCOME SANGER INSTITUTE	EBI	PRJEB113390;PRJEB121021;PRJEB40665;PRJEB43510;PRJEB43745;PRJEB71705;PRJNA533106			no_sra_center
GCA_910592155.1	Ypsolopha scabrella	2021-07-07	SAMEA7701504	WELLCOME SANGER INSTITUTE	EBI	PRJEB40665;PRJEB43510;PRJEB43745;PRJEB45184;PRJEB45691;PRJEB71705;PRJNA533106			no_sra_center
GCA_934047225.1	Ypsolopha sequella	2022-03-27	SAMEA7519929	WELLCOME SANGER INSTITUTE	EBI	PRJEB40665;PRJEB43510;PRJEB43745;PRJEB50740;PRJEB51790;PRJEB71705;PRJNA533106			no_sra_center
GCA_978897515.1	Ypsolopha sylvella	2026-02-15	SAMEA118768382	WELLCOME SANGER INSTITUTE	EBI	PRJEB106019;PRJEB107769;PRJEB40665;PRJEB43510;PRJEB43745;PRJEB71705;PRJNA533106			no_sra_center
GCA_986606625.1	Zaglyptus varipes	2026-08-28	SAMEA116117211	WELLCOME SANGER INSTITUTE	EBI	PRJEB112734;PRJEB120771;PRJEB40665;PRJEB43510;PRJEB43745;PRJNA533106			no_sra_center
GCA_977013185.1	Zeiraphera griseana	2025-11-07	SAMEA116117366	WELLCOME SANGER INSTITUTE	EBI	PRJEB100654;PRJEB40665;PRJEB43510;PRJEB43745;PRJEB71705;PRJEB96570;PRJNA533106			no_sra_center
GCA_958496275.1	Zele albiditarsus	2023-07-17	SAMEA112232614	WELLCOME SANGER INSTITUTE	EBI	PRJEB40665;PRJEB43510;PRJEB43745;PRJEB62734;PRJEB64372;PRJNA533106			no_sra_center
GCA_977089975.1	Zele chlorophthalmus	2025-12-06	SAMEA114805635	WELLCOME SANGER INSTITUTE	EBI	PRJEB100907;PRJEB104435;PRJEB40665;PRJEB43510;PRJEB43745;PRJNA533106			no_sra_center
GCA_949319315.1	Zelleria hepariella	2023-04-08	SAMEA7746627	WELLCOME SANGER INSTITUTE	EBI	PRJEB40665;PRJEB43510;PRJEB43745;PRJEB59962;PRJEB60247;PRJEB71705;PRJNA533106			no_sra_center
GCA_960531495.2	Zeus faber	2026-07-04	SAMEA111562156	WELLCOME SANGER INSTITUTE	EBI	PRJEB40665;PRJEB43510;PRJEB43745;PRJEB63619;PRJEB64533;PRJNA489243;PRJNA533106			no_sra_center
GCA_907165235.1	Zeuzera pyrina	2021-05-17	SAMEA7701286	WELLCOME SANGER INSTITUTE	EBI	PRJEB40665;PRJEB43510;PRJEB43745;PRJEB44632;PRJEB44835;PRJEB71705;PRJNA533106			no_sra_center
GCA_963506605.1	Zootoca vivipara	2023-09-20	SAMEA111528662	WELLCOME SANGER INSTITUTE	EBI	PRJEB107229;PRJEB40665;PRJEB43510;PRJEB43745;PRJEB65185;PRJEB66180;PRJNA489243;PRJNA533106			no_sra_center
GCA_965207765.1	Zootoca vivipara	2025-03-15	SAMEA111528663	WELLCOME SANGER INSTITUTE	EBI	PRJEB107229;PRJEB40665;PRJEB43510;PRJEB43745;PRJEB65185;PRJEB86928;PRJNA489243;PRJNA533106			no_sra_center
GCA_965208345.1	Zootoca vivipara	2025-03-15	SAMEA111528663	WELLCOME SANGER INSTITUTE	EBI	PRJEB107229;PRJEB40665;PRJEB43510;PRJEB43745;PRJEB65185;PRJEB86929;PRJNA489243;PRJNA533106			no_sra_center
GCA_965642535.1	Zoropsis spinimana	2025-07-19	SAMEA8534350	WELLCOME SANGER INSTITUTE	EBI	PRJEB40665;PRJEB43510;PRJEB43745;PRJEB78927;PRJEB93858;PRJNA533106			no_sra_center
GCA_965642525.1	Zoropsis spinimana	2025-07-19	SAMEA8534350	WELLCOME SANGER INSTITUTE	EBI	PRJEB40665;PRJEB43510;PRJEB43745;PRJEB78927;PRJEB93859;PRJNA533106			no_sra_center
GCA_988425275.1	Zostera noltei	2026-10-07	SAMEA13853897	WELLCOME SANGER INSTITUTE	EBI	PRJEB127072;PRJEB127949;PRJEB40665;PRJEB43510;PRJEB43745;PRJNA533106			no_sra_center
GCA_907165275.2	Zygaena filipendulae	2021-11-18	SAMEA7519846	WELLCOME SANGER INSTITUTE	EBI	PRJEB40665;PRJEB43510;PRJEB43745;PRJEB44634;PRJEB44832;PRJEB71705;PRJNA533106			no_sra_center
GCA_974117415.1	Zygodon viridissimus	2025-10-10	SAMEA7688704	WELLCOME SANGER INSTITUTE	EBI	PRJEB40665;PRJEB43510;PRJEB43745;PRJEB95075;PRJEB96424;PRJNA533106			no_sra_center
